2026-03-31 23:11:13,379 [main] INFO  [com.tduck.cloud.api.TduckApiApplication] StartupInfoLogger.java:55 - Starting TduckApiApplication using Java 1.8.0_281 on YXian with PID 37048 (D:\Code\myProject\wenjuan\tduck-platform\tduck-platform\tduck-api\target\classes started by 24300 in D:\Code\myProject\wenjuan\tduck-platform\tduck-platform\tduck-api)
2026-03-31 23:11:13,382 [main] DEBUG [com.tduck.cloud.api.TduckApiApplication] StartupInfoLogger.java:56 - Running with Spring Boot v2.7.8, Spring v5.3.25
2026-03-31 23:11:13,382 [main] INFO  [com.tduck.cloud.api.TduckApiApplication] SpringApplication.java:637 - The following 1 profile is active: "dev"
2026-03-31 23:11:13,387 [background-preinit] INFO  [org.hibernate.validator.internal.util.Version] Version.java:21 - HV000001: Hibernate Validator 6.2.5.Final
2026-03-31 23:11:14,616 [main] INFO  [o.s.d.r.config.RepositoryConfigurationDelegate] RepositoryConfigurationDelegate.java:132 - Bootstrapping Spring Data MongoDB repositories in DEFAULT mode.
2026-03-31 23:11:14,659 [main] INFO  [o.s.d.r.config.RepositoryConfigurationDelegate] RepositoryConfigurationDelegate.java:201 - Finished Spring Data repository scanning in 34 ms. Found 0 MongoDB repository interfaces.
2026-03-31 23:11:16,117 [main] INFO  [o.s.boot.web.embedded.tomcat.TomcatWebServer] TomcatWebServer.java:108 - Tomcat initialized with port(s): 8999 (http)
2026-03-31 23:11:16,139 [main] INFO  [org.apache.coyote.http11.Http11NioProtocol] DirectJDKLog.java:173 - Initializing ProtocolHandler ["http-nio-8999"]
2026-03-31 23:11:16,142 [main] INFO  [org.apache.catalina.core.StandardService] DirectJDKLog.java:173 - Starting service [Tomcat]
2026-03-31 23:11:16,143 [main] INFO  [org.apache.catalina.core.StandardEngine] DirectJDKLog.java:173 - Starting Servlet engine: [Apache Tomcat/9.0.71]
2026-03-31 23:11:16,751 [main] INFO  [o.a.c.core.ContainerBase.[Tomcat].[localhost].[/]] DirectJDKLog.java:173 - Initializing Spring embedded WebApplicationContext
2026-03-31 23:11:16,752 [main] INFO  [o.s.b.w.s.c.ServletWebServerApplicationContext] ServletWebServerApplicationContext.java:292 - Root WebApplicationContext: initialization completed in 3319 ms
2026-03-31 23:11:19,548 [main] WARN  [net.sf.ehcache.config.CacheConfiguration] CacheConfiguration.java:868 - Cache 'eternal_cache' is set to eternal but also has TTI/TTL set.  To avoid this warning, clean up the config removing conflicting values of eternal, TTI and TTL. Effective configuration for Cache 'eternal_cache' will be eternal='true', timeToIdleSeconds='0', timeToLiveSeconds='0'.
2026-03-31 23:11:19,839 [main] WARN  [net.sf.ehcache.DiskStorePathManager] DiskStorePathManager.java:162 - diskStorePath 'C:\Users\24300\AppData\Local\Temp' is already used by an existing CacheManager either in the same VM or in a different process.
The diskStore path for this CacheManager will be set to C:\Users\24300\AppData\Local\Temp\ehcache_auto_created361150246211510735diskstore.
To avoid this warning consider using the CacheManager factory methods to create a singleton CacheManager or specifying a separate ehcache configuration (ehcache.xml) for each CacheManager instance.
2026-03-31 23:11:19,840 [main] WARN  [net.sf.ehcache.store.disk.DiskStorageFactory] DiskStorageFactory.java:134 - Data in persistent disk stores is ignored for stores from automatically created directories.
Remove diskPersistent or resolve the conflicting disk paths in cache configuration.
Deleting data file C:\Users\24300\AppData\Local\Temp\ehcache_auto_created361150246211510735diskstore\eternal_cache.data
2026-03-31 23:11:21,240 [main] INFO  [com.zaxxer.hikari.HikariDataSource] HikariDataSource.java:110 - DatebookHikariCP - Starting...
2026-03-31 23:11:21,544 [main] INFO  [com.zaxxer.hikari.HikariDataSource] HikariDataSource.java:123 - DatebookHikariCP - Start completed.
2026-03-31 23:11:21,555 [main] DEBUG [c.t.c.e.mapper.SysEnvConfigMapper.selectList] BaseJdbcLogger.java:137 - ==>  Preparing: SELECT id,env_key,env_value,create_time,update_time FROM sys_env_config
2026-03-31 23:11:21,584 [main] DEBUG [c.t.c.e.mapper.SysEnvConfigMapper.selectList] BaseJdbcLogger.java:137 - ==> Parameters: 
2026-03-31 23:11:21,667 [main] DEBUG [c.t.c.e.mapper.SysEnvConfigMapper.selectList] BaseJdbcLogger.java:137 - <==      Total: 2
2026-03-31 23:11:21,819 [main] DEBUG [c.t.c.e.mapper.SysEnvConfigMapper.selectList] BaseJdbcLogger.java:137 - ==>  Preparing: SELECT id,env_key,env_value,create_time,update_time FROM sys_env_config WHERE (env_key = ?)
2026-03-31 23:11:21,820 [main] DEBUG [c.t.c.e.mapper.SysEnvConfigMapper.selectList] BaseJdbcLogger.java:137 - ==> Parameters: wxMpEnvConfig(String)
2026-03-31 23:11:21,824 [main] DEBUG [c.t.c.e.mapper.SysEnvConfigMapper.selectList] BaseJdbcLogger.java:137 - <==      Total: 0
2026-03-31 23:11:22,346 [main] INFO  [c.a.c.config.AjCaptchaServiceAutoConfiguration] AjCaptchaServiceAutoConfiguration.java:33 - 自定义配置项：
AjCaptchaProperties{type=DEFAULT, jigsaw='', picClick='', waterMark='tduck', waterFont='WenQuanZhengHei.ttf', fontType='WenQuanZhengHei.ttf', slipOffset='5', aesStatus=true, interferenceOptions='0', cacheNumber='1000', timingClear='180', cacheType=local, reqFrequencyLimitEnable=false, reqGetLockLimit=5, reqGetLockSeconds=300, reqGetMinuteLimit=100, reqCheckMinuteLimit=100, reqVerifyMinuteLimit=100}
2026-03-31 23:11:22,351 [main] INFO  [c.anji.captcha.service.impl.CaptchaServiceFactory] CaptchaServiceFactory.java:52 - supported-captchaCache-service:[local]
2026-03-31 23:11:22,363 [main] INFO  [c.anji.captcha.service.impl.CaptchaServiceFactory] CaptchaServiceFactory.java:58 - supported-captchaTypes-service:[clickWord, default, blockPuzzle]
2026-03-31 23:11:22,408 [main] INFO  [com.anji.captcha.util.ImageUtils] ImageUtils.java:48 - 初始化底图:[SLIDING_BLOCK=[Ljava.lang.String;@30036a18, ORIGINAL=[Ljava.lang.String;@537b3b2e, PIC_CLICK=[Ljava.lang.String;@1544ded3]
2026-03-31 23:11:22,408 [main] INFO  [c.a.c.service.impl.ClickWordCaptchaServiceImpl] AbstractCaptchaService.java:76 - --->>>初始化验证码底图<<<---clickWord
2026-03-31 23:11:22,591 [main] INFO  [c.a.c.service.impl.ClickWordCaptchaServiceImpl] AbstractCaptchaService.java:92 - 初始化local缓存...
2026-03-31 23:11:22,718 [main] INFO  [com.anji.captcha.util.ImageUtils] ImageUtils.java:48 - 初始化底图:[SLIDING_BLOCK=[Ljava.lang.String;@d6b532f, ORIGINAL=[Ljava.lang.String;@2f4d01b6, PIC_CLICK=[Ljava.lang.String;@112c2930]
2026-03-31 23:11:22,718 [main] INFO  [c.a.c.service.impl.BlockPuzzleCaptchaServiceImpl] AbstractCaptchaService.java:76 - --->>>初始化验证码底图<<<---blockPuzzle
2026-03-31 23:11:22,823 [main] INFO  [c.a.c.service.impl.BlockPuzzleCaptchaServiceImpl] AbstractCaptchaService.java:92 - 初始化local缓存...
2026-03-31 23:11:23,146 [main] INFO  [com.tduck.cloud.api.config.JacksonConfig] JacksonConfig.java:45 - 初始化 jackson 配置
2026-03-31 23:11:23,430 [main] INFO  [com.tduck.cloud.storage.cloud.OssStorageFactory] OssStorageFactory.java:67 - 使用配置的上传路径: F:/wechat/success/wenjuan/wenjuan/images
2026-03-31 23:11:23,430 [main] ERROR [com.tduck.cloud.storage.cloud.OssStorageFactory] OssStorageFactory.java:78 - 无法创建上传目录: F:\wechat\success\wenjuan\wenjuan\images
2026-03-31 23:11:23,432 [main] ERROR [com.tduck.cloud.storage.cloud.OssStorageFactory] OssStorageFactory.java:94 - 更新存储配置失败:null
2026-03-31 23:11:23,432 [main] INFO  [com.tduck.cloud.api.config.WebMvcConfig] WebMvcConfig.java:67 - 使用配置的上传路径: F:/wechat/success/wenjuan/wenjuan/images
2026-03-31 23:11:23,433 [main] ERROR [com.tduck.cloud.api.config.WebMvcConfig] WebMvcConfig.java:77 - 无法创建上传目录: F:\wechat\success\wenjuan\wenjuan\images
2026-03-31 23:11:23,435 [main] INFO  [com.tduck.cloud.api.config.WebMvcConfig] WebMvcConfig.java:83 - 添加资源处理器: pattern=/images/**, location=file:F:/wechat/success/wenjuan/wenjuan/images\
2026-03-31 23:11:24,533 [main] WARN  [o.s.b.a.t.ThymeleafAutoConfiguration$DefaultTemplateResolverConfiguration] ThymeleafAutoConfiguration.java:103 - Cannot find template location: classpath:/templates/ (please add some templates, check your Thymeleaf configuration, or set spring.thymeleaf.check-template-location=false)
2026-03-31 23:11:24,710 [main] INFO  [org.apache.coyote.http11.Http11NioProtocol] DirectJDKLog.java:173 - Starting ProtocolHandler ["http-nio-8999"]
2026-03-31 23:11:24,718 [main] WARN  [o.s.b.w.s.c.AnnotationConfigServletWebServerApplicationContext] AbstractApplicationContext.java:591 - Exception encountered during context initialization - cancelling refresh attempt: org.springframework.context.ApplicationContextException: Failed to start bean 'webServerStartStop'; nested exception is org.springframework.boot.web.server.PortInUseException: Port 8999 is already in use
2026-03-31 23:11:25,249 [main] INFO  [com.zaxxer.hikari.HikariDataSource] HikariDataSource.java:350 - DatebookHikariCP - Shutdown initiated...
2026-03-31 23:11:25,258 [main] INFO  [com.zaxxer.hikari.HikariDataSource] HikariDataSource.java:352 - DatebookHikariCP - Shutdown completed.
2026-03-31 23:11:25,260 [main] INFO  [org.apache.coyote.http11.Http11NioProtocol] DirectJDKLog.java:173 - Pausing ProtocolHandler ["http-nio-8999"]
2026-03-31 23:11:25,261 [main] INFO  [org.apache.catalina.core.StandardService] DirectJDKLog.java:173 - Stopping service [Tomcat]
2026-03-31 23:11:25,266 [main] INFO  [org.apache.coyote.http11.Http11NioProtocol] DirectJDKLog.java:173 - Stopping ProtocolHandler ["http-nio-8999"]
2026-03-31 23:11:25,267 [main] INFO  [org.apache.coyote.http11.Http11NioProtocol] DirectJDKLog.java:173 - Destroying ProtocolHandler ["http-nio-8999"]
2026-03-31 23:11:25,276 [main] INFO  [o.s.b.a.l.ConditionEvaluationReportLoggingListener] ConditionEvaluationReportLoggingListener.java:136 - 

Error starting ApplicationContext. To display the conditions report re-run your application with 'debug' enabled.
2026-03-31 23:11:25,295 [main] ERROR [o.s.b.diagnostics.LoggingFailureAnalysisReporter] LoggingFailureAnalysisReporter.java:40 - 

***************************
APPLICATION FAILED TO START
***************************

Description:

Web server failed to start. Port 8999 was already in use.

Action:

Identify and stop the process that's listening on port 8999 or configure this application to listen on another port.

2026-03-31 23:15:02,429 [main] INFO  [com.tduck.cloud.api.TduckApiApplication] StartupInfoLogger.java:55 - Starting TduckApiApplication using Java 1.8.0_281 on YXian with PID 31772 (D:\Code\myProject\wenjuan\tduck-platform\tduck-platform\tduck-api\target\tduck-api.jar started by 24300 in D:\Code\myProject\wenjuan\tduck-platform\tduck-platform\tduck-api)
2026-03-31 23:15:02,433 [main] DEBUG [com.tduck.cloud.api.TduckApiApplication] StartupInfoLogger.java:56 - Running with Spring Boot v2.7.8, Spring v5.3.25
2026-03-31 23:15:02,433 [background-preinit] INFO  [org.hibernate.validator.internal.util.Version] Version.java:21 - HV000001: Hibernate Validator 6.2.5.Final
2026-03-31 23:15:02,433 [main] INFO  [com.tduck.cloud.api.TduckApiApplication] SpringApplication.java:637 - The following 1 profile is active: "dev"
2026-03-31 23:15:03,377 [main] INFO  [o.s.d.r.config.RepositoryConfigurationDelegate] RepositoryConfigurationDelegate.java:132 - Bootstrapping Spring Data MongoDB repositories in DEFAULT mode.
2026-03-31 23:15:03,389 [main] INFO  [o.s.d.r.config.RepositoryConfigurationDelegate] RepositoryConfigurationDelegate.java:201 - Finished Spring Data repository scanning in 8 ms. Found 0 MongoDB repository interfaces.
2026-03-31 23:15:04,796 [main] INFO  [o.s.boot.web.embedded.tomcat.TomcatWebServer] TomcatWebServer.java:108 - Tomcat initialized with port(s): 8999 (http)
2026-03-31 23:15:04,809 [main] INFO  [org.apache.coyote.http11.Http11NioProtocol] DirectJDKLog.java:173 - Initializing ProtocolHandler ["http-nio-8999"]
2026-03-31 23:15:04,809 [main] INFO  [org.apache.catalina.core.StandardService] DirectJDKLog.java:173 - Starting service [Tomcat]
2026-03-31 23:15:04,810 [main] INFO  [org.apache.catalina.core.StandardEngine] DirectJDKLog.java:173 - Starting Servlet engine: [Apache Tomcat/9.0.71]
2026-03-31 23:15:04,971 [main] INFO  [o.a.c.core.ContainerBase.[Tomcat].[localhost].[/]] DirectJDKLog.java:173 - Initializing Spring embedded WebApplicationContext
2026-03-31 23:15:04,971 [main] INFO  [o.s.b.w.s.c.ServletWebServerApplicationContext] ServletWebServerApplicationContext.java:292 - Root WebApplicationContext: initialization completed in 2485 ms
2026-03-31 23:15:06,871 [main] WARN  [net.sf.ehcache.config.CacheConfiguration] CacheConfiguration.java:868 - Cache 'eternal_cache' is set to eternal but also has TTI/TTL set.  To avoid this warning, clean up the config removing conflicting values of eternal, TTI and TTL. Effective configuration for Cache 'eternal_cache' will be eternal='true', timeToIdleSeconds='0', timeToLiveSeconds='0'.
2026-03-31 23:15:07,975 [main] INFO  [com.zaxxer.hikari.HikariDataSource] HikariDataSource.java:110 - DatebookHikariCP - Starting...
2026-03-31 23:15:08,166 [main] INFO  [com.zaxxer.hikari.HikariDataSource] HikariDataSource.java:123 - DatebookHikariCP - Start completed.
2026-03-31 23:15:08,173 [main] DEBUG [c.t.c.e.mapper.SysEnvConfigMapper.selectList] BaseJdbcLogger.java:137 - ==>  Preparing: SELECT id,env_key,env_value,create_time,update_time FROM sys_env_config
2026-03-31 23:15:08,186 [main] DEBUG [c.t.c.e.mapper.SysEnvConfigMapper.selectList] BaseJdbcLogger.java:137 - ==> Parameters: 
2026-03-31 23:15:08,220 [main] DEBUG [c.t.c.e.mapper.SysEnvConfigMapper.selectList] BaseJdbcLogger.java:137 - <==      Total: 2
2026-03-31 23:15:08,290 [main] DEBUG [c.t.c.e.mapper.SysEnvConfigMapper.selectList] BaseJdbcLogger.java:137 - ==>  Preparing: SELECT id,env_key,env_value,create_time,update_time FROM sys_env_config WHERE (env_key = ?)
2026-03-31 23:15:08,291 [main] DEBUG [c.t.c.e.mapper.SysEnvConfigMapper.selectList] BaseJdbcLogger.java:137 - ==> Parameters: wxMpEnvConfig(String)
2026-03-31 23:15:08,293 [main] DEBUG [c.t.c.e.mapper.SysEnvConfigMapper.selectList] BaseJdbcLogger.java:137 - <==      Total: 0
2026-03-31 23:15:08,574 [main] INFO  [c.a.c.config.AjCaptchaServiceAutoConfiguration] AjCaptchaServiceAutoConfiguration.java:33 - 自定义配置项：
AjCaptchaProperties{type=DEFAULT, jigsaw='', picClick='', waterMark='tduck', waterFont='WenQuanZhengHei.ttf', fontType='WenQuanZhengHei.ttf', slipOffset='5', aesStatus=true, interferenceOptions='0', cacheNumber='1000', timingClear='180', cacheType=local, reqFrequencyLimitEnable=false, reqGetLockLimit=5, reqGetLockSeconds=300, reqGetMinuteLimit=100, reqCheckMinuteLimit=100, reqVerifyMinuteLimit=100}
2026-03-31 23:15:08,578 [main] INFO  [c.anji.captcha.service.impl.CaptchaServiceFactory] CaptchaServiceFactory.java:52 - supported-captchaCache-service:[local]
2026-03-31 23:15:08,585 [main] INFO  [c.anji.captcha.service.impl.CaptchaServiceFactory] CaptchaServiceFactory.java:58 - supported-captchaTypes-service:[clickWord, default, blockPuzzle]
2026-03-31 23:15:08,614 [main] INFO  [com.anji.captcha.util.ImageUtils] ImageUtils.java:48 - 初始化底图:[SLIDING_BLOCK=[Ljava.lang.String;@265adfad, ORIGINAL=[Ljava.lang.String;@a3d9978, PIC_CLICK=[Ljava.lang.String;@61544ae6]
2026-03-31 23:15:08,615 [main] INFO  [c.a.c.service.impl.ClickWordCaptchaServiceImpl] AbstractCaptchaService.java:76 - --->>>初始化验证码底图<<<---clickWord
2026-03-31 23:15:08,755 [main] INFO  [c.a.c.service.impl.ClickWordCaptchaServiceImpl] AbstractCaptchaService.java:92 - 初始化local缓存...
2026-03-31 23:15:08,848 [main] INFO  [com.anji.captcha.util.ImageUtils] ImageUtils.java:48 - 初始化底图:[SLIDING_BLOCK=[Ljava.lang.String;@1c33c17b, ORIGINAL=[Ljava.lang.String;@5bf0fe62, PIC_CLICK=[Ljava.lang.String;@1e097d59]
2026-03-31 23:15:08,849 [main] INFO  [c.a.c.service.impl.BlockPuzzleCaptchaServiceImpl] AbstractCaptchaService.java:76 - --->>>初始化验证码底图<<<---blockPuzzle
2026-03-31 23:15:08,935 [main] INFO  [c.a.c.service.impl.BlockPuzzleCaptchaServiceImpl] AbstractCaptchaService.java:92 - 初始化local缓存...
2026-03-31 23:15:09,295 [main] INFO  [com.tduck.cloud.api.config.JacksonConfig] JacksonConfig.java:45 - 初始化 jackson 配置
2026-03-31 23:15:09,596 [main] INFO  [com.tduck.cloud.storage.cloud.OssStorageFactory] OssStorageFactory.java:67 - 使用配置的上传路径: F:/wechat/success/wenjuan/wenjuan/images
2026-03-31 23:15:09,597 [main] ERROR [com.tduck.cloud.storage.cloud.OssStorageFactory] OssStorageFactory.java:78 - 无法创建上传目录: F:\wechat\success\wenjuan\wenjuan\images
2026-03-31 23:15:09,601 [main] ERROR [com.tduck.cloud.storage.cloud.OssStorageFactory] OssStorageFactory.java:94 - 更新存储配置失败:null
2026-03-31 23:15:09,602 [main] INFO  [com.tduck.cloud.api.config.WebMvcConfig] WebMvcConfig.java:67 - 使用配置的上传路径: F:/wechat/success/wenjuan/wenjuan/images
2026-03-31 23:15:09,602 [main] ERROR [com.tduck.cloud.api.config.WebMvcConfig] WebMvcConfig.java:77 - 无法创建上传目录: F:\wechat\success\wenjuan\wenjuan\images
2026-03-31 23:15:09,612 [main] INFO  [com.tduck.cloud.api.config.WebMvcConfig] WebMvcConfig.java:83 - 添加资源处理器: pattern=/images/**, location=file:F:/wechat/success/wenjuan/wenjuan/images\
2026-03-31 23:15:10,582 [main] INFO  [org.apache.coyote.http11.Http11NioProtocol] DirectJDKLog.java:173 - Starting ProtocolHandler ["http-nio-8999"]
2026-03-31 23:15:10,611 [main] INFO  [o.s.boot.web.embedded.tomcat.TomcatWebServer] TomcatWebServer.java:220 - Tomcat started on port(s): 8999 (http) with context path ''
2026-03-31 23:15:10,623 [main] INFO  [com.tduck.cloud.api.TduckApiApplication] StartupInfoLogger.java:61 - Started TduckApiApplication in 8.776 seconds (JVM running for 9.61)
2026-03-31 23:21:00,443 [http-nio-8999-exec-5] INFO  [org.apache.tomcat.util.http.parser.Cookie] DirectJDKLog.java:173 - A cookie header was received [Hm_lvt_4dbdbc5421c41984499f878628d60f2f=1774948257,1774968090,1774968624;] that contained an invalid cookie. That cookie will be ignored.
 Note: further occurrences of this error will be logged at DEBUG level.
2026-03-31 23:21:00,443 [http-nio-8999-exec-1] INFO  [org.apache.tomcat.util.http.parser.Cookie] DirectJDKLog.java:173 - A cookie header was received [Hm_lvt_4dbdbc5421c41984499f878628d60f2f=1774948257,1774968090,1774968624;] that contained an invalid cookie. That cookie will be ignored.
 Note: further occurrences of this error will be logged at DEBUG level.
2026-03-31 23:21:00,457 [http-nio-8999-exec-1] INFO  [o.a.c.core.ContainerBase.[Tomcat].[localhost].[/]] DirectJDKLog.java:173 - Initializing Spring DispatcherServlet 'dispatcherServlet'
2026-03-31 23:21:00,457 [http-nio-8999-exec-1] INFO  [org.springframework.web.servlet.DispatcherServlet] FrameworkServlet.java:525 - Initializing Servlet 'dispatcherServlet'
2026-03-31 23:21:00,460 [http-nio-8999-exec-1] INFO  [org.springframework.web.servlet.DispatcherServlet] FrameworkServlet.java:547 - Completed initialization in 3 ms
2026-03-31 23:21:01,330 [http-nio-8999-exec-1] DEBUG [c.t.c.account.mapper.UserTokenMapper.selectList] BaseJdbcLogger.java:137 - ==>  Preparing: SELECT id,type,user_id,expire_time,token,create_time,update_time FROM ac_user_token WHERE (token = ?)
2026-03-31 23:21:01,330 [http-nio-8999-exec-1] DEBUG [c.t.c.account.mapper.UserTokenMapper.selectList] BaseJdbcLogger.java:137 - ==> Parameters: eyJ0eXAiOiJKV1QiLCJhbGciOiJIUzUxMiJ9.eyJzdWIiOiIxIiwiaWF0IjoxNzc0OTYzNDkyLCJleHAiOjE3NzU1NjgyOTJ9.IWgZyEiClczDIAISkafos6_bHWL9INC0zng1Gbxw6g0v1NrTSVscnAgFockR3gck3ooFt6UMrLAIuLQmkz5-vQ(String)
2026-03-31 23:21:01,337 [http-nio-8999-exec-1] DEBUG [c.t.c.account.mapper.UserTokenMapper.selectList] BaseJdbcLogger.java:137 - <==      Total: 0
2026-03-31 23:21:01,345 [http-nio-8999-exec-1] ERROR [com.tduck.cloud.api.exception.BaseExceptionHandler] BaseExceptionHandler.java:34 - token失效，请重新登录
com.tduck.cloud.api.exception.AuthorizationException: token失效，请重新登录
	at com.tduck.cloud.api.web.interceptor.AuthorizationInterceptor.preHandle(AuthorizationInterceptor.java:71)
	at org.springframework.web.servlet.HandlerExecutionChain.applyPreHandle(HandlerExecutionChain.java:148)
	at org.springframework.web.servlet.DispatcherServlet.doDispatch(DispatcherServlet.java:1066)
	at org.springframework.web.servlet.DispatcherServlet.doService(DispatcherServlet.java:964)
	at org.springframework.web.servlet.FrameworkServlet.processRequest(FrameworkServlet.java:1006)
	at org.springframework.web.servlet.FrameworkServlet.doGet(FrameworkServlet.java:898)
	at javax.servlet.http.HttpServlet.service(HttpServlet.java:670)
	at org.springframework.web.servlet.FrameworkServlet.service(FrameworkServlet.java:883)
	at javax.servlet.http.HttpServlet.service(HttpServlet.java:779)
	at org.apache.catalina.core.ApplicationFilterChain.internalDoFilter(ApplicationFilterChain.java:227)
	at org.apache.catalina.core.ApplicationFilterChain.doFilter(ApplicationFilterChain.java:162)
	at org.apache.tomcat.websocket.server.WsFilter.doFilter(WsFilter.java:53)
	at org.apache.catalina.core.ApplicationFilterChain.internalDoFilter(ApplicationFilterChain.java:189)
	at org.apache.catalina.core.ApplicationFilterChain.doFilter(ApplicationFilterChain.java:162)
	at org.springframework.web.servlet.resource.ResourceUrlEncodingFilter.doFilter(ResourceUrlEncodingFilter.java:67)
	at org.apache.catalina.core.ApplicationFilterChain.internalDoFilter(ApplicationFilterChain.java:189)
	at org.apache.catalina.core.ApplicationFilterChain.doFilter(ApplicationFilterChain.java:162)
	at org.springframework.web.filter.CorsFilter.doFilterInternal(CorsFilter.java:91)
	at org.springframework.web.filter.OncePerRequestFilter.doFilter(OncePerRequestFilter.java:117)
	at org.apache.catalina.core.ApplicationFilterChain.internalDoFilter(ApplicationFilterChain.java:189)
	at org.apache.catalina.core.ApplicationFilterChain.doFilter(ApplicationFilterChain.java:162)
	at org.springframework.web.filter.RequestContextFilter.doFilterInternal(RequestContextFilter.java:100)
	at org.springframework.web.filter.OncePerRequestFilter.doFilter(OncePerRequestFilter.java:117)
	at org.apache.catalina.core.ApplicationFilterChain.internalDoFilter(ApplicationFilterChain.java:189)
	at org.apache.catalina.core.ApplicationFilterChain.doFilter(ApplicationFilterChain.java:162)
	at org.springframework.web.filter.FormContentFilter.doFilterInternal(FormContentFilter.java:93)
	at org.springframework.web.filter.OncePerRequestFilter.doFilter(OncePerRequestFilter.java:117)
	at org.apache.catalina.core.ApplicationFilterChain.internalDoFilter(ApplicationFilterChain.java:189)
	at org.apache.catalina.core.ApplicationFilterChain.doFilter(ApplicationFilterChain.java:162)
	at org.springframework.web.filter.CharacterEncodingFilter.doFilterInternal(CharacterEncodingFilter.java:201)
	at org.springframework.web.filter.OncePerRequestFilter.doFilter(OncePerRequestFilter.java:117)
	at org.apache.catalina.core.ApplicationFilterChain.internalDoFilter(ApplicationFilterChain.java:189)
	at org.apache.catalina.core.ApplicationFilterChain.doFilter(ApplicationFilterChain.java:162)
	at org.apache.catalina.core.StandardWrapperValve.invoke(StandardWrapperValve.java:177)
	at org.apache.catalina.core.StandardContextValve.invoke(StandardContextValve.java:97)
	at org.apache.catalina.authenticator.AuthenticatorBase.invoke(AuthenticatorBase.java:541)
	at org.apache.catalina.core.StandardHostValve.invoke(StandardHostValve.java:135)
	at org.apache.catalina.valves.ErrorReportValve.invoke(ErrorReportValve.java:92)
	at org.apache.catalina.core.StandardEngineValve.invoke(StandardEngineValve.java:78)
	at org.apache.catalina.connector.CoyoteAdapter.service(CoyoteAdapter.java:360)
	at org.apache.coyote.http11.Http11Processor.service(Http11Processor.java:399)
	at org.apache.coyote.AbstractProcessorLight.process(AbstractProcessorLight.java:65)
	at org.apache.coyote.AbstractProtocol$ConnectionHandler.process(AbstractProtocol.java:891)
	at org.apache.tomcat.util.net.NioEndpoint$SocketProcessor.doRun(NioEndpoint.java:1784)
	at org.apache.tomcat.util.net.SocketProcessorBase.run(SocketProcessorBase.java:49)
	at org.apache.tomcat.util.threads.ThreadPoolExecutor.runWorker(ThreadPoolExecutor.java:1191)
	at org.apache.tomcat.util.threads.ThreadPoolExecutor$Worker.run(ThreadPoolExecutor.java:659)
	at org.apache.tomcat.util.threads.TaskThread$WrappingRunnable.run(TaskThread.java:61)
	at java.lang.Thread.run(Thread.java:748)
2026-03-31 23:21:05,004 [http-nio-8999-exec-9] DEBUG [c.tduck.cloud.account.mapper.UserMapper.selectList] BaseJdbcLogger.java:137 - ==>  Preparing: SELECT id,name,avatar,gender,phone_number,email,password,reg_channel,last_login_channel,last_login_time,last_login_ip,deleted,password_type,create_time,update_time FROM ac_user WHERE (email = ?)
2026-03-31 23:21:05,005 [http-nio-8999-exec-9] DEBUG [c.tduck.cloud.account.mapper.UserMapper.selectList] BaseJdbcLogger.java:137 - ==> Parameters: 1234@qq.com(String)
2026-03-31 23:21:05,012 [http-nio-8999-exec-9] DEBUG [c.tduck.cloud.account.mapper.UserMapper.selectList] BaseJdbcLogger.java:137 - <==      Total: 1
2026-03-31 23:21:05,080 [http-nio-8999-exec-9] DEBUG [c.tduck.cloud.account.mapper.UserMapper.updateById] BaseJdbcLogger.java:137 - ==>  Preparing: UPDATE ac_user SET name=?, avatar=?, gender=?, email=?, password=?, reg_channel=?, last_login_channel=?, last_login_time=?, last_login_ip=?, deleted=?, password_type=?, create_time=?, update_time=? WHERE id=?
2026-03-31 23:21:05,081 [http-nio-8999-exec-9] DEBUG [c.tduck.cloud.account.mapper.UserMapper.updateById] BaseJdbcLogger.java:137 - ==> Parameters: admin(String), http://localhost:8999/images/avatar/e36700e88a8345fd9903fdc05214e47d.png(String), 1(Integer), 1234@qq.com(String), $2a$10$FgOTdkh3qVLE9DNgD4XzDu2PCJB3QtnGbriBPaMhMKTVWM9XYsiIm(String), 1(Integer), 2(Integer), 2026-03-31T23:21:05.078(LocalDateTime), 127.0.0.1(String), false(Boolean), 1(Integer), 2021-06-13T13:49:25(LocalDateTime), 2026-03-31T23:21:05.080(LocalDateTime), 1(Long)
2026-03-31 23:21:05,101 [http-nio-8999-exec-9] DEBUG [c.tduck.cloud.account.mapper.UserMapper.updateById] BaseJdbcLogger.java:137 - <==    Updates: 1
2026-03-31 23:21:05,108 [http-nio-8999-exec-9] DEBUG [c.t.cloud.account.mapper.UserTokenMapper.delete] BaseJdbcLogger.java:137 - ==>  Preparing: DELETE FROM ac_user_token WHERE (user_id = ? AND expire_time <= ?)
2026-03-31 23:21:05,109 [http-nio-8999-exec-9] DEBUG [c.t.cloud.account.mapper.UserTokenMapper.delete] BaseJdbcLogger.java:137 - ==> Parameters: 1(Long), 2026-03-31T23:21:05.107(LocalDateTime)
2026-03-31 23:21:05,113 [http-nio-8999-exec-9] DEBUG [c.t.cloud.account.mapper.UserTokenMapper.delete] BaseJdbcLogger.java:137 - <==    Updates: 2
2026-03-31 23:21:05,115 [http-nio-8999-exec-9] DEBUG [c.t.cloud.account.mapper.UserTokenMapper.insert] BaseJdbcLogger.java:137 - ==>  Preparing: INSERT INTO ac_user_token ( user_id, expire_time, token, create_time, update_time ) VALUES ( ?, ?, ?, ?, ? )
2026-03-31 23:21:05,117 [http-nio-8999-exec-9] DEBUG [c.t.cloud.account.mapper.UserTokenMapper.insert] BaseJdbcLogger.java:137 - ==> Parameters: 1(Long), 2026-04-07T23:21:05.106(LocalDateTime), eyJ0eXAiOiJKV1QiLCJhbGciOiJIUzUxMiJ9.eyJzdWIiOiIxIiwiaWF0IjoxNzc0OTcwNDY1LCJleHAiOjE3NzU1NzUyNjV9.rSa7xztbzxT3Wja0kU1R-YKAw4-vVaXIuy4HwHkkjst6NIJJ9VBqFz7Ylu7eZ6gyc-YdIwPL_wNdicigapwFqw(String), 2026-03-31T23:21:05.115(LocalDateTime), 2026-03-31T23:21:05.115(LocalDateTime)
2026-03-31 23:21:05,119 [http-nio-8999-exec-9] DEBUG [c.t.cloud.account.mapper.UserTokenMapper.insert] BaseJdbcLogger.java:137 - <==    Updates: 1
2026-03-31 23:21:05,156 [http-nio-8999-exec-2] DEBUG [c.t.c.account.mapper.UserTokenMapper.selectList] BaseJdbcLogger.java:137 - ==>  Preparing: SELECT id,type,user_id,expire_time,token,create_time,update_time FROM ac_user_token WHERE (token = ?)
2026-03-31 23:21:05,158 [http-nio-8999-exec-2] DEBUG [c.t.c.account.mapper.UserTokenMapper.selectList] BaseJdbcLogger.java:137 - ==> Parameters: eyJ0eXAiOiJKV1QiLCJhbGciOiJIUzUxMiJ9.eyJzdWIiOiIxIiwiaWF0IjoxNzc0OTcwNDY1LCJleHAiOjE3NzU1NzUyNjV9.rSa7xztbzxT3Wja0kU1R-YKAw4-vVaXIuy4HwHkkjst6NIJJ9VBqFz7Ylu7eZ6gyc-YdIwPL_wNdicigapwFqw(String)
2026-03-31 23:21:05,160 [http-nio-8999-exec-2] DEBUG [c.t.c.account.mapper.UserTokenMapper.selectList] BaseJdbcLogger.java:137 - <==      Total: 1
2026-03-31 23:21:05,258 [http-nio-8999-exec-2] DEBUG [c.t.c.f.mapper.UserFormMapper.selectPage_mpCount] BaseJdbcLogger.java:137 - ==>  Preparing: SELECT COUNT(*) AS total FROM fm_user_form WHERE (user_id = ? AND is_deleted = ? AND folder_id = ?)
2026-03-31 23:21:05,258 [http-nio-8999-exec-2] DEBUG [c.t.c.f.mapper.UserFormMapper.selectPage_mpCount] BaseJdbcLogger.java:137 - ==> Parameters: 1(Long), 0(Integer), 0(Long)
2026-03-31 23:21:05,262 [http-nio-8999-exec-2] DEBUG [c.t.c.f.mapper.UserFormMapper.selectPage_mpCount] BaseJdbcLogger.java:137 - <==      Total: 1
2026-03-31 23:21:05,265 [http-nio-8999-exec-2] DEBUG [c.t.cloud.form.mapper.UserFormMapper.selectPage] BaseJdbcLogger.java:137 - ==>  Preparing: SELECT id,form_key,name,description,source_type,source_id,user_id,status,type,is_deleted,is_folder,folder_id,create_time,update_time FROM fm_user_form WHERE (user_id = ? AND is_deleted = ? AND folder_id = ?) ORDER BY is_folder DESC,create_time DESC LIMIT ?
2026-03-31 23:21:05,266 [http-nio-8999-exec-2] DEBUG [c.t.cloud.form.mapper.UserFormMapper.selectPage] BaseJdbcLogger.java:137 - ==> Parameters: 1(Long), 0(Integer), 0(Long), 12(Long)
2026-03-31 23:21:05,268 [http-nio-8999-exec-2] DEBUG [c.t.cloud.form.mapper.UserFormMapper.selectPage] BaseJdbcLogger.java:137 - <==      Total: 1
2026-03-31 23:21:09,355 [http-nio-8999-exec-7] DEBUG [c.t.c.account.mapper.UserTokenMapper.selectList] BaseJdbcLogger.java:137 - ==>  Preparing: SELECT id,type,user_id,expire_time,token,create_time,update_time FROM ac_user_token WHERE (token = ?)
2026-03-31 23:21:09,356 [http-nio-8999-exec-7] DEBUG [c.t.c.account.mapper.UserTokenMapper.selectList] BaseJdbcLogger.java:137 - ==> Parameters: eyJ0eXAiOiJKV1QiLCJhbGciOiJIUzUxMiJ9.eyJzdWIiOiIxIiwiaWF0IjoxNzc0OTcwNDY1LCJleHAiOjE3NzU1NzUyNjV9.rSa7xztbzxT3Wja0kU1R-YKAw4-vVaXIuy4HwHkkjst6NIJJ9VBqFz7Ylu7eZ6gyc-YdIwPL_wNdicigapwFqw(String)
2026-03-31 23:21:09,358 [http-nio-8999-exec-7] DEBUG [c.t.c.account.mapper.UserTokenMapper.selectList] BaseJdbcLogger.java:137 - <==      Total: 1
2026-03-31 23:21:09,371 [http-nio-8999-exec-7] DEBUG [c.t.c.f.m.FormTemplateCategoryMapper.selectList] BaseJdbcLogger.java:137 - ==>  Preparing: SELECT id,name,sort,create_time,update_time FROM fm_form_template_category ORDER BY sort DESC
2026-03-31 23:21:09,372 [http-nio-8999-exec-7] DEBUG [c.t.c.f.m.FormTemplateCategoryMapper.selectList] BaseJdbcLogger.java:137 - ==> Parameters: 
2026-03-31 23:21:09,377 [http-nio-8999-exec-7] DEBUG [c.t.c.f.m.FormTemplateCategoryMapper.selectList] BaseJdbcLogger.java:137 - <==      Total: 2
2026-03-31 23:21:09,390 [http-nio-8999-exec-4] DEBUG [c.t.c.account.mapper.UserTokenMapper.selectList] BaseJdbcLogger.java:137 - ==>  Preparing: SELECT id,type,user_id,expire_time,token,create_time,update_time FROM ac_user_token WHERE (token = ?)
2026-03-31 23:21:09,391 [http-nio-8999-exec-4] DEBUG [c.t.c.account.mapper.UserTokenMapper.selectList] BaseJdbcLogger.java:137 - ==> Parameters: eyJ0eXAiOiJKV1QiLCJhbGciOiJIUzUxMiJ9.eyJzdWIiOiIxIiwiaWF0IjoxNzc0OTcwNDY1LCJleHAiOjE3NzU1NzUyNjV9.rSa7xztbzxT3Wja0kU1R-YKAw4-vVaXIuy4HwHkkjst6NIJJ9VBqFz7Ylu7eZ6gyc-YdIwPL_wNdicigapwFqw(String)
2026-03-31 23:21:09,392 [http-nio-8999-exec-8] DEBUG [c.t.c.account.mapper.UserTokenMapper.selectList] BaseJdbcLogger.java:137 - ==>  Preparing: SELECT id,type,user_id,expire_time,token,create_time,update_time FROM ac_user_token WHERE (token = ?)
2026-03-31 23:21:09,393 [http-nio-8999-exec-4] DEBUG [c.t.c.account.mapper.UserTokenMapper.selectList] BaseJdbcLogger.java:137 - <==      Total: 1
2026-03-31 23:21:09,393 [http-nio-8999-exec-8] DEBUG [c.t.c.account.mapper.UserTokenMapper.selectList] BaseJdbcLogger.java:137 - ==> Parameters: eyJ0eXAiOiJKV1QiLCJhbGciOiJIUzUxMiJ9.eyJzdWIiOiIxIiwiaWF0IjoxNzc0OTcwNDY1LCJleHAiOjE3NzU1NzUyNjV9.rSa7xztbzxT3Wja0kU1R-YKAw4-vVaXIuy4HwHkkjst6NIJJ9VBqFz7Ylu7eZ6gyc-YdIwPL_wNdicigapwFqw(String)
2026-03-31 23:21:09,396 [http-nio-8999-exec-8] DEBUG [c.t.c.account.mapper.UserTokenMapper.selectList] BaseJdbcLogger.java:137 - <==      Total: 1
2026-03-31 23:21:09,404 [http-nio-8999-exec-8] DEBUG [c.t.cloud.form.mapper.UserFormMapper.selectList] BaseJdbcLogger.java:137 - ==>  Preparing: SELECT id,form_key,name,description,source_type,source_id,user_id,status,type,is_deleted,is_folder,folder_id,create_time,update_time FROM fm_user_form WHERE (form_key = ?)
2026-03-31 23:21:09,405 [http-nio-8999-exec-8] DEBUG [c.t.cloud.form.mapper.UserFormMapper.selectList] BaseJdbcLogger.java:137 - ==> Parameters: uoYDJYbq(String)
2026-03-31 23:21:09,408 [http-nio-8999-exec-8] DEBUG [c.t.cloud.form.mapper.UserFormMapper.selectList] BaseJdbcLogger.java:137 - <==      Total: 1
2026-03-31 23:21:09,409 [http-nio-8999-exec-8] DEBUG [c.tduck.cloud.account.mapper.UserMapper.selectById] BaseJdbcLogger.java:137 - ==>  Preparing: SELECT id,name,avatar,gender,phone_number,email,password,reg_channel,last_login_channel,last_login_time,last_login_ip,deleted,password_type,create_time,update_time FROM ac_user WHERE id=?
2026-03-31 23:21:09,410 [http-nio-8999-exec-8] DEBUG [c.tduck.cloud.account.mapper.UserMapper.selectById] BaseJdbcLogger.java:137 - ==> Parameters: 1(Long)
2026-03-31 23:21:09,413 [http-nio-8999-exec-8] DEBUG [c.tduck.cloud.account.mapper.UserMapper.selectById] BaseJdbcLogger.java:137 - <==      Total: 1
2026-03-31 23:21:09,414 [http-nio-8999-exec-8] DEBUG [c.tduck.cloud.account.mapper.UserMapper.selectById] BaseJdbcLogger.java:137 - ==>  Preparing: SELECT id,name,avatar,gender,phone_number,email,password,reg_channel,last_login_channel,last_login_time,last_login_ip,deleted,password_type,create_time,update_time FROM ac_user WHERE id=?
2026-03-31 23:21:09,414 [http-nio-8999-exec-8] DEBUG [c.tduck.cloud.account.mapper.UserMapper.selectById] BaseJdbcLogger.java:137 - ==> Parameters: 1(Long)
2026-03-31 23:21:09,417 [http-nio-8999-exec-8] DEBUG [c.tduck.cloud.account.mapper.UserMapper.selectById] BaseJdbcLogger.java:137 - <==      Total: 1
2026-03-31 23:21:09,436 [http-nio-8999-exec-4] DEBUG [c.t.c.form.mapper.UserFormItemMapper.selectList] BaseJdbcLogger.java:137 - ==>  Preparing: SELECT id,form_key,form_item_id,type,label,is_display_type,is_hide_type,is_special_type,show_label,default_value,required,placeholder,sort,span,scheme,reg_list,create_time,update_time FROM fm_user_form_item WHERE (form_key = ?)
2026-03-31 23:21:09,436 [http-nio-8999-exec-4] DEBUG [c.t.c.form.mapper.UserFormItemMapper.selectList] BaseJdbcLogger.java:137 - ==> Parameters: uoYDJYbq(String)
2026-03-31 23:21:09,445 [http-nio-8999-exec-4] DEBUG [c.t.c.form.mapper.UserFormItemMapper.selectList] BaseJdbcLogger.java:137 - <==      Total: 2
2026-03-31 23:21:11,726 [http-nio-8999-exec-10] DEBUG [c.t.c.account.mapper.UserTokenMapper.selectList] BaseJdbcLogger.java:137 - ==>  Preparing: SELECT id,type,user_id,expire_time,token,create_time,update_time FROM ac_user_token WHERE (token = ?)
2026-03-31 23:21:11,727 [http-nio-8999-exec-10] DEBUG [c.t.c.account.mapper.UserTokenMapper.selectList] BaseJdbcLogger.java:137 - ==> Parameters: eyJ0eXAiOiJKV1QiLCJhbGciOiJIUzUxMiJ9.eyJzdWIiOiIxIiwiaWF0IjoxNzc0OTcwNDY1LCJleHAiOjE3NzU1NzUyNjV9.rSa7xztbzxT3Wja0kU1R-YKAw4-vVaXIuy4HwHkkjst6NIJJ9VBqFz7Ylu7eZ6gyc-YdIwPL_wNdicigapwFqw(String)
2026-03-31 23:21:11,730 [http-nio-8999-exec-10] DEBUG [c.t.c.account.mapper.UserTokenMapper.selectList] BaseJdbcLogger.java:137 - <==      Total: 1
2026-03-31 23:21:11,737 [http-nio-8999-exec-10] DEBUG [c.t.c.f.mapper.UserFormMapper.selectPage_mpCount] BaseJdbcLogger.java:137 - ==>  Preparing: SELECT COUNT(*) AS total FROM fm_user_form WHERE (user_id = ? AND is_deleted = ? AND folder_id = ?)
2026-03-31 23:21:11,737 [http-nio-8999-exec-10] DEBUG [c.t.c.f.mapper.UserFormMapper.selectPage_mpCount] BaseJdbcLogger.java:137 - ==> Parameters: 1(Long), 0(Integer), 0(Long)
2026-03-31 23:21:11,739 [http-nio-8999-exec-10] DEBUG [c.t.c.f.mapper.UserFormMapper.selectPage_mpCount] BaseJdbcLogger.java:137 - <==      Total: 1
2026-03-31 23:21:11,740 [http-nio-8999-exec-10] DEBUG [c.t.cloud.form.mapper.UserFormMapper.selectPage] BaseJdbcLogger.java:137 - ==>  Preparing: SELECT id,form_key,name,description,source_type,source_id,user_id,status,type,is_deleted,is_folder,folder_id,create_time,update_time FROM fm_user_form WHERE (user_id = ? AND is_deleted = ? AND folder_id = ?) ORDER BY is_folder DESC,create_time DESC LIMIT ?
2026-03-31 23:21:11,740 [http-nio-8999-exec-10] DEBUG [c.t.cloud.form.mapper.UserFormMapper.selectPage] BaseJdbcLogger.java:137 - ==> Parameters: 1(Long), 0(Integer), 0(Long), 12(Long)
2026-03-31 23:21:11,742 [http-nio-8999-exec-10] DEBUG [c.t.cloud.form.mapper.UserFormMapper.selectPage] BaseJdbcLogger.java:137 - <==      Total: 1
2026-03-31 23:21:14,048 [http-nio-8999-exec-1] DEBUG [c.t.c.f.mapper.UserFormMapper.selectPage_mpCount] BaseJdbcLogger.java:137 - ==>  Preparing: SELECT COUNT(*) AS total FROM fm_user_form WHERE (status = ? AND is_deleted = ?)
2026-03-31 23:21:14,048 [http-nio-8999-exec-1] DEBUG [c.t.c.f.mapper.UserFormMapper.selectPage_mpCount] BaseJdbcLogger.java:137 - ==> Parameters: 2(Integer), 0(Integer)
2026-03-31 23:21:14,049 [http-nio-8999-exec-1] DEBUG [c.t.c.f.mapper.UserFormMapper.selectPage_mpCount] BaseJdbcLogger.java:137 - <==      Total: 1
2026-03-31 23:21:14,050 [http-nio-8999-exec-1] DEBUG [c.t.cloud.form.mapper.UserFormMapper.selectPage] BaseJdbcLogger.java:137 - ==>  Preparing: SELECT id,form_key,name,description,source_type,source_id,user_id,status,type,is_deleted,is_folder,folder_id,create_time,update_time FROM fm_user_form WHERE (status = ? AND is_deleted = ?) ORDER BY create_time DESC LIMIT ?
2026-03-31 23:21:14,050 [http-nio-8999-exec-1] DEBUG [c.t.cloud.form.mapper.UserFormMapper.selectPage] BaseJdbcLogger.java:137 - ==> Parameters: 2(Integer), 0(Integer), 12(Long)
2026-03-31 23:21:14,053 [http-nio-8999-exec-1] DEBUG [c.t.cloud.form.mapper.UserFormMapper.selectPage] BaseJdbcLogger.java:137 - <==      Total: 2
2026-03-31 23:21:14,054 [http-nio-8999-exec-1] DEBUG [c.tduck.cloud.account.mapper.UserMapper.selectById] BaseJdbcLogger.java:137 - ==>  Preparing: SELECT id,name,avatar,gender,phone_number,email,password,reg_channel,last_login_channel,last_login_time,last_login_ip,deleted,password_type,create_time,update_time FROM ac_user WHERE id=?
2026-03-31 23:21:14,054 [http-nio-8999-exec-1] DEBUG [c.tduck.cloud.account.mapper.UserMapper.selectById] BaseJdbcLogger.java:137 - ==> Parameters: 1(Long)
2026-03-31 23:21:14,056 [http-nio-8999-exec-1] DEBUG [c.tduck.cloud.account.mapper.UserMapper.selectById] BaseJdbcLogger.java:137 - <==      Total: 1
2026-03-31 23:21:14,057 [http-nio-8999-exec-1] DEBUG [c.tduck.cloud.account.mapper.UserMapper.selectById] BaseJdbcLogger.java:137 - ==>  Preparing: SELECT id,name,avatar,gender,phone_number,email,password,reg_channel,last_login_channel,last_login_time,last_login_ip,deleted,password_type,create_time,update_time FROM ac_user WHERE id=?
2026-03-31 23:21:14,057 [http-nio-8999-exec-1] DEBUG [c.tduck.cloud.account.mapper.UserMapper.selectById] BaseJdbcLogger.java:137 - ==> Parameters: 1(Long)
2026-03-31 23:21:14,058 [http-nio-8999-exec-1] DEBUG [c.tduck.cloud.account.mapper.UserMapper.selectById] BaseJdbcLogger.java:137 - <==      Total: 1
2026-03-31 23:21:14,060 [http-nio-8999-exec-1] DEBUG [c.tduck.cloud.account.mapper.UserMapper.selectById] BaseJdbcLogger.java:137 - ==>  Preparing: SELECT id,name,avatar,gender,phone_number,email,password,reg_channel,last_login_channel,last_login_time,last_login_ip,deleted,password_type,create_time,update_time FROM ac_user WHERE id=?
2026-03-31 23:21:14,060 [http-nio-8999-exec-1] DEBUG [c.tduck.cloud.account.mapper.UserMapper.selectById] BaseJdbcLogger.java:137 - ==> Parameters: 15675(Long)
2026-03-31 23:21:14,062 [http-nio-8999-exec-1] DEBUG [c.tduck.cloud.account.mapper.UserMapper.selectById] BaseJdbcLogger.java:137 - <==      Total: 1
2026-03-31 23:21:14,062 [http-nio-8999-exec-1] DEBUG [c.tduck.cloud.account.mapper.UserMapper.selectById] BaseJdbcLogger.java:137 - ==>  Preparing: SELECT id,name,avatar,gender,phone_number,email,password,reg_channel,last_login_channel,last_login_time,last_login_ip,deleted,password_type,create_time,update_time FROM ac_user WHERE id=?
2026-03-31 23:21:14,062 [http-nio-8999-exec-1] DEBUG [c.tduck.cloud.account.mapper.UserMapper.selectById] BaseJdbcLogger.java:137 - ==> Parameters: 15675(Long)
2026-03-31 23:21:14,063 [http-nio-8999-exec-1] DEBUG [c.tduck.cloud.account.mapper.UserMapper.selectById] BaseJdbcLogger.java:137 - <==      Total: 1
2026-03-31 23:21:15,656 [http-nio-8999-exec-2] DEBUG [c.t.cloud.form.mapper.UserFormMapper.selectList] BaseJdbcLogger.java:137 - ==>  Preparing: SELECT id,form_key,name,description,source_type,source_id,user_id,status,type,is_deleted,is_folder,folder_id,create_time,update_time FROM fm_user_form WHERE (form_key = ?)
2026-03-31 23:21:15,657 [http-nio-8999-exec-2] DEBUG [c.t.cloud.form.mapper.UserFormMapper.selectList] BaseJdbcLogger.java:137 - ==> Parameters: uoYDJYbq(String)
2026-03-31 23:21:15,658 [http-nio-8999-exec-2] DEBUG [c.t.cloud.form.mapper.UserFormMapper.selectList] BaseJdbcLogger.java:137 - <==      Total: 1
2026-03-31 23:21:15,662 [http-nio-8999-exec-2] DEBUG [c.t.c.form.mapper.UserFormSettingMapper.selectList] BaseJdbcLogger.java:137 - ==>  Preparing: SELECT id,form_key,settings,create_time,update_time FROM fm_user_form_setting WHERE (form_key = ?)
2026-03-31 23:21:15,663 [http-nio-8999-exec-2] DEBUG [c.t.c.form.mapper.UserFormSettingMapper.selectList] BaseJdbcLogger.java:137 - ==> Parameters: uoYDJYbq(String)
2026-03-31 23:21:15,690 [http-nio-8999-exec-2] DEBUG [c.t.c.form.mapper.UserFormSettingMapper.selectList] BaseJdbcLogger.java:137 - <==      Total: 0
2026-03-31 23:21:15,961 [http-nio-8999-exec-6] DEBUG [c.t.c.form.mapper.UserFormSettingMapper.selectList] BaseJdbcLogger.java:137 - ==>  Preparing: SELECT id,form_key,settings,create_time,update_time FROM fm_user_form_setting WHERE (form_key = ?)
2026-03-31 23:21:15,962 [http-nio-8999-exec-6] DEBUG [c.t.c.form.mapper.UserFormSettingMapper.selectList] BaseJdbcLogger.java:137 - ==> Parameters: uoYDJYbq(String)
2026-03-31 23:21:15,964 [http-nio-8999-exec-6] DEBUG [c.t.c.form.mapper.UserFormSettingMapper.selectList] BaseJdbcLogger.java:137 - <==      Total: 0
2026-03-31 23:21:16,293 [http-nio-8999-exec-7] DEBUG [c.t.cloud.form.mapper.UserFormMapper.selectList] BaseJdbcLogger.java:137 - ==>  Preparing: SELECT id,form_key,name,description,source_type,source_id,user_id,status,type,is_deleted,is_folder,folder_id,create_time,update_time FROM fm_user_form WHERE (form_key = ?)
2026-03-31 23:21:16,294 [http-nio-8999-exec-7] DEBUG [c.t.cloud.form.mapper.UserFormMapper.selectList] BaseJdbcLogger.java:137 - ==> Parameters: uoYDJYbq(String)
2026-03-31 23:21:16,294 [http-nio-8999-exec-8] DEBUG [c.t.c.account.mapper.UserTokenMapper.selectList] BaseJdbcLogger.java:137 - ==>  Preparing: SELECT id,type,user_id,expire_time,token,create_time,update_time FROM ac_user_token WHERE (token = ?)
2026-03-31 23:21:16,294 [http-nio-8999-exec-8] DEBUG [c.t.c.account.mapper.UserTokenMapper.selectList] BaseJdbcLogger.java:137 - ==> Parameters: eyJ0eXAiOiJKV1QiLCJhbGciOiJIUzUxMiJ9.eyJzdWIiOiIxIiwiaWF0IjoxNzc0OTcwNDY1LCJleHAiOjE3NzU1NzUyNjV9.rSa7xztbzxT3Wja0kU1R-YKAw4-vVaXIuy4HwHkkjst6NIJJ9VBqFz7Ylu7eZ6gyc-YdIwPL_wNdicigapwFqw(String)
2026-03-31 23:21:16,295 [http-nio-8999-exec-8] DEBUG [c.t.c.account.mapper.UserTokenMapper.selectList] BaseJdbcLogger.java:137 - <==      Total: 1
2026-03-31 23:21:16,295 [http-nio-8999-exec-7] DEBUG [c.t.cloud.form.mapper.UserFormMapper.selectList] BaseJdbcLogger.java:137 - <==      Total: 1
2026-03-31 23:21:16,296 [http-nio-8999-exec-7] DEBUG [c.tduck.cloud.account.mapper.UserMapper.selectById] BaseJdbcLogger.java:137 - ==>  Preparing: SELECT id,name,avatar,gender,phone_number,email,password,reg_channel,last_login_channel,last_login_time,last_login_ip,deleted,password_type,create_time,update_time FROM ac_user WHERE id=?
2026-03-31 23:21:16,297 [http-nio-8999-exec-7] DEBUG [c.tduck.cloud.account.mapper.UserMapper.selectById] BaseJdbcLogger.java:137 - ==> Parameters: 1(Long)
2026-03-31 23:21:16,297 [http-nio-8999-exec-8] DEBUG [c.t.cloud.form.mapper.UserFormMapper.selectList] BaseJdbcLogger.java:137 - ==>  Preparing: SELECT id,form_key,name,description,source_type,source_id,user_id,status,type,is_deleted,is_folder,folder_id,create_time,update_time FROM fm_user_form WHERE (form_key = ?)
2026-03-31 23:21:16,297 [http-nio-8999-exec-8] DEBUG [c.t.cloud.form.mapper.UserFormMapper.selectList] BaseJdbcLogger.java:137 - ==> Parameters: uoYDJYbq(String)
2026-03-31 23:21:16,298 [http-nio-8999-exec-7] DEBUG [c.tduck.cloud.account.mapper.UserMapper.selectById] BaseJdbcLogger.java:137 - <==      Total: 1
2026-03-31 23:21:16,298 [http-nio-8999-exec-8] DEBUG [c.t.cloud.form.mapper.UserFormMapper.selectList] BaseJdbcLogger.java:137 - <==      Total: 1
2026-03-31 23:21:16,299 [http-nio-8999-exec-7] DEBUG [c.tduck.cloud.account.mapper.UserMapper.selectById] BaseJdbcLogger.java:137 - ==>  Preparing: SELECT id,name,avatar,gender,phone_number,email,password,reg_channel,last_login_channel,last_login_time,last_login_ip,deleted,password_type,create_time,update_time FROM ac_user WHERE id=?
2026-03-31 23:21:16,299 [http-nio-8999-exec-4] DEBUG [c.t.c.f.mapper.UserFormViewCountMapper.selectList] BaseJdbcLogger.java:137 - ==>  Preparing: SELECT id,form_key,count,create_time,update_time FROM fm_user_form_view_count WHERE (form_key = ?)
2026-03-31 23:21:16,299 [http-nio-8999-exec-7] DEBUG [c.tduck.cloud.account.mapper.UserMapper.selectById] BaseJdbcLogger.java:137 - ==> Parameters: 1(Long)
2026-03-31 23:21:16,301 [http-nio-8999-exec-8] DEBUG [c.tduck.cloud.account.mapper.UserMapper.selectById] BaseJdbcLogger.java:137 - ==>  Preparing: SELECT id,name,avatar,gender,phone_number,email,password,reg_channel,last_login_channel,last_login_time,last_login_ip,deleted,password_type,create_time,update_time FROM ac_user WHERE id=?
2026-03-31 23:21:16,301 [http-nio-8999-exec-4] DEBUG [c.t.c.f.mapper.UserFormViewCountMapper.selectList] BaseJdbcLogger.java:137 - ==> Parameters: uoYDJYbq(String)
2026-03-31 23:21:16,302 [http-nio-8999-exec-8] DEBUG [c.tduck.cloud.account.mapper.UserMapper.selectById] BaseJdbcLogger.java:137 - ==> Parameters: 1(Long)
2026-03-31 23:21:16,302 [http-nio-8999-exec-7] DEBUG [c.tduck.cloud.account.mapper.UserMapper.selectById] BaseJdbcLogger.java:137 - <==      Total: 1
2026-03-31 23:21:16,304 [http-nio-8999-exec-4] DEBUG [c.t.c.f.mapper.UserFormViewCountMapper.selectList] BaseJdbcLogger.java:137 - <==      Total: 1
2026-03-31 23:21:16,304 [http-nio-8999-exec-8] DEBUG [c.tduck.cloud.account.mapper.UserMapper.selectById] BaseJdbcLogger.java:137 - <==      Total: 1
2026-03-31 23:21:16,304 [http-nio-8999-exec-7] DEBUG [c.t.c.form.mapper.UserFormItemMapper.selectList] BaseJdbcLogger.java:137 - ==>  Preparing: SELECT id,form_key,form_item_id,type,label,is_display_type,is_hide_type,is_special_type,show_label,default_value,required,placeholder,sort,span,scheme,reg_list,create_time,update_time FROM fm_user_form_item WHERE (is_hide_type <> ? AND form_key = ?)
2026-03-31 23:21:16,304 [http-nio-8999-exec-8] DEBUG [c.tduck.cloud.account.mapper.UserMapper.selectById] BaseJdbcLogger.java:137 - ==>  Preparing: SELECT id,name,avatar,gender,phone_number,email,password,reg_channel,last_login_channel,last_login_time,last_login_ip,deleted,password_type,create_time,update_time FROM ac_user WHERE id=?
2026-03-31 23:21:16,305 [http-nio-8999-exec-7] DEBUG [c.t.c.form.mapper.UserFormItemMapper.selectList] BaseJdbcLogger.java:137 - ==> Parameters: 1(Integer), uoYDJYbq(String)
2026-03-31 23:21:16,305 [http-nio-8999-exec-8] DEBUG [c.tduck.cloud.account.mapper.UserMapper.selectById] BaseJdbcLogger.java:137 - ==> Parameters: 1(Long)
2026-03-31 23:21:16,306 [http-nio-8999-exec-8] DEBUG [c.tduck.cloud.account.mapper.UserMapper.selectById] BaseJdbcLogger.java:137 - <==      Total: 1
2026-03-31 23:21:16,307 [http-nio-8999-exec-7] DEBUG [c.t.c.form.mapper.UserFormItemMapper.selectList] BaseJdbcLogger.java:137 - <==      Total: 2
2026-03-31 23:21:16,315 [http-nio-8999-exec-7] DEBUG [c.t.c.form.mapper.UserFormThemeMapper.selectList] BaseJdbcLogger.java:137 - ==>  Preparing: SELECT id,form_key,logo_img,logo_position,head_img_url,theme_color,submit_btn_text,background_color,background_img,show_title,show_describe,show_number,show_submit_btn,create_time,update_time FROM fm_user_form_theme WHERE (form_key = ?)
2026-03-31 23:21:16,316 [http-nio-8999-exec-7] DEBUG [c.t.c.form.mapper.UserFormThemeMapper.selectList] BaseJdbcLogger.java:137 - ==> Parameters: uoYDJYbq(String)
2026-03-31 23:21:16,318 [http-nio-8999-exec-7] DEBUG [c.t.c.form.mapper.UserFormThemeMapper.selectList] BaseJdbcLogger.java:137 - <==      Total: 1
2026-03-31 23:21:16,324 [http-nio-8999-exec-7] DEBUG [c.t.c.form.mapper.UserFormLogicMapper.selectList] BaseJdbcLogger.java:137 - ==>  Preparing: SELECT id,form_key,scheme,create_time,update_time FROM fm_user_form_logic WHERE (form_key = ?)
2026-03-31 23:21:16,325 [http-nio-8999-exec-7] DEBUG [c.t.c.form.mapper.UserFormLogicMapper.selectList] BaseJdbcLogger.java:137 - ==> Parameters: uoYDJYbq(String)
2026-03-31 23:21:16,327 [http-nio-8999-exec-7] DEBUG [c.t.c.form.mapper.UserFormLogicMapper.selectList] BaseJdbcLogger.java:137 - <==      Total: 0
2026-03-31 23:21:16,545 [http-nio-8999-exec-5] DEBUG [c.t.c.account.mapper.UserTokenMapper.selectList] BaseJdbcLogger.java:137 - ==>  Preparing: SELECT id,type,user_id,expire_time,token,create_time,update_time FROM ac_user_token WHERE (token = ?)
2026-03-31 23:21:16,545 [http-nio-8999-exec-5] DEBUG [c.t.c.account.mapper.UserTokenMapper.selectList] BaseJdbcLogger.java:137 - ==> Parameters: eyJ0eXAiOiJKV1QiLCJhbGciOiJIUzUxMiJ9.eyJzdWIiOiIxIiwiaWF0IjoxNzc0OTcwNDY1LCJleHAiOjE3NzU1NzUyNjV9.rSa7xztbzxT3Wja0kU1R-YKAw4-vVaXIuy4HwHkkjst6NIJJ9VBqFz7Ylu7eZ6gyc-YdIwPL_wNdicigapwFqw(String)
2026-03-31 23:21:16,547 [http-nio-8999-exec-5] DEBUG [c.t.c.account.mapper.UserTokenMapper.selectList] BaseJdbcLogger.java:137 - <==      Total: 1
2026-03-31 23:21:16,549 [http-nio-8999-exec-5] DEBUG [c.t.c.f.mapper.UserFormViewCountMapper.selectList] BaseJdbcLogger.java:137 - ==>  Preparing: SELECT id,form_key,count,create_time,update_time FROM fm_user_form_view_count WHERE (form_key = ?)
2026-03-31 23:21:16,549 [http-nio-8999-exec-5] DEBUG [c.t.c.f.mapper.UserFormViewCountMapper.selectList] BaseJdbcLogger.java:137 - ==> Parameters: uoYDJYbq(String)
2026-03-31 23:21:16,554 [http-nio-8999-exec-5] DEBUG [c.t.c.f.mapper.UserFormViewCountMapper.selectList] BaseJdbcLogger.java:137 - <==      Total: 1
2026-03-31 23:21:16,562 [http-nio-8999-exec-5] DEBUG [c.t.c.form.mapper.UserFormDataMapper.selectMaps] BaseJdbcLogger.java:137 - ==>  Preparing: SELECT AVG(complete_time) as avgCompleteTime, count(1) as completeCount FROM fm_user_form_data WHERE (form_key = ?)
2026-03-31 23:21:16,564 [http-nio-8999-exec-5] DEBUG [c.t.c.form.mapper.UserFormDataMapper.selectMaps] BaseJdbcLogger.java:137 - ==> Parameters: uoYDJYbq(String)
2026-03-31 23:21:16,569 [http-nio-8999-exec-5] DEBUG [c.t.c.form.mapper.UserFormDataMapper.selectMaps] BaseJdbcLogger.java:137 - <==      Total: 1
2026-03-31 23:21:33,394 [http-nio-8999-exec-10] DEBUG [c.t.c.account.mapper.UserTokenMapper.selectList] BaseJdbcLogger.java:137 - ==>  Preparing: SELECT id,type,user_id,expire_time,token,create_time,update_time FROM ac_user_token WHERE (token = ?)
2026-03-31 23:21:33,394 [http-nio-8999-exec-10] DEBUG [c.t.c.account.mapper.UserTokenMapper.selectList] BaseJdbcLogger.java:137 - ==> Parameters: eyJ0eXAiOiJKV1QiLCJhbGciOiJIUzUxMiJ9.eyJzdWIiOiIxIiwiaWF0IjoxNzc0OTcwNDY1LCJleHAiOjE3NzU1NzUyNjV9.rSa7xztbzxT3Wja0kU1R-YKAw4-vVaXIuy4HwHkkjst6NIJJ9VBqFz7Ylu7eZ6gyc-YdIwPL_wNdicigapwFqw(String)
2026-03-31 23:21:33,395 [http-nio-8999-exec-10] DEBUG [c.t.c.account.mapper.UserTokenMapper.selectList] BaseJdbcLogger.java:137 - <==      Total: 1
2026-03-31 23:21:33,400 [http-nio-8999-exec-10] DEBUG [c.t.c.f.mapper.UserFormMapper.selectPage_mpCount] BaseJdbcLogger.java:137 - ==>  Preparing: SELECT COUNT(*) AS total FROM fm_user_form WHERE (user_id = ? AND is_deleted = ? AND folder_id = ?)
2026-03-31 23:21:33,401 [http-nio-8999-exec-10] DEBUG [c.t.c.f.mapper.UserFormMapper.selectPage_mpCount] BaseJdbcLogger.java:137 - ==> Parameters: 1(Long), 0(Integer), 0(Long)
2026-03-31 23:21:33,402 [http-nio-8999-exec-10] DEBUG [c.t.c.f.mapper.UserFormMapper.selectPage_mpCount] BaseJdbcLogger.java:137 - <==      Total: 1
2026-03-31 23:21:33,403 [http-nio-8999-exec-10] DEBUG [c.t.cloud.form.mapper.UserFormMapper.selectPage] BaseJdbcLogger.java:137 - ==>  Preparing: SELECT id,form_key,name,description,source_type,source_id,user_id,status,type,is_deleted,is_folder,folder_id,create_time,update_time FROM fm_user_form WHERE (user_id = ? AND is_deleted = ? AND folder_id = ?) ORDER BY is_folder DESC,create_time DESC LIMIT ?
2026-03-31 23:21:33,403 [http-nio-8999-exec-10] DEBUG [c.t.cloud.form.mapper.UserFormMapper.selectPage] BaseJdbcLogger.java:137 - ==> Parameters: 1(Long), 0(Integer), 0(Long), 12(Long)
2026-03-31 23:21:33,404 [http-nio-8999-exec-10] DEBUG [c.t.cloud.form.mapper.UserFormMapper.selectPage] BaseJdbcLogger.java:137 - <==      Total: 1
2026-04-01 01:04:20,448 [DatebookHikariCP housekeeper] WARN  [com.zaxxer.hikari.pool.HikariPool] HikariPool.java:788 - DatebookHikariCP - Thread starvation or clock leap detected (housekeeper delta=1h33m12s15ms476?s600ns).
2026-04-01 01:05:20,417 [http-nio-8999-exec-1] DEBUG [c.t.c.account.mapper.UserTokenMapper.selectList] BaseJdbcLogger.java:137 - ==>  Preparing: SELECT id,type,user_id,expire_time,token,create_time,update_time FROM ac_user_token WHERE (token = ?)
2026-04-01 01:05:20,417 [http-nio-8999-exec-1] DEBUG [c.t.c.account.mapper.UserTokenMapper.selectList] BaseJdbcLogger.java:137 - ==> Parameters: eyJ0eXAiOiJKV1QiLCJhbGciOiJIUzUxMiJ9.eyJzdWIiOiIxIiwiaWF0IjoxNzc0OTcwNDY1LCJleHAiOjE3NzU1NzUyNjV9.rSa7xztbzxT3Wja0kU1R-YKAw4-vVaXIuy4HwHkkjst6NIJJ9VBqFz7Ylu7eZ6gyc-YdIwPL_wNdicigapwFqw(String)
2026-04-01 01:05:20,421 [http-nio-8999-exec-1] DEBUG [c.t.c.account.mapper.UserTokenMapper.selectList] BaseJdbcLogger.java:137 - <==      Total: 1
2026-04-01 01:05:20,424 [http-nio-8999-exec-1] DEBUG [c.t.c.f.mapper.UserFormMapper.selectPage_mpCount] BaseJdbcLogger.java:137 - ==>  Preparing: SELECT COUNT(*) AS total FROM fm_user_form WHERE (user_id = ? AND is_deleted = ? AND folder_id = ?)
2026-04-01 01:05:20,425 [http-nio-8999-exec-1] DEBUG [c.t.c.f.mapper.UserFormMapper.selectPage_mpCount] BaseJdbcLogger.java:137 - ==> Parameters: 1(Long), 0(Integer), 0(Long)
2026-04-01 01:05:20,427 [http-nio-8999-exec-1] DEBUG [c.t.c.f.mapper.UserFormMapper.selectPage_mpCount] BaseJdbcLogger.java:137 - <==      Total: 1
2026-04-01 01:05:20,428 [http-nio-8999-exec-1] DEBUG [c.t.cloud.form.mapper.UserFormMapper.selectPage] BaseJdbcLogger.java:137 - ==>  Preparing: SELECT id,form_key,name,description,source_type,source_id,user_id,status,type,is_deleted,is_folder,folder_id,create_time,update_time FROM fm_user_form WHERE (user_id = ? AND is_deleted = ? AND folder_id = ?) ORDER BY is_folder DESC,create_time DESC LIMIT ?
2026-04-01 01:05:20,429 [http-nio-8999-exec-1] DEBUG [c.t.cloud.form.mapper.UserFormMapper.selectPage] BaseJdbcLogger.java:137 - ==> Parameters: 1(Long), 0(Integer), 0(Long), 12(Long)
2026-04-01 01:05:20,431 [http-nio-8999-exec-1] DEBUG [c.t.cloud.form.mapper.UserFormMapper.selectPage] BaseJdbcLogger.java:137 - <==      Total: 1
2026-04-01 01:05:30,594 [http-nio-8999-exec-2] DEBUG [c.t.c.account.mapper.UserTokenMapper.selectList] BaseJdbcLogger.java:137 - ==>  Preparing: SELECT id,type,user_id,expire_time,token,create_time,update_time FROM ac_user_token WHERE (token = ?)
2026-04-01 01:05:30,594 [http-nio-8999-exec-2] DEBUG [c.t.c.account.mapper.UserTokenMapper.selectList] BaseJdbcLogger.java:137 - ==> Parameters: eyJ0eXAiOiJKV1QiLCJhbGciOiJIUzUxMiJ9.eyJzdWIiOiIxIiwiaWF0IjoxNzc0OTcwNDY1LCJleHAiOjE3NzU1NzUyNjV9.rSa7xztbzxT3Wja0kU1R-YKAw4-vVaXIuy4HwHkkjst6NIJJ9VBqFz7Ylu7eZ6gyc-YdIwPL_wNdicigapwFqw(String)
2026-04-01 01:05:30,596 [http-nio-8999-exec-2] DEBUG [c.t.c.account.mapper.UserTokenMapper.selectList] BaseJdbcLogger.java:137 - <==      Total: 1
2026-04-01 01:05:30,618 [http-nio-8999-exec-2] DEBUG [com.tduck.cloud.form.mapper.UserFormMapper.insert] BaseJdbcLogger.java:137 - ==>  Preparing: INSERT INTO fm_user_form ( form_key, name, description, source_type, user_id, status, type, is_deleted, folder_id, create_time, update_time ) VALUES ( ?, ?, ?, ?, ?, ?, ?, ?, ?, ?, ? )
2026-04-01 01:05:30,620 [http-nio-8999-exec-2] DEBUG [com.tduck.cloud.form.mapper.UserFormMapper.insert] BaseJdbcLogger.java:137 - ==> Parameters: 4VLobos0(String), <h2 style="text-align: center;">test1</h2>(String), (String), 1(Integer), 1(Long), 1(Integer), 1(Integer), 0(Integer), 0(Long), 2026-04-01T01:05:30.618(LocalDateTime), 2026-04-01T01:05:30.618(LocalDateTime)
2026-04-01 01:05:30,623 [http-nio-8999-exec-2] DEBUG [com.tduck.cloud.form.mapper.UserFormMapper.insert] BaseJdbcLogger.java:137 - <==    Updates: 1
2026-04-01 01:05:30,838 [http-nio-8999-exec-6] DEBUG [c.t.c.account.mapper.UserTokenMapper.selectList] BaseJdbcLogger.java:137 - ==>  Preparing: SELECT id,type,user_id,expire_time,token,create_time,update_time FROM ac_user_token WHERE (token = ?)
2026-04-01 01:05:30,839 [http-nio-8999-exec-6] DEBUG [c.t.c.account.mapper.UserTokenMapper.selectList] BaseJdbcLogger.java:137 - ==> Parameters: eyJ0eXAiOiJKV1QiLCJhbGciOiJIUzUxMiJ9.eyJzdWIiOiIxIiwiaWF0IjoxNzc0OTcwNDY1LCJleHAiOjE3NzU1NzUyNjV9.rSa7xztbzxT3Wja0kU1R-YKAw4-vVaXIuy4HwHkkjst6NIJJ9VBqFz7Ylu7eZ6gyc-YdIwPL_wNdicigapwFqw(String)
2026-04-01 01:05:30,840 [http-nio-8999-exec-6] DEBUG [c.t.c.account.mapper.UserTokenMapper.selectList] BaseJdbcLogger.java:137 - <==      Total: 1
2026-04-01 01:05:30,841 [http-nio-8999-exec-6] DEBUG [c.t.c.f.m.FormTemplateCategoryMapper.selectList] BaseJdbcLogger.java:137 - ==>  Preparing: SELECT id,name,sort,create_time,update_time FROM fm_form_template_category ORDER BY sort DESC
2026-04-01 01:05:30,842 [http-nio-8999-exec-6] DEBUG [c.t.c.f.m.FormTemplateCategoryMapper.selectList] BaseJdbcLogger.java:137 - ==> Parameters: 
2026-04-01 01:05:30,843 [http-nio-8999-exec-6] DEBUG [c.t.c.f.m.FormTemplateCategoryMapper.selectList] BaseJdbcLogger.java:137 - <==      Total: 2
2026-04-01 01:05:30,980 [http-nio-8999-exec-4] DEBUG [c.t.c.account.mapper.UserTokenMapper.selectList] BaseJdbcLogger.java:137 - ==>  Preparing: SELECT id,type,user_id,expire_time,token,create_time,update_time FROM ac_user_token WHERE (token = ?)
2026-04-01 01:05:30,980 [http-nio-8999-exec-4] DEBUG [c.t.c.account.mapper.UserTokenMapper.selectList] BaseJdbcLogger.java:137 - ==> Parameters: eyJ0eXAiOiJKV1QiLCJhbGciOiJIUzUxMiJ9.eyJzdWIiOiIxIiwiaWF0IjoxNzc0OTcwNDY1LCJleHAiOjE3NzU1NzUyNjV9.rSa7xztbzxT3Wja0kU1R-YKAw4-vVaXIuy4HwHkkjst6NIJJ9VBqFz7Ylu7eZ6gyc-YdIwPL_wNdicigapwFqw(String)
2026-04-01 01:05:30,981 [http-nio-8999-exec-4] DEBUG [c.t.c.account.mapper.UserTokenMapper.selectList] BaseJdbcLogger.java:137 - <==      Total: 1
2026-04-01 01:05:30,983 [http-nio-8999-exec-4] DEBUG [c.t.c.form.mapper.UserFormItemMapper.selectList] BaseJdbcLogger.java:137 - ==>  Preparing: SELECT id,form_key,form_item_id,type,label,is_display_type,is_hide_type,is_special_type,show_label,default_value,required,placeholder,sort,span,scheme,reg_list,create_time,update_time FROM fm_user_form_item WHERE (form_key = ?)
2026-04-01 01:05:30,983 [http-nio-8999-exec-4] DEBUG [c.t.c.form.mapper.UserFormItemMapper.selectList] BaseJdbcLogger.java:137 - ==> Parameters: 4VLobos0(String)
2026-04-01 01:05:30,984 [http-nio-8999-exec-4] DEBUG [c.t.c.form.mapper.UserFormItemMapper.selectList] BaseJdbcLogger.java:137 - <==      Total: 0
2026-04-01 01:05:31,009 [http-nio-8999-exec-8] DEBUG [c.t.c.account.mapper.UserTokenMapper.selectList] BaseJdbcLogger.java:137 - ==>  Preparing: SELECT id,type,user_id,expire_time,token,create_time,update_time FROM ac_user_token WHERE (token = ?)
2026-04-01 01:05:31,010 [http-nio-8999-exec-8] DEBUG [c.t.c.account.mapper.UserTokenMapper.selectList] BaseJdbcLogger.java:137 - ==> Parameters: eyJ0eXAiOiJKV1QiLCJhbGciOiJIUzUxMiJ9.eyJzdWIiOiIxIiwiaWF0IjoxNzc0OTcwNDY1LCJleHAiOjE3NzU1NzUyNjV9.rSa7xztbzxT3Wja0kU1R-YKAw4-vVaXIuy4HwHkkjst6NIJJ9VBqFz7Ylu7eZ6gyc-YdIwPL_wNdicigapwFqw(String)
2026-04-01 01:05:31,011 [http-nio-8999-exec-8] DEBUG [c.t.c.account.mapper.UserTokenMapper.selectList] BaseJdbcLogger.java:137 - <==      Total: 1
2026-04-01 01:05:31,013 [http-nio-8999-exec-8] DEBUG [c.t.cloud.form.mapper.UserFormMapper.selectList] BaseJdbcLogger.java:137 - ==>  Preparing: SELECT id,form_key,name,description,source_type,source_id,user_id,status,type,is_deleted,is_folder,folder_id,create_time,update_time FROM fm_user_form WHERE (form_key = ?)
2026-04-01 01:05:31,013 [http-nio-8999-exec-8] DEBUG [c.t.cloud.form.mapper.UserFormMapper.selectList] BaseJdbcLogger.java:137 - ==> Parameters: 4VLobos0(String)
2026-04-01 01:05:31,014 [http-nio-8999-exec-8] DEBUG [c.t.cloud.form.mapper.UserFormMapper.selectList] BaseJdbcLogger.java:137 - <==      Total: 1
2026-04-01 01:05:31,015 [http-nio-8999-exec-8] DEBUG [c.tduck.cloud.account.mapper.UserMapper.selectById] BaseJdbcLogger.java:137 - ==>  Preparing: SELECT id,name,avatar,gender,phone_number,email,password,reg_channel,last_login_channel,last_login_time,last_login_ip,deleted,password_type,create_time,update_time FROM ac_user WHERE id=?
2026-04-01 01:05:31,015 [http-nio-8999-exec-8] DEBUG [c.tduck.cloud.account.mapper.UserMapper.selectById] BaseJdbcLogger.java:137 - ==> Parameters: 1(Long)
2026-04-01 01:05:31,017 [http-nio-8999-exec-8] DEBUG [c.tduck.cloud.account.mapper.UserMapper.selectById] BaseJdbcLogger.java:137 - <==      Total: 1
2026-04-01 01:05:31,018 [http-nio-8999-exec-8] DEBUG [c.tduck.cloud.account.mapper.UserMapper.selectById] BaseJdbcLogger.java:137 - ==>  Preparing: SELECT id,name,avatar,gender,phone_number,email,password,reg_channel,last_login_channel,last_login_time,last_login_ip,deleted,password_type,create_time,update_time FROM ac_user WHERE id=?
2026-04-01 01:05:31,018 [http-nio-8999-exec-8] DEBUG [c.tduck.cloud.account.mapper.UserMapper.selectById] BaseJdbcLogger.java:137 - ==> Parameters: 1(Long)
2026-04-01 01:05:31,020 [http-nio-8999-exec-8] DEBUG [c.tduck.cloud.account.mapper.UserMapper.selectById] BaseJdbcLogger.java:137 - <==      Total: 1
2026-04-01 01:05:33,583 [http-nio-8999-exec-7] DEBUG [c.t.c.account.mapper.UserTokenMapper.selectList] BaseJdbcLogger.java:137 - ==>  Preparing: SELECT id,type,user_id,expire_time,token,create_time,update_time FROM ac_user_token WHERE (token = ?)
2026-04-01 01:05:33,583 [http-nio-8999-exec-7] DEBUG [c.t.c.account.mapper.UserTokenMapper.selectList] BaseJdbcLogger.java:137 - ==> Parameters: eyJ0eXAiOiJKV1QiLCJhbGciOiJIUzUxMiJ9.eyJzdWIiOiIxIiwiaWF0IjoxNzc0OTcwNDY1LCJleHAiOjE3NzU1NzUyNjV9.rSa7xztbzxT3Wja0kU1R-YKAw4-vVaXIuy4HwHkkjst6NIJJ9VBqFz7Ylu7eZ6gyc-YdIwPL_wNdicigapwFqw(String)
2026-04-01 01:05:33,584 [http-nio-8999-exec-7] DEBUG [c.t.c.account.mapper.UserTokenMapper.selectList] BaseJdbcLogger.java:137 - <==      Total: 1
2026-04-01 01:05:33,610 [http-nio-8999-exec-7] DEBUG [c.t.c.form.mapper.UserFormItemMapper.selectPage] BaseJdbcLogger.java:137 - ==>  Preparing: SELECT id,form_key,form_item_id,type,label,is_display_type,is_hide_type,is_special_type,show_label,default_value,required,placeholder,sort,span,scheme,reg_list,create_time,update_time FROM fm_user_form_item WHERE (form_key = ?) ORDER BY sort DESC LIMIT ?
2026-04-01 01:05:33,611 [http-nio-8999-exec-7] DEBUG [c.t.c.form.mapper.UserFormItemMapper.selectPage] BaseJdbcLogger.java:137 - ==> Parameters: 4VLobos0(String), 1(Long)
2026-04-01 01:05:33,612 [http-nio-8999-exec-7] DEBUG [c.t.c.form.mapper.UserFormItemMapper.selectPage] BaseJdbcLogger.java:137 - <==      Total: 0
2026-04-01 01:05:33,622 [http-nio-8999-exec-7] DEBUG [c.t.cloud.form.mapper.UserFormItemMapper.insert] BaseJdbcLogger.java:137 - ==>  Preparing: INSERT INTO fm_user_form_item ( form_key, form_item_id, type, label, is_display_type, is_hide_type, is_special_type, show_label, default_value, required, placeholder, sort, span, scheme, reg_list, create_time, update_time ) VALUES ( ?, ?, ?, ?, ?, ?, ?, ?, ?, ?, ?, ?, ?, ?, ?, ?, ? )
2026-04-01 01:05:33,625 [http-nio-8999-exec-7] DEBUG [c.t.cloud.form.mapper.UserFormItemMapper.insert] BaseJdbcLogger.java:137 - ==> Parameters: 4VLobos0(String), slider1774976733322(String), SLIDER(String), 滑块组件(String), 0(Integer), 0(Integer), 0(Integer), 1(Integer), 0(String), 1(Integer), (String), 65536(Long), 24(Integer), {"typeId":"SLIDER","config":{"label":"滑块组件","tag":"t-slider","tagIcon":"slider","defaultValue":0,"span":24,"showLabel":true,"showRegList":false,"required":true,"regList":[],"changeTag":true,"formId":"slider1774976733322","renderKey":"slider17749767333221774976733322"},"style":{},"max":100,"min":0,"step":1,"vModel":"slider1774976733322"}(String), [](String), 2026-04-01T01:05:33.622(LocalDateTime), 2026-04-01T01:05:33.622(LocalDateTime)
2026-04-01 01:05:33,628 [http-nio-8999-exec-7] DEBUG [c.t.cloud.form.mapper.UserFormItemMapper.insert] BaseJdbcLogger.java:137 - <==    Updates: 1
2026-04-01 01:05:40,348 [http-nio-8999-exec-5] DEBUG [c.t.c.account.mapper.UserTokenMapper.selectList] BaseJdbcLogger.java:137 - ==>  Preparing: SELECT id,type,user_id,expire_time,token,create_time,update_time FROM ac_user_token WHERE (token = ?)
2026-04-01 01:05:40,349 [http-nio-8999-exec-5] DEBUG [c.t.c.account.mapper.UserTokenMapper.selectList] BaseJdbcLogger.java:137 - ==> Parameters: eyJ0eXAiOiJKV1QiLCJhbGciOiJIUzUxMiJ9.eyJzdWIiOiIxIiwiaWF0IjoxNzc0OTcwNDY1LCJleHAiOjE3NzU1NzUyNjV9.rSa7xztbzxT3Wja0kU1R-YKAw4-vVaXIuy4HwHkkjst6NIJJ9VBqFz7Ylu7eZ6gyc-YdIwPL_wNdicigapwFqw(String)
2026-04-01 01:05:40,350 [http-nio-8999-exec-5] DEBUG [c.t.c.account.mapper.UserTokenMapper.selectList] BaseJdbcLogger.java:137 - <==      Total: 1
2026-04-01 01:05:40,352 [http-nio-8999-exec-5] INFO  [c.t.cloud.api.web.controller.UploadFileController] UploadFileController.java:49 - 开始上传用户文件, 用户ID: 1, 文件名: 1546FF55C35207CE1BC1C79B43215148.png, 文件类型: DEFAULT, 业务类型: cover
2026-04-01 01:05:40,362 [http-nio-8999-exec-5] INFO  [c.t.cloud.api.web.controller.UploadFileController] UploadFileController.java:79 - 文件存储路径: cover/3b297be20bbc4af38b28cae4c79ecf77.png
2026-04-01 01:05:40,367 [http-nio-8999-exec-5] INFO  [com.tduck.cloud.storage.cloud.OssStorageFactory] OssStorageFactory.java:67 - 使用配置的上传路径: F:/wechat/success/wenjuan/wenjuan/images
2026-04-01 01:05:40,367 [http-nio-8999-exec-5] ERROR [com.tduck.cloud.storage.cloud.OssStorageFactory] OssStorageFactory.java:78 - 无法创建上传目录: F:\wechat\success\wenjuan\wenjuan\images
2026-04-01 01:05:40,394 [http-nio-8999-exec-5] INFO  [com.tduck.cloud.storage.cloud.OssStorageFactory] OssStorageFactory.java:88 - 设置默认域名: http://localhost:8999/images
2026-04-01 01:05:40,398 [http-nio-8999-exec-5] INFO  [com.tduck.cloud.storage.cloud.OssStorageFactory] OssStorageFactory.java:92 - 更新存储配置完成:{"ossType":3,"endpoint":null,"accessKeyId":null,"accessKeySecret":null,"bucketName":null,"domain":"http://localhost:8999/images","uploadFolder":"F:/wechat/success/wenjuan/wenjuan/images","accessPathPattern":"/images/**"}
2026-04-01 01:05:40,398 [http-nio-8999-exec-5] INFO  [com.tduck.cloud.storage.cloud.LocalStorageService] LocalStorageService.java:26 - 上传文件到本地服务器，存储路径: F:/wechat/success/wenjuan/wenjuan/images, 文件相对路径: cover/3b297be20bbc4af38b28cae4c79ecf77.png
2026-04-01 01:05:40,406 [http-nio-8999-exec-5] INFO  [com.tduck.cloud.storage.cloud.LocalStorageService] LocalStorageService.java:31 - 创建上传根目录: F:\wechat\success\wenjuan\wenjuan\images
2026-04-01 01:05:40,478 [http-nio-8999-exec-5] INFO  [com.tduck.cloud.storage.cloud.LocalStorageService] LocalStorageService.java:41 - 创建文件父目录: F:\wechat\success\wenjuan\wenjuan\images\cover
2026-04-01 01:05:40,555 [http-nio-8999-exec-5] ERROR [com.tduck.cloud.storage.cloud.LocalStorageService] LocalStorageService.java:45 - 无法创建目录: F:\wechat\success\wenjuan\wenjuan\images\cover
2026-04-01 01:05:40,555 [http-nio-8999-exec-5] ERROR [com.tduck.cloud.storage.cloud.LocalStorageService] LocalStorageService.java:56 - 文件上传失败: 无法创建文件目录，请检查权限或路径是否正确
com.tduck.cloud.storage.exception.StorageException: 无法创建文件目录，请检查权限或路径是否正确
	at com.tduck.cloud.storage.cloud.LocalStorageService.upload(LocalStorageService.java:46)
	at com.tduck.cloud.api.web.controller.UploadFileController.uploadUserFile(UploadFileController.java:85)
	at sun.reflect.NativeMethodAccessorImpl.invoke0(Native Method)
	at sun.reflect.NativeMethodAccessorImpl.invoke(NativeMethodAccessorImpl.java:62)
	at sun.reflect.DelegatingMethodAccessorImpl.invoke(DelegatingMethodAccessorImpl.java:43)
	at java.lang.reflect.Method.invoke(Method.java:498)
	at org.springframework.web.method.support.InvocableHandlerMethod.doInvoke(InvocableHandlerMethod.java:205)
	at org.springframework.web.method.support.InvocableHandlerMethod.invokeForRequest(InvocableHandlerMethod.java:150)
	at org.springframework.web.servlet.mvc.method.annotation.ServletInvocableHandlerMethod.invokeAndHandle(ServletInvocableHandlerMethod.java:117)
	at org.springframework.web.servlet.mvc.method.annotation.RequestMappingHandlerAdapter.invokeHandlerMethod(RequestMappingHandlerAdapter.java:895)
	at org.springframework.web.servlet.mvc.method.annotation.RequestMappingHandlerAdapter.handleInternal(RequestMappingHandlerAdapter.java:808)
	at org.springframework.web.servlet.mvc.method.AbstractHandlerMethodAdapter.handle(AbstractHandlerMethodAdapter.java:87)
	at org.springframework.web.servlet.DispatcherServlet.doDispatch(DispatcherServlet.java:1071)
	at org.springframework.web.servlet.DispatcherServlet.doService(DispatcherServlet.java:964)
	at org.springframework.web.servlet.FrameworkServlet.processRequest(FrameworkServlet.java:1006)
	at org.springframework.web.servlet.FrameworkServlet.doPost(FrameworkServlet.java:909)
	at javax.servlet.http.HttpServlet.service(HttpServlet.java:696)
	at org.springframework.web.servlet.FrameworkServlet.service(FrameworkServlet.java:883)
	at javax.servlet.http.HttpServlet.service(HttpServlet.java:779)
	at org.apache.catalina.core.ApplicationFilterChain.internalDoFilter(ApplicationFilterChain.java:227)
	at org.apache.catalina.core.ApplicationFilterChain.doFilter(ApplicationFilterChain.java:162)
	at org.apache.tomcat.websocket.server.WsFilter.doFilter(WsFilter.java:53)
	at org.apache.catalina.core.ApplicationFilterChain.internalDoFilter(ApplicationFilterChain.java:189)
	at org.apache.catalina.core.ApplicationFilterChain.doFilter(ApplicationFilterChain.java:162)
	at org.springframework.web.servlet.resource.ResourceUrlEncodingFilter.doFilter(ResourceUrlEncodingFilter.java:67)
	at org.apache.catalina.core.ApplicationFilterChain.internalDoFilter(ApplicationFilterChain.java:189)
	at org.apache.catalina.core.ApplicationFilterChain.doFilter(ApplicationFilterChain.java:162)
	at org.springframework.web.filter.CorsFilter.doFilterInternal(CorsFilter.java:91)
	at org.springframework.web.filter.OncePerRequestFilter.doFilter(OncePerRequestFilter.java:117)
	at org.apache.catalina.core.ApplicationFilterChain.internalDoFilter(ApplicationFilterChain.java:189)
	at org.apache.catalina.core.ApplicationFilterChain.doFilter(ApplicationFilterChain.java:162)
	at org.springframework.web.filter.RequestContextFilter.doFilterInternal(RequestContextFilter.java:100)
	at org.springframework.web.filter.OncePerRequestFilter.doFilter(OncePerRequestFilter.java:117)
	at org.apache.catalina.core.ApplicationFilterChain.internalDoFilter(ApplicationFilterChain.java:189)
	at org.apache.catalina.core.ApplicationFilterChain.doFilter(ApplicationFilterChain.java:162)
	at org.springframework.web.filter.FormContentFilter.doFilterInternal(FormContentFilter.java:93)
	at org.springframework.web.filter.OncePerRequestFilter.doFilter(OncePerRequestFilter.java:117)
	at org.apache.catalina.core.ApplicationFilterChain.internalDoFilter(ApplicationFilterChain.java:189)
	at org.apache.catalina.core.ApplicationFilterChain.doFilter(ApplicationFilterChain.java:162)
	at org.springframework.web.filter.CharacterEncodingFilter.doFilterInternal(CharacterEncodingFilter.java:201)
	at org.springframework.web.filter.OncePerRequestFilter.doFilter(OncePerRequestFilter.java:117)
	at org.apache.catalina.core.ApplicationFilterChain.internalDoFilter(ApplicationFilterChain.java:189)
	at org.apache.catalina.core.ApplicationFilterChain.doFilter(ApplicationFilterChain.java:162)
	at org.apache.catalina.core.StandardWrapperValve.invoke(StandardWrapperValve.java:177)
	at org.apache.catalina.core.StandardContextValve.invoke(StandardContextValve.java:97)
	at org.apache.catalina.authenticator.AuthenticatorBase.invoke(AuthenticatorBase.java:541)
	at org.apache.catalina.core.StandardHostValve.invoke(StandardHostValve.java:135)
	at org.apache.catalina.valves.ErrorReportValve.invoke(ErrorReportValve.java:92)
	at org.apache.catalina.core.StandardEngineValve.invoke(StandardEngineValve.java:78)
	at org.apache.catalina.connector.CoyoteAdapter.service(CoyoteAdapter.java:360)
	at org.apache.coyote.http11.Http11Processor.service(Http11Processor.java:399)
	at org.apache.coyote.AbstractProcessorLight.process(AbstractProcessorLight.java:65)
	at org.apache.coyote.AbstractProtocol$ConnectionHandler.process(AbstractProtocol.java:891)
	at org.apache.tomcat.util.net.NioEndpoint$SocketProcessor.doRun(NioEndpoint.java:1784)
	at org.apache.tomcat.util.net.SocketProcessorBase.run(SocketProcessorBase.java:49)
	at org.apache.tomcat.util.threads.ThreadPoolExecutor.runWorker(ThreadPoolExecutor.java:1191)
	at org.apache.tomcat.util.threads.ThreadPoolExecutor$Worker.run(ThreadPoolExecutor.java:659)
	at org.apache.tomcat.util.threads.TaskThread$WrappingRunnable.run(TaskThread.java:61)
	at java.lang.Thread.run(Thread.java:748)
2026-04-01 01:05:40,557 [http-nio-8999-exec-5] ERROR [c.t.cloud.api.web.controller.UploadFileController] UploadFileController.java:90 - 文件上传失败: 文件上传失败: 无法创建文件目录，请检查权限或路径是否正确
com.tduck.cloud.storage.exception.StorageException: 文件上传失败: 无法创建文件目录，请检查权限或路径是否正确
	at com.tduck.cloud.storage.cloud.LocalStorageService.upload(LocalStorageService.java:57)
	at com.tduck.cloud.api.web.controller.UploadFileController.uploadUserFile(UploadFileController.java:85)
	at sun.reflect.NativeMethodAccessorImpl.invoke0(Native Method)
	at sun.reflect.NativeMethodAccessorImpl.invoke(NativeMethodAccessorImpl.java:62)
	at sun.reflect.DelegatingMethodAccessorImpl.invoke(DelegatingMethodAccessorImpl.java:43)
	at java.lang.reflect.Method.invoke(Method.java:498)
	at org.springframework.web.method.support.InvocableHandlerMethod.doInvoke(InvocableHandlerMethod.java:205)
	at org.springframework.web.method.support.InvocableHandlerMethod.invokeForRequest(InvocableHandlerMethod.java:150)
	at org.springframework.web.servlet.mvc.method.annotation.ServletInvocableHandlerMethod.invokeAndHandle(ServletInvocableHandlerMethod.java:117)
	at org.springframework.web.servlet.mvc.method.annotation.RequestMappingHandlerAdapter.invokeHandlerMethod(RequestMappingHandlerAdapter.java:895)
	at org.springframework.web.servlet.mvc.method.annotation.RequestMappingHandlerAdapter.handleInternal(RequestMappingHandlerAdapter.java:808)
	at org.springframework.web.servlet.mvc.method.AbstractHandlerMethodAdapter.handle(AbstractHandlerMethodAdapter.java:87)
	at org.springframework.web.servlet.DispatcherServlet.doDispatch(DispatcherServlet.java:1071)
	at org.springframework.web.servlet.DispatcherServlet.doService(DispatcherServlet.java:964)
	at org.springframework.web.servlet.FrameworkServlet.processRequest(FrameworkServlet.java:1006)
	at org.springframework.web.servlet.FrameworkServlet.doPost(FrameworkServlet.java:909)
	at javax.servlet.http.HttpServlet.service(HttpServlet.java:696)
	at org.springframework.web.servlet.FrameworkServlet.service(FrameworkServlet.java:883)
	at javax.servlet.http.HttpServlet.service(HttpServlet.java:779)
	at org.apache.catalina.core.ApplicationFilterChain.internalDoFilter(ApplicationFilterChain.java:227)
	at org.apache.catalina.core.ApplicationFilterChain.doFilter(ApplicationFilterChain.java:162)
	at org.apache.tomcat.websocket.server.WsFilter.doFilter(WsFilter.java:53)
	at org.apache.catalina.core.ApplicationFilterChain.internalDoFilter(ApplicationFilterChain.java:189)
	at org.apache.catalina.core.ApplicationFilterChain.doFilter(ApplicationFilterChain.java:162)
	at org.springframework.web.servlet.resource.ResourceUrlEncodingFilter.doFilter(ResourceUrlEncodingFilter.java:67)
	at org.apache.catalina.core.ApplicationFilterChain.internalDoFilter(ApplicationFilterChain.java:189)
	at org.apache.catalina.core.ApplicationFilterChain.doFilter(ApplicationFilterChain.java:162)
	at org.springframework.web.filter.CorsFilter.doFilterInternal(CorsFilter.java:91)
	at org.springframework.web.filter.OncePerRequestFilter.doFilter(OncePerRequestFilter.java:117)
	at org.apache.catalina.core.ApplicationFilterChain.internalDoFilter(ApplicationFilterChain.java:189)
	at org.apache.catalina.core.ApplicationFilterChain.doFilter(ApplicationFilterChain.java:162)
	at org.springframework.web.filter.RequestContextFilter.doFilterInternal(RequestContextFilter.java:100)
	at org.springframework.web.filter.OncePerRequestFilter.doFilter(OncePerRequestFilter.java:117)
	at org.apache.catalina.core.ApplicationFilterChain.internalDoFilter(ApplicationFilterChain.java:189)
	at org.apache.catalina.core.ApplicationFilterChain.doFilter(ApplicationFilterChain.java:162)
	at org.springframework.web.filter.FormContentFilter.doFilterInternal(FormContentFilter.java:93)
	at org.springframework.web.filter.OncePerRequestFilter.doFilter(OncePerRequestFilter.java:117)
	at org.apache.catalina.core.ApplicationFilterChain.internalDoFilter(ApplicationFilterChain.java:189)
	at org.apache.catalina.core.ApplicationFilterChain.doFilter(ApplicationFilterChain.java:162)
	at org.springframework.web.filter.CharacterEncodingFilter.doFilterInternal(CharacterEncodingFilter.java:201)
	at org.springframework.web.filter.OncePerRequestFilter.doFilter(OncePerRequestFilter.java:117)
	at org.apache.catalina.core.ApplicationFilterChain.internalDoFilter(ApplicationFilterChain.java:189)
	at org.apache.catalina.core.ApplicationFilterChain.doFilter(ApplicationFilterChain.java:162)
	at org.apache.catalina.core.StandardWrapperValve.invoke(StandardWrapperValve.java:177)
	at org.apache.catalina.core.StandardContextValve.invoke(StandardContextValve.java:97)
	at org.apache.catalina.authenticator.AuthenticatorBase.invoke(AuthenticatorBase.java:541)
	at org.apache.catalina.core.StandardHostValve.invoke(StandardHostValve.java:135)
	at org.apache.catalina.valves.ErrorReportValve.invoke(ErrorReportValve.java:92)
	at org.apache.catalina.core.StandardEngineValve.invoke(StandardEngineValve.java:78)
	at org.apache.catalina.connector.CoyoteAdapter.service(CoyoteAdapter.java:360)
	at org.apache.coyote.http11.Http11Processor.service(Http11Processor.java:399)
	at org.apache.coyote.AbstractProcessorLight.process(AbstractProcessorLight.java:65)
	at org.apache.coyote.AbstractProtocol$ConnectionHandler.process(AbstractProtocol.java:891)
	at org.apache.tomcat.util.net.NioEndpoint$SocketProcessor.doRun(NioEndpoint.java:1784)
	at org.apache.tomcat.util.net.SocketProcessorBase.run(SocketProcessorBase.java:49)
	at org.apache.tomcat.util.threads.ThreadPoolExecutor.runWorker(ThreadPoolExecutor.java:1191)
	at org.apache.tomcat.util.threads.ThreadPoolExecutor$Worker.run(ThreadPoolExecutor.java:659)
	at org.apache.tomcat.util.threads.TaskThread$WrappingRunnable.run(TaskThread.java:61)
	at java.lang.Thread.run(Thread.java:748)
Caused by: com.tduck.cloud.storage.exception.StorageException: 无法创建文件目录，请检查权限或路径是否正确
	at com.tduck.cloud.storage.cloud.LocalStorageService.upload(LocalStorageService.java:46)
	... 58 common frames omitted
2026-04-01 01:05:40,561 [http-nio-8999-exec-5] WARN  [o.s.w.m.support.StandardServletMultipartResolver] StandardServletMultipartResolver.java:139 - Failed to perform cleanup of multipart items
java.io.UncheckedIOException: Cannot delete C:\Users\24300\AppData\Local\Temp\tomcat.8999.5718079367803288091\work\Tomcat\localhost\ROOT\upload_b7d04567_5076_4f31_ab6f_2e9746259cbf_00000001.tmp
	at org.apache.tomcat.util.http.fileupload.disk.DiskFileItem.delete(DiskFileItem.java:431)
	at org.apache.catalina.core.ApplicationPart.delete(ApplicationPart.java:54)
	at org.springframework.web.multipart.support.StandardServletMultipartResolver.cleanupMultipart(StandardServletMultipartResolver.java:134)
	at org.springframework.web.servlet.DispatcherServlet.cleanupMultipart(DispatcherServlet.java:1250)
	at org.springframework.web.servlet.DispatcherServlet.doDispatch(DispatcherServlet.java:1107)
	at org.springframework.web.servlet.DispatcherServlet.doService(DispatcherServlet.java:964)
	at org.springframework.web.servlet.FrameworkServlet.processRequest(FrameworkServlet.java:1006)
	at org.springframework.web.servlet.FrameworkServlet.doPost(FrameworkServlet.java:909)
	at javax.servlet.http.HttpServlet.service(HttpServlet.java:696)
	at org.springframework.web.servlet.FrameworkServlet.service(FrameworkServlet.java:883)
	at javax.servlet.http.HttpServlet.service(HttpServlet.java:779)
	at org.apache.catalina.core.ApplicationFilterChain.internalDoFilter(ApplicationFilterChain.java:227)
	at org.apache.catalina.core.ApplicationFilterChain.doFilter(ApplicationFilterChain.java:162)
	at org.apache.tomcat.websocket.server.WsFilter.doFilter(WsFilter.java:53)
	at org.apache.catalina.core.ApplicationFilterChain.internalDoFilter(ApplicationFilterChain.java:189)
	at org.apache.catalina.core.ApplicationFilterChain.doFilter(ApplicationFilterChain.java:162)
	at org.springframework.web.servlet.resource.ResourceUrlEncodingFilter.doFilter(ResourceUrlEncodingFilter.java:67)
	at org.apache.catalina.core.ApplicationFilterChain.internalDoFilter(ApplicationFilterChain.java:189)
	at org.apache.catalina.core.ApplicationFilterChain.doFilter(ApplicationFilterChain.java:162)
	at org.springframework.web.filter.CorsFilter.doFilterInternal(CorsFilter.java:91)
	at org.springframework.web.filter.OncePerRequestFilter.doFilter(OncePerRequestFilter.java:117)
	at org.apache.catalina.core.ApplicationFilterChain.internalDoFilter(ApplicationFilterChain.java:189)
	at org.apache.catalina.core.ApplicationFilterChain.doFilter(ApplicationFilterChain.java:162)
	at org.springframework.web.filter.RequestContextFilter.doFilterInternal(RequestContextFilter.java:100)
	at org.springframework.web.filter.OncePerRequestFilter.doFilter(OncePerRequestFilter.java:117)
	at org.apache.catalina.core.ApplicationFilterChain.internalDoFilter(ApplicationFilterChain.java:189)
	at org.apache.catalina.core.ApplicationFilterChain.doFilter(ApplicationFilterChain.java:162)
	at org.springframework.web.filter.FormContentFilter.doFilterInternal(FormContentFilter.java:93)
	at org.springframework.web.filter.OncePerRequestFilter.doFilter(OncePerRequestFilter.java:117)
	at org.apache.catalina.core.ApplicationFilterChain.internalDoFilter(ApplicationFilterChain.java:189)
	at org.apache.catalina.core.ApplicationFilterChain.doFilter(ApplicationFilterChain.java:162)
	at org.springframework.web.filter.CharacterEncodingFilter.doFilterInternal(CharacterEncodingFilter.java:201)
	at org.springframework.web.filter.OncePerRequestFilter.doFilter(OncePerRequestFilter.java:117)
	at org.apache.catalina.core.ApplicationFilterChain.internalDoFilter(ApplicationFilterChain.java:189)
	at org.apache.catalina.core.ApplicationFilterChain.doFilter(ApplicationFilterChain.java:162)
	at org.apache.catalina.core.StandardWrapperValve.invoke(StandardWrapperValve.java:177)
	at org.apache.catalina.core.StandardContextValve.invoke(StandardContextValve.java:97)
	at org.apache.catalina.authenticator.AuthenticatorBase.invoke(AuthenticatorBase.java:541)
	at org.apache.catalina.core.StandardHostValve.invoke(StandardHostValve.java:135)
	at org.apache.catalina.valves.ErrorReportValve.invoke(ErrorReportValve.java:92)
	at org.apache.catalina.core.StandardEngineValve.invoke(StandardEngineValve.java:78)
	at org.apache.catalina.connector.CoyoteAdapter.service(CoyoteAdapter.java:360)
	at org.apache.coyote.http11.Http11Processor.service(Http11Processor.java:399)
	at org.apache.coyote.AbstractProcessorLight.process(AbstractProcessorLight.java:65)
	at org.apache.coyote.AbstractProtocol$ConnectionHandler.process(AbstractProtocol.java:891)
	at org.apache.tomcat.util.net.NioEndpoint$SocketProcessor.doRun(NioEndpoint.java:1784)
	at org.apache.tomcat.util.net.SocketProcessorBase.run(SocketProcessorBase.java:49)
	at org.apache.tomcat.util.threads.ThreadPoolExecutor.runWorker(ThreadPoolExecutor.java:1191)
	at org.apache.tomcat.util.threads.ThreadPoolExecutor$Worker.run(ThreadPoolExecutor.java:659)
	at org.apache.tomcat.util.threads.TaskThread$WrappingRunnable.run(TaskThread.java:61)
	at java.lang.Thread.run(Thread.java:748)
Caused by: java.io.IOException: Cannot delete C:\Users\24300\AppData\Local\Temp\tomcat.8999.5718079367803288091\work\Tomcat\localhost\ROOT\upload_b7d04567_5076_4f31_ab6f_2e9746259cbf_00000001.tmp
	... 51 common frames omitted
2026-04-01 01:05:40,645 [http-nio-8999-exec-5] ERROR [org.apache.coyote.http11.Http11Processor] DirectJDKLog.java:175 - Error processing request
java.io.UncheckedIOException: Cannot delete C:\Users\24300\AppData\Local\Temp\tomcat.8999.5718079367803288091\work\Tomcat\localhost\ROOT\upload_b7d04567_5076_4f31_ab6f_2e9746259cbf_00000001.tmp
	at org.apache.tomcat.util.http.fileupload.disk.DiskFileItem.delete(DiskFileItem.java:431)
	at org.apache.catalina.core.ApplicationPart.delete(ApplicationPart.java:54)
	at org.apache.catalina.connector.Request.recycle(Request.java:483)
	at org.apache.catalina.connector.CoyoteAdapter.service(CoyoteAdapter.java:441)
	at org.apache.coyote.http11.Http11Processor.service(Http11Processor.java:399)
	at org.apache.coyote.AbstractProcessorLight.process(AbstractProcessorLight.java:65)
	at org.apache.coyote.AbstractProtocol$ConnectionHandler.process(AbstractProtocol.java:891)
	at org.apache.tomcat.util.net.NioEndpoint$SocketProcessor.doRun(NioEndpoint.java:1784)
	at org.apache.tomcat.util.net.SocketProcessorBase.run(SocketProcessorBase.java:49)
	at org.apache.tomcat.util.threads.ThreadPoolExecutor.runWorker(ThreadPoolExecutor.java:1191)
	at org.apache.tomcat.util.threads.ThreadPoolExecutor$Worker.run(ThreadPoolExecutor.java:659)
	at org.apache.tomcat.util.threads.TaskThread$WrappingRunnable.run(TaskThread.java:61)
	at java.lang.Thread.run(Thread.java:748)
Caused by: java.io.IOException: Cannot delete C:\Users\24300\AppData\Local\Temp\tomcat.8999.5718079367803288091\work\Tomcat\localhost\ROOT\upload_b7d04567_5076_4f31_ab6f_2e9746259cbf_00000001.tmp
	... 13 common frames omitted
2026-04-01 01:05:40,650 [http-nio-8999-exec-5] ERROR [org.apache.coyote.http11.Http11NioProtocol] DirectJDKLog.java:175 - Error reading request, ignored
java.io.UncheckedIOException: Cannot delete C:\Users\24300\AppData\Local\Temp\tomcat.8999.5718079367803288091\work\Tomcat\localhost\ROOT\upload_b7d04567_5076_4f31_ab6f_2e9746259cbf_00000001.tmp
	at org.apache.tomcat.util.http.fileupload.disk.DiskFileItem.delete(DiskFileItem.java:431)
	at org.apache.catalina.core.ApplicationPart.delete(ApplicationPart.java:54)
	at org.apache.catalina.connector.Request.recycle(Request.java:483)
	at org.apache.catalina.connector.CoyoteAdapter.log(CoyoteAdapter.java:515)
	at org.apache.coyote.http11.Http11Processor.service(Http11Processor.java:429)
	at org.apache.coyote.AbstractProcessorLight.process(AbstractProcessorLight.java:65)
	at org.apache.coyote.AbstractProtocol$ConnectionHandler.process(AbstractProtocol.java:891)
	at org.apache.tomcat.util.net.NioEndpoint$SocketProcessor.doRun(NioEndpoint.java:1784)
	at org.apache.tomcat.util.net.SocketProcessorBase.run(SocketProcessorBase.java:49)
	at org.apache.tomcat.util.threads.ThreadPoolExecutor.runWorker(ThreadPoolExecutor.java:1191)
	at org.apache.tomcat.util.threads.ThreadPoolExecutor$Worker.run(ThreadPoolExecutor.java:659)
	at org.apache.tomcat.util.threads.TaskThread$WrappingRunnable.run(TaskThread.java:61)
	at java.lang.Thread.run(Thread.java:748)
Caused by: java.io.IOException: Cannot delete C:\Users\24300\AppData\Local\Temp\tomcat.8999.5718079367803288091\work\Tomcat\localhost\ROOT\upload_b7d04567_5076_4f31_ab6f_2e9746259cbf_00000001.tmp
	... 13 common frames omitted
2026-04-01 01:05:40,652 [http-nio-8999-exec-5] ERROR [org.apache.tomcat.util.net.NioEndpoint] DirectJDKLog.java:175 - Error running socket processor
java.io.UncheckedIOException: Cannot delete C:\Users\24300\AppData\Local\Temp\tomcat.8999.5718079367803288091\work\Tomcat\localhost\ROOT\upload_b7d04567_5076_4f31_ab6f_2e9746259cbf_00000001.tmp
	at org.apache.tomcat.util.http.fileupload.disk.DiskFileItem.delete(DiskFileItem.java:431)
	at org.apache.catalina.core.ApplicationPart.delete(ApplicationPart.java:54)
	at org.apache.catalina.connector.Request.recycle(Request.java:483)
	at org.apache.catalina.connector.CoyoteAdapter.log(CoyoteAdapter.java:515)
	at org.apache.catalina.connector.CoyoteAdapter.checkRecycled(CoyoteAdapter.java:539)
	at org.apache.coyote.http11.Http11Processor.recycle(Http11Processor.java:1439)
	at org.apache.coyote.AbstractProtocol$ConnectionHandler.release(AbstractProtocol.java:1098)
	at org.apache.coyote.AbstractProtocol$ConnectionHandler.process(AbstractProtocol.java:1056)
	at org.apache.tomcat.util.net.NioEndpoint$SocketProcessor.doRun(NioEndpoint.java:1784)
	at org.apache.tomcat.util.net.SocketProcessorBase.run(SocketProcessorBase.java:49)
	at org.apache.tomcat.util.threads.ThreadPoolExecutor.runWorker(ThreadPoolExecutor.java:1191)
	at org.apache.tomcat.util.threads.ThreadPoolExecutor$Worker.run(ThreadPoolExecutor.java:659)
	at org.apache.tomcat.util.threads.TaskThread$WrappingRunnable.run(TaskThread.java:61)
	at java.lang.Thread.run(Thread.java:748)
Caused by: java.io.IOException: Cannot delete C:\Users\24300\AppData\Local\Temp\tomcat.8999.5718079367803288091\work\Tomcat\localhost\ROOT\upload_b7d04567_5076_4f31_ab6f_2e9746259cbf_00000001.tmp
	... 14 common frames omitted
2026-04-01 01:16:13,449 [http-nio-8999-exec-10] DEBUG [c.t.c.account.mapper.UserTokenMapper.selectList] BaseJdbcLogger.java:137 - ==>  Preparing: SELECT id,type,user_id,expire_time,token,create_time,update_time FROM ac_user_token WHERE (token = ?)
2026-04-01 01:16:13,460 [http-nio-8999-exec-10] DEBUG [c.t.c.account.mapper.UserTokenMapper.selectList] BaseJdbcLogger.java:137 - ==> Parameters: eyJ0eXAiOiJKV1QiLCJhbGciOiJIUzUxMiJ9.eyJzdWIiOiIxIiwiaWF0IjoxNzc0OTcwNDY1LCJleHAiOjE3NzU1NzUyNjV9.rSa7xztbzxT3Wja0kU1R-YKAw4-vVaXIuy4HwHkkjst6NIJJ9VBqFz7Ylu7eZ6gyc-YdIwPL_wNdicigapwFqw(String)
2026-04-01 01:16:13,473 [http-nio-8999-exec-10] DEBUG [c.t.c.account.mapper.UserTokenMapper.selectList] BaseJdbcLogger.java:137 - <==      Total: 1
2026-04-01 01:16:13,481 [http-nio-8999-exec-10] INFO  [c.t.cloud.api.web.controller.UploadFileController] UploadFileController.java:49 - 开始上传用户文件, 用户ID: 1, 文件名: 1546FF55C35207CE1BC1C79B43215148.png, 文件类型: DEFAULT, 业务类型: cover
2026-04-01 01:16:13,486 [http-nio-8999-exec-10] INFO  [c.t.cloud.api.web.controller.UploadFileController] UploadFileController.java:79 - 文件存储路径: cover/0ed3f28b2e7546dcb73c60476f437b74.png
2026-04-01 01:16:13,488 [http-nio-8999-exec-10] INFO  [com.tduck.cloud.storage.cloud.LocalStorageService] LocalStorageService.java:26 - 上传文件到本地服务器，存储路径: F:/wechat/success/wenjuan/wenjuan/images, 文件相对路径: cover/0ed3f28b2e7546dcb73c60476f437b74.png
2026-04-01 01:16:13,490 [http-nio-8999-exec-10] INFO  [com.tduck.cloud.storage.cloud.LocalStorageService] LocalStorageService.java:31 - 创建上传根目录: F:\wechat\success\wenjuan\wenjuan\images
2026-04-01 01:16:13,555 [http-nio-8999-exec-10] INFO  [com.tduck.cloud.storage.cloud.LocalStorageService] LocalStorageService.java:41 - 创建文件父目录: F:\wechat\success\wenjuan\wenjuan\images\cover
2026-04-01 01:16:13,632 [http-nio-8999-exec-10] ERROR [com.tduck.cloud.storage.cloud.LocalStorageService] LocalStorageService.java:45 - 无法创建目录: F:\wechat\success\wenjuan\wenjuan\images\cover
2026-04-01 01:16:13,634 [http-nio-8999-exec-10] ERROR [com.tduck.cloud.storage.cloud.LocalStorageService] LocalStorageService.java:56 - 文件上传失败: 无法创建文件目录，请检查权限或路径是否正确
com.tduck.cloud.storage.exception.StorageException: 无法创建文件目录，请检查权限或路径是否正确
	at com.tduck.cloud.storage.cloud.LocalStorageService.upload(LocalStorageService.java:46)
	at com.tduck.cloud.api.web.controller.UploadFileController.uploadUserFile(UploadFileController.java:85)
	at sun.reflect.NativeMethodAccessorImpl.invoke0(Native Method)
	at sun.reflect.NativeMethodAccessorImpl.invoke(NativeMethodAccessorImpl.java:62)
	at sun.reflect.DelegatingMethodAccessorImpl.invoke(DelegatingMethodAccessorImpl.java:43)
	at java.lang.reflect.Method.invoke(Method.java:498)
	at org.springframework.web.method.support.InvocableHandlerMethod.doInvoke(InvocableHandlerMethod.java:205)
	at org.springframework.web.method.support.InvocableHandlerMethod.invokeForRequest(InvocableHandlerMethod.java:150)
	at org.springframework.web.servlet.mvc.method.annotation.ServletInvocableHandlerMethod.invokeAndHandle(ServletInvocableHandlerMethod.java:117)
	at org.springframework.web.servlet.mvc.method.annotation.RequestMappingHandlerAdapter.invokeHandlerMethod(RequestMappingHandlerAdapter.java:895)
	at org.springframework.web.servlet.mvc.method.annotation.RequestMappingHandlerAdapter.handleInternal(RequestMappingHandlerAdapter.java:808)
	at org.springframework.web.servlet.mvc.method.AbstractHandlerMethodAdapter.handle(AbstractHandlerMethodAdapter.java:87)
	at org.springframework.web.servlet.DispatcherServlet.doDispatch(DispatcherServlet.java:1071)
	at org.springframework.web.servlet.DispatcherServlet.doService(DispatcherServlet.java:964)
	at org.springframework.web.servlet.FrameworkServlet.processRequest(FrameworkServlet.java:1006)
	at org.springframework.web.servlet.FrameworkServlet.doPost(FrameworkServlet.java:909)
	at javax.servlet.http.HttpServlet.service(HttpServlet.java:696)
	at org.springframework.web.servlet.FrameworkServlet.service(FrameworkServlet.java:883)
	at javax.servlet.http.HttpServlet.service(HttpServlet.java:779)
	at org.apache.catalina.core.ApplicationFilterChain.internalDoFilter(ApplicationFilterChain.java:227)
	at org.apache.catalina.core.ApplicationFilterChain.doFilter(ApplicationFilterChain.java:162)
	at org.apache.tomcat.websocket.server.WsFilter.doFilter(WsFilter.java:53)
	at org.apache.catalina.core.ApplicationFilterChain.internalDoFilter(ApplicationFilterChain.java:189)
	at org.apache.catalina.core.ApplicationFilterChain.doFilter(ApplicationFilterChain.java:162)
	at org.springframework.web.servlet.resource.ResourceUrlEncodingFilter.doFilter(ResourceUrlEncodingFilter.java:67)
	at org.apache.catalina.core.ApplicationFilterChain.internalDoFilter(ApplicationFilterChain.java:189)
	at org.apache.catalina.core.ApplicationFilterChain.doFilter(ApplicationFilterChain.java:162)
	at org.springframework.web.filter.CorsFilter.doFilterInternal(CorsFilter.java:91)
	at org.springframework.web.filter.OncePerRequestFilter.doFilter(OncePerRequestFilter.java:117)
	at org.apache.catalina.core.ApplicationFilterChain.internalDoFilter(ApplicationFilterChain.java:189)
	at org.apache.catalina.core.ApplicationFilterChain.doFilter(ApplicationFilterChain.java:162)
	at org.springframework.web.filter.RequestContextFilter.doFilterInternal(RequestContextFilter.java:100)
	at org.springframework.web.filter.OncePerRequestFilter.doFilter(OncePerRequestFilter.java:117)
	at org.apache.catalina.core.ApplicationFilterChain.internalDoFilter(ApplicationFilterChain.java:189)
	at org.apache.catalina.core.ApplicationFilterChain.doFilter(ApplicationFilterChain.java:162)
	at org.springframework.web.filter.FormContentFilter.doFilterInternal(FormContentFilter.java:93)
	at org.springframework.web.filter.OncePerRequestFilter.doFilter(OncePerRequestFilter.java:117)
	at org.apache.catalina.core.ApplicationFilterChain.internalDoFilter(ApplicationFilterChain.java:189)
	at org.apache.catalina.core.ApplicationFilterChain.doFilter(ApplicationFilterChain.java:162)
	at org.springframework.web.filter.CharacterEncodingFilter.doFilterInternal(CharacterEncodingFilter.java:201)
	at org.springframework.web.filter.OncePerRequestFilter.doFilter(OncePerRequestFilter.java:117)
	at org.apache.catalina.core.ApplicationFilterChain.internalDoFilter(ApplicationFilterChain.java:189)
	at org.apache.catalina.core.ApplicationFilterChain.doFilter(ApplicationFilterChain.java:162)
	at org.apache.catalina.core.StandardWrapperValve.invoke(StandardWrapperValve.java:177)
	at org.apache.catalina.core.StandardContextValve.invoke(StandardContextValve.java:97)
	at org.apache.catalina.authenticator.AuthenticatorBase.invoke(AuthenticatorBase.java:541)
	at org.apache.catalina.core.StandardHostValve.invoke(StandardHostValve.java:135)
	at org.apache.catalina.valves.ErrorReportValve.invoke(ErrorReportValve.java:92)
	at org.apache.catalina.core.StandardEngineValve.invoke(StandardEngineValve.java:78)
	at org.apache.catalina.connector.CoyoteAdapter.service(CoyoteAdapter.java:360)
	at org.apache.coyote.http11.Http11Processor.service(Http11Processor.java:399)
	at org.apache.coyote.AbstractProcessorLight.process(AbstractProcessorLight.java:65)
	at org.apache.coyote.AbstractProtocol$ConnectionHandler.process(AbstractProtocol.java:891)
	at org.apache.tomcat.util.net.NioEndpoint$SocketProcessor.doRun(NioEndpoint.java:1784)
	at org.apache.tomcat.util.net.SocketProcessorBase.run(SocketProcessorBase.java:49)
	at org.apache.tomcat.util.threads.ThreadPoolExecutor.runWorker(ThreadPoolExecutor.java:1191)
	at org.apache.tomcat.util.threads.ThreadPoolExecutor$Worker.run(ThreadPoolExecutor.java:659)
	at org.apache.tomcat.util.threads.TaskThread$WrappingRunnable.run(TaskThread.java:61)
	at java.lang.Thread.run(Thread.java:748)
2026-04-01 01:16:13,637 [http-nio-8999-exec-10] ERROR [c.t.cloud.api.web.controller.UploadFileController] UploadFileController.java:90 - 文件上传失败: 文件上传失败: 无法创建文件目录，请检查权限或路径是否正确
com.tduck.cloud.storage.exception.StorageException: 文件上传失败: 无法创建文件目录，请检查权限或路径是否正确
	at com.tduck.cloud.storage.cloud.LocalStorageService.upload(LocalStorageService.java:57)
	at com.tduck.cloud.api.web.controller.UploadFileController.uploadUserFile(UploadFileController.java:85)
	at sun.reflect.NativeMethodAccessorImpl.invoke0(Native Method)
	at sun.reflect.NativeMethodAccessorImpl.invoke(NativeMethodAccessorImpl.java:62)
	at sun.reflect.DelegatingMethodAccessorImpl.invoke(DelegatingMethodAccessorImpl.java:43)
	at java.lang.reflect.Method.invoke(Method.java:498)
	at org.springframework.web.method.support.InvocableHandlerMethod.doInvoke(InvocableHandlerMethod.java:205)
	at org.springframework.web.method.support.InvocableHandlerMethod.invokeForRequest(InvocableHandlerMethod.java:150)
	at org.springframework.web.servlet.mvc.method.annotation.ServletInvocableHandlerMethod.invokeAndHandle(ServletInvocableHandlerMethod.java:117)
	at org.springframework.web.servlet.mvc.method.annotation.RequestMappingHandlerAdapter.invokeHandlerMethod(RequestMappingHandlerAdapter.java:895)
	at org.springframework.web.servlet.mvc.method.annotation.RequestMappingHandlerAdapter.handleInternal(RequestMappingHandlerAdapter.java:808)
	at org.springframework.web.servlet.mvc.method.AbstractHandlerMethodAdapter.handle(AbstractHandlerMethodAdapter.java:87)
	at org.springframework.web.servlet.DispatcherServlet.doDispatch(DispatcherServlet.java:1071)
	at org.springframework.web.servlet.DispatcherServlet.doService(DispatcherServlet.java:964)
	at org.springframework.web.servlet.FrameworkServlet.processRequest(FrameworkServlet.java:1006)
	at org.springframework.web.servlet.FrameworkServlet.doPost(FrameworkServlet.java:909)
	at javax.servlet.http.HttpServlet.service(HttpServlet.java:696)
	at org.springframework.web.servlet.FrameworkServlet.service(FrameworkServlet.java:883)
	at javax.servlet.http.HttpServlet.service(HttpServlet.java:779)
	at org.apache.catalina.core.ApplicationFilterChain.internalDoFilter(ApplicationFilterChain.java:227)
	at org.apache.catalina.core.ApplicationFilterChain.doFilter(ApplicationFilterChain.java:162)
	at org.apache.tomcat.websocket.server.WsFilter.doFilter(WsFilter.java:53)
	at org.apache.catalina.core.ApplicationFilterChain.internalDoFilter(ApplicationFilterChain.java:189)
	at org.apache.catalina.core.ApplicationFilterChain.doFilter(ApplicationFilterChain.java:162)
	at org.springframework.web.servlet.resource.ResourceUrlEncodingFilter.doFilter(ResourceUrlEncodingFilter.java:67)
	at org.apache.catalina.core.ApplicationFilterChain.internalDoFilter(ApplicationFilterChain.java:189)
	at org.apache.catalina.core.ApplicationFilterChain.doFilter(ApplicationFilterChain.java:162)
	at org.springframework.web.filter.CorsFilter.doFilterInternal(CorsFilter.java:91)
	at org.springframework.web.filter.OncePerRequestFilter.doFilter(OncePerRequestFilter.java:117)
	at org.apache.catalina.core.ApplicationFilterChain.internalDoFilter(ApplicationFilterChain.java:189)
	at org.apache.catalina.core.ApplicationFilterChain.doFilter(ApplicationFilterChain.java:162)
	at org.springframework.web.filter.RequestContextFilter.doFilterInternal(RequestContextFilter.java:100)
	at org.springframework.web.filter.OncePerRequestFilter.doFilter(OncePerRequestFilter.java:117)
	at org.apache.catalina.core.ApplicationFilterChain.internalDoFilter(ApplicationFilterChain.java:189)
	at org.apache.catalina.core.ApplicationFilterChain.doFilter(ApplicationFilterChain.java:162)
	at org.springframework.web.filter.FormContentFilter.doFilterInternal(FormContentFilter.java:93)
	at org.springframework.web.filter.OncePerRequestFilter.doFilter(OncePerRequestFilter.java:117)
	at org.apache.catalina.core.ApplicationFilterChain.internalDoFilter(ApplicationFilterChain.java:189)
	at org.apache.catalina.core.ApplicationFilterChain.doFilter(ApplicationFilterChain.java:162)
	at org.springframework.web.filter.CharacterEncodingFilter.doFilterInternal(CharacterEncodingFilter.java:201)
	at org.springframework.web.filter.OncePerRequestFilter.doFilter(OncePerRequestFilter.java:117)
	at org.apache.catalina.core.ApplicationFilterChain.internalDoFilter(ApplicationFilterChain.java:189)
	at org.apache.catalina.core.ApplicationFilterChain.doFilter(ApplicationFilterChain.java:162)
	at org.apache.catalina.core.StandardWrapperValve.invoke(StandardWrapperValve.java:177)
	at org.apache.catalina.core.StandardContextValve.invoke(StandardContextValve.java:97)
	at org.apache.catalina.authenticator.AuthenticatorBase.invoke(AuthenticatorBase.java:541)
	at org.apache.catalina.core.StandardHostValve.invoke(StandardHostValve.java:135)
	at org.apache.catalina.valves.ErrorReportValve.invoke(ErrorReportValve.java:92)
	at org.apache.catalina.core.StandardEngineValve.invoke(StandardEngineValve.java:78)
	at org.apache.catalina.connector.CoyoteAdapter.service(CoyoteAdapter.java:360)
	at org.apache.coyote.http11.Http11Processor.service(Http11Processor.java:399)
	at org.apache.coyote.AbstractProcessorLight.process(AbstractProcessorLight.java:65)
	at org.apache.coyote.AbstractProtocol$ConnectionHandler.process(AbstractProtocol.java:891)
	at org.apache.tomcat.util.net.NioEndpoint$SocketProcessor.doRun(NioEndpoint.java:1784)
	at org.apache.tomcat.util.net.SocketProcessorBase.run(SocketProcessorBase.java:49)
	at org.apache.tomcat.util.threads.ThreadPoolExecutor.runWorker(ThreadPoolExecutor.java:1191)
	at org.apache.tomcat.util.threads.ThreadPoolExecutor$Worker.run(ThreadPoolExecutor.java:659)
	at org.apache.tomcat.util.threads.TaskThread$WrappingRunnable.run(TaskThread.java:61)
	at java.lang.Thread.run(Thread.java:748)
Caused by: com.tduck.cloud.storage.exception.StorageException: 无法创建文件目录，请检查权限或路径是否正确
	at com.tduck.cloud.storage.cloud.LocalStorageService.upload(LocalStorageService.java:46)
	... 58 common frames omitted
2026-04-01 01:16:13,662 [http-nio-8999-exec-10] WARN  [o.s.w.m.support.StandardServletMultipartResolver] StandardServletMultipartResolver.java:139 - Failed to perform cleanup of multipart items
java.io.UncheckedIOException: Cannot delete C:\Users\24300\AppData\Local\Temp\tomcat.8999.5718079367803288091\work\Tomcat\localhost\ROOT\upload_b7d04567_5076_4f31_ab6f_2e9746259cbf_00000003.tmp
	at org.apache.tomcat.util.http.fileupload.disk.DiskFileItem.delete(DiskFileItem.java:431)
	at org.apache.catalina.core.ApplicationPart.delete(ApplicationPart.java:54)
	at org.springframework.web.multipart.support.StandardServletMultipartResolver.cleanupMultipart(StandardServletMultipartResolver.java:134)
	at org.springframework.web.servlet.DispatcherServlet.cleanupMultipart(DispatcherServlet.java:1250)
	at org.springframework.web.servlet.DispatcherServlet.doDispatch(DispatcherServlet.java:1107)
	at org.springframework.web.servlet.DispatcherServlet.doService(DispatcherServlet.java:964)
	at org.springframework.web.servlet.FrameworkServlet.processRequest(FrameworkServlet.java:1006)
	at org.springframework.web.servlet.FrameworkServlet.doPost(FrameworkServlet.java:909)
	at javax.servlet.http.HttpServlet.service(HttpServlet.java:696)
	at org.springframework.web.servlet.FrameworkServlet.service(FrameworkServlet.java:883)
	at javax.servlet.http.HttpServlet.service(HttpServlet.java:779)
	at org.apache.catalina.core.ApplicationFilterChain.internalDoFilter(ApplicationFilterChain.java:227)
	at org.apache.catalina.core.ApplicationFilterChain.doFilter(ApplicationFilterChain.java:162)
	at org.apache.tomcat.websocket.server.WsFilter.doFilter(WsFilter.java:53)
	at org.apache.catalina.core.ApplicationFilterChain.internalDoFilter(ApplicationFilterChain.java:189)
	at org.apache.catalina.core.ApplicationFilterChain.doFilter(ApplicationFilterChain.java:162)
	at org.springframework.web.servlet.resource.ResourceUrlEncodingFilter.doFilter(ResourceUrlEncodingFilter.java:67)
	at org.apache.catalina.core.ApplicationFilterChain.internalDoFilter(ApplicationFilterChain.java:189)
	at org.apache.catalina.core.ApplicationFilterChain.doFilter(ApplicationFilterChain.java:162)
	at org.springframework.web.filter.CorsFilter.doFilterInternal(CorsFilter.java:91)
	at org.springframework.web.filter.OncePerRequestFilter.doFilter(OncePerRequestFilter.java:117)
	at org.apache.catalina.core.ApplicationFilterChain.internalDoFilter(ApplicationFilterChain.java:189)
	at org.apache.catalina.core.ApplicationFilterChain.doFilter(ApplicationFilterChain.java:162)
	at org.springframework.web.filter.RequestContextFilter.doFilterInternal(RequestContextFilter.java:100)
	at org.springframework.web.filter.OncePerRequestFilter.doFilter(OncePerRequestFilter.java:117)
	at org.apache.catalina.core.ApplicationFilterChain.internalDoFilter(ApplicationFilterChain.java:189)
	at org.apache.catalina.core.ApplicationFilterChain.doFilter(ApplicationFilterChain.java:162)
	at org.springframework.web.filter.FormContentFilter.doFilterInternal(FormContentFilter.java:93)
	at org.springframework.web.filter.OncePerRequestFilter.doFilter(OncePerRequestFilter.java:117)
	at org.apache.catalina.core.ApplicationFilterChain.internalDoFilter(ApplicationFilterChain.java:189)
	at org.apache.catalina.core.ApplicationFilterChain.doFilter(ApplicationFilterChain.java:162)
	at org.springframework.web.filter.CharacterEncodingFilter.doFilterInternal(CharacterEncodingFilter.java:201)
	at org.springframework.web.filter.OncePerRequestFilter.doFilter(OncePerRequestFilter.java:117)
	at org.apache.catalina.core.ApplicationFilterChain.internalDoFilter(ApplicationFilterChain.java:189)
	at org.apache.catalina.core.ApplicationFilterChain.doFilter(ApplicationFilterChain.java:162)
	at org.apache.catalina.core.StandardWrapperValve.invoke(StandardWrapperValve.java:177)
	at org.apache.catalina.core.StandardContextValve.invoke(StandardContextValve.java:97)
	at org.apache.catalina.authenticator.AuthenticatorBase.invoke(AuthenticatorBase.java:541)
	at org.apache.catalina.core.StandardHostValve.invoke(StandardHostValve.java:135)
	at org.apache.catalina.valves.ErrorReportValve.invoke(ErrorReportValve.java:92)
	at org.apache.catalina.core.StandardEngineValve.invoke(StandardEngineValve.java:78)
	at org.apache.catalina.connector.CoyoteAdapter.service(CoyoteAdapter.java:360)
	at org.apache.coyote.http11.Http11Processor.service(Http11Processor.java:399)
	at org.apache.coyote.AbstractProcessorLight.process(AbstractProcessorLight.java:65)
	at org.apache.coyote.AbstractProtocol$ConnectionHandler.process(AbstractProtocol.java:891)
	at org.apache.tomcat.util.net.NioEndpoint$SocketProcessor.doRun(NioEndpoint.java:1784)
	at org.apache.tomcat.util.net.SocketProcessorBase.run(SocketProcessorBase.java:49)
	at org.apache.tomcat.util.threads.ThreadPoolExecutor.runWorker(ThreadPoolExecutor.java:1191)
	at org.apache.tomcat.util.threads.ThreadPoolExecutor$Worker.run(ThreadPoolExecutor.java:659)
	at org.apache.tomcat.util.threads.TaskThread$WrappingRunnable.run(TaskThread.java:61)
	at java.lang.Thread.run(Thread.java:748)
Caused by: java.io.IOException: Cannot delete C:\Users\24300\AppData\Local\Temp\tomcat.8999.5718079367803288091\work\Tomcat\localhost\ROOT\upload_b7d04567_5076_4f31_ab6f_2e9746259cbf_00000003.tmp
	... 51 common frames omitted
2026-04-01 01:16:13,759 [http-nio-8999-exec-10] ERROR [org.apache.coyote.http11.Http11Processor] DirectJDKLog.java:175 - Error processing request
java.io.UncheckedIOException: Cannot delete C:\Users\24300\AppData\Local\Temp\tomcat.8999.5718079367803288091\work\Tomcat\localhost\ROOT\upload_b7d04567_5076_4f31_ab6f_2e9746259cbf_00000003.tmp
	at org.apache.tomcat.util.http.fileupload.disk.DiskFileItem.delete(DiskFileItem.java:431)
	at org.apache.catalina.core.ApplicationPart.delete(ApplicationPart.java:54)
	at org.apache.catalina.connector.Request.recycle(Request.java:483)
	at org.apache.catalina.connector.CoyoteAdapter.service(CoyoteAdapter.java:441)
	at org.apache.coyote.http11.Http11Processor.service(Http11Processor.java:399)
	at org.apache.coyote.AbstractProcessorLight.process(AbstractProcessorLight.java:65)
	at org.apache.coyote.AbstractProtocol$ConnectionHandler.process(AbstractProtocol.java:891)
	at org.apache.tomcat.util.net.NioEndpoint$SocketProcessor.doRun(NioEndpoint.java:1784)
	at org.apache.tomcat.util.net.SocketProcessorBase.run(SocketProcessorBase.java:49)
	at org.apache.tomcat.util.threads.ThreadPoolExecutor.runWorker(ThreadPoolExecutor.java:1191)
	at org.apache.tomcat.util.threads.ThreadPoolExecutor$Worker.run(ThreadPoolExecutor.java:659)
	at org.apache.tomcat.util.threads.TaskThread$WrappingRunnable.run(TaskThread.java:61)
	at java.lang.Thread.run(Thread.java:748)
Caused by: java.io.IOException: Cannot delete C:\Users\24300\AppData\Local\Temp\tomcat.8999.5718079367803288091\work\Tomcat\localhost\ROOT\upload_b7d04567_5076_4f31_ab6f_2e9746259cbf_00000003.tmp
	... 13 common frames omitted
2026-04-01 01:16:13,761 [http-nio-8999-exec-10] ERROR [org.apache.coyote.http11.Http11NioProtocol] DirectJDKLog.java:175 - Error reading request, ignored
java.io.UncheckedIOException: Cannot delete C:\Users\24300\AppData\Local\Temp\tomcat.8999.5718079367803288091\work\Tomcat\localhost\ROOT\upload_b7d04567_5076_4f31_ab6f_2e9746259cbf_00000003.tmp
	at org.apache.tomcat.util.http.fileupload.disk.DiskFileItem.delete(DiskFileItem.java:431)
	at org.apache.catalina.core.ApplicationPart.delete(ApplicationPart.java:54)
	at org.apache.catalina.connector.Request.recycle(Request.java:483)
	at org.apache.catalina.connector.CoyoteAdapter.log(CoyoteAdapter.java:515)
	at org.apache.coyote.http11.Http11Processor.service(Http11Processor.java:429)
	at org.apache.coyote.AbstractProcessorLight.process(AbstractProcessorLight.java:65)
	at org.apache.coyote.AbstractProtocol$ConnectionHandler.process(AbstractProtocol.java:891)
	at org.apache.tomcat.util.net.NioEndpoint$SocketProcessor.doRun(NioEndpoint.java:1784)
	at org.apache.tomcat.util.net.SocketProcessorBase.run(SocketProcessorBase.java:49)
	at org.apache.tomcat.util.threads.ThreadPoolExecutor.runWorker(ThreadPoolExecutor.java:1191)
	at org.apache.tomcat.util.threads.ThreadPoolExecutor$Worker.run(ThreadPoolExecutor.java:659)
	at org.apache.tomcat.util.threads.TaskThread$WrappingRunnable.run(TaskThread.java:61)
	at java.lang.Thread.run(Thread.java:748)
Caused by: java.io.IOException: Cannot delete C:\Users\24300\AppData\Local\Temp\tomcat.8999.5718079367803288091\work\Tomcat\localhost\ROOT\upload_b7d04567_5076_4f31_ab6f_2e9746259cbf_00000003.tmp
	... 13 common frames omitted
2026-04-01 01:16:13,765 [http-nio-8999-exec-10] ERROR [org.apache.tomcat.util.net.NioEndpoint] DirectJDKLog.java:175 - Error running socket processor
java.io.UncheckedIOException: Cannot delete C:\Users\24300\AppData\Local\Temp\tomcat.8999.5718079367803288091\work\Tomcat\localhost\ROOT\upload_b7d04567_5076_4f31_ab6f_2e9746259cbf_00000003.tmp
	at org.apache.tomcat.util.http.fileupload.disk.DiskFileItem.delete(DiskFileItem.java:431)
	at org.apache.catalina.core.ApplicationPart.delete(ApplicationPart.java:54)
	at org.apache.catalina.connector.Request.recycle(Request.java:483)
	at org.apache.catalina.connector.CoyoteAdapter.log(CoyoteAdapter.java:515)
	at org.apache.catalina.connector.CoyoteAdapter.checkRecycled(CoyoteAdapter.java:539)
	at org.apache.coyote.http11.Http11Processor.recycle(Http11Processor.java:1439)
	at org.apache.coyote.AbstractProtocol$ConnectionHandler.release(AbstractProtocol.java:1098)
	at org.apache.coyote.AbstractProtocol$ConnectionHandler.process(AbstractProtocol.java:1056)
	at org.apache.tomcat.util.net.NioEndpoint$SocketProcessor.doRun(NioEndpoint.java:1784)
	at org.apache.tomcat.util.net.SocketProcessorBase.run(SocketProcessorBase.java:49)
	at org.apache.tomcat.util.threads.ThreadPoolExecutor.runWorker(ThreadPoolExecutor.java:1191)
	at org.apache.tomcat.util.threads.ThreadPoolExecutor$Worker.run(ThreadPoolExecutor.java:659)
	at org.apache.tomcat.util.threads.TaskThread$WrappingRunnable.run(TaskThread.java:61)
	at java.lang.Thread.run(Thread.java:748)
Caused by: java.io.IOException: Cannot delete C:\Users\24300\AppData\Local\Temp\tomcat.8999.5718079367803288091\work\Tomcat\localhost\ROOT\upload_b7d04567_5076_4f31_ab6f_2e9746259cbf_00000003.tmp
	... 14 common frames omitted
2026-04-01 01:17:01,076 [http-nio-8999-exec-3] DEBUG [c.t.c.account.mapper.UserTokenMapper.selectList] BaseJdbcLogger.java:137 - ==>  Preparing: SELECT id,type,user_id,expire_time,token,create_time,update_time FROM ac_user_token WHERE (token = ?)
2026-04-01 01:17:01,077 [http-nio-8999-exec-3] DEBUG [c.t.c.account.mapper.UserTokenMapper.selectList] BaseJdbcLogger.java:137 - ==> Parameters: eyJ0eXAiOiJKV1QiLCJhbGciOiJIUzUxMiJ9.eyJzdWIiOiIxIiwiaWF0IjoxNzc0OTcwNDY1LCJleHAiOjE3NzU1NzUyNjV9.rSa7xztbzxT3Wja0kU1R-YKAw4-vVaXIuy4HwHkkjst6NIJJ9VBqFz7Ylu7eZ6gyc-YdIwPL_wNdicigapwFqw(String)
2026-04-01 01:17:01,078 [http-nio-8999-exec-3] DEBUG [c.t.c.account.mapper.UserTokenMapper.selectList] BaseJdbcLogger.java:137 - <==      Total: 1
2026-04-01 01:17:01,088 [http-nio-8999-exec-3] DEBUG [c.t.c.f.m.FormTemplateCategoryMapper.selectList] BaseJdbcLogger.java:137 - ==>  Preparing: SELECT id,name,sort,create_time,update_time FROM fm_form_template_category ORDER BY sort DESC
2026-04-01 01:17:01,090 [http-nio-8999-exec-3] DEBUG [c.t.c.f.m.FormTemplateCategoryMapper.selectList] BaseJdbcLogger.java:137 - ==> Parameters: 
2026-04-01 01:17:01,093 [http-nio-8999-exec-9] DEBUG [c.t.c.account.mapper.UserTokenMapper.selectList] BaseJdbcLogger.java:137 - ==>  Preparing: SELECT id,type,user_id,expire_time,token,create_time,update_time FROM ac_user_token WHERE (token = ?)
2026-04-01 01:17:01,093 [http-nio-8999-exec-9] DEBUG [c.t.c.account.mapper.UserTokenMapper.selectList] BaseJdbcLogger.java:137 - ==> Parameters: eyJ0eXAiOiJKV1QiLCJhbGciOiJIUzUxMiJ9.eyJzdWIiOiIxIiwiaWF0IjoxNzc0OTcwNDY1LCJleHAiOjE3NzU1NzUyNjV9.rSa7xztbzxT3Wja0kU1R-YKAw4-vVaXIuy4HwHkkjst6NIJJ9VBqFz7Ylu7eZ6gyc-YdIwPL_wNdicigapwFqw(String)
2026-04-01 01:17:01,095 [http-nio-8999-exec-3] DEBUG [c.t.c.f.m.FormTemplateCategoryMapper.selectList] BaseJdbcLogger.java:137 - <==      Total: 2
2026-04-01 01:17:01,098 [http-nio-8999-exec-9] DEBUG [c.t.c.account.mapper.UserTokenMapper.selectList] BaseJdbcLogger.java:137 - <==      Total: 1
2026-04-01 01:17:01,107 [http-nio-8999-exec-9] DEBUG [c.t.c.form.mapper.UserFormItemMapper.selectList] BaseJdbcLogger.java:137 - ==>  Preparing: SELECT id,form_key,form_item_id,type,label,is_display_type,is_hide_type,is_special_type,show_label,default_value,required,placeholder,sort,span,scheme,reg_list,create_time,update_time FROM fm_user_form_item WHERE (form_key = ?)
2026-04-01 01:17:01,108 [http-nio-8999-exec-9] DEBUG [c.t.c.form.mapper.UserFormItemMapper.selectList] BaseJdbcLogger.java:137 - ==> Parameters: 4VLobos0(String)
2026-04-01 01:17:01,114 [http-nio-8999-exec-9] DEBUG [c.t.c.form.mapper.UserFormItemMapper.selectList] BaseJdbcLogger.java:137 - <==      Total: 1
2026-04-01 01:17:01,357 [http-nio-8999-exec-1] DEBUG [c.t.c.account.mapper.UserTokenMapper.selectList] BaseJdbcLogger.java:137 - ==>  Preparing: SELECT id,type,user_id,expire_time,token,create_time,update_time FROM ac_user_token WHERE (token = ?)
2026-04-01 01:17:01,358 [http-nio-8999-exec-1] DEBUG [c.t.c.account.mapper.UserTokenMapper.selectList] BaseJdbcLogger.java:137 - ==> Parameters: eyJ0eXAiOiJKV1QiLCJhbGciOiJIUzUxMiJ9.eyJzdWIiOiIxIiwiaWF0IjoxNzc0OTcwNDY1LCJleHAiOjE3NzU1NzUyNjV9.rSa7xztbzxT3Wja0kU1R-YKAw4-vVaXIuy4HwHkkjst6NIJJ9VBqFz7Ylu7eZ6gyc-YdIwPL_wNdicigapwFqw(String)
2026-04-01 01:17:01,359 [http-nio-8999-exec-1] DEBUG [c.t.c.account.mapper.UserTokenMapper.selectList] BaseJdbcLogger.java:137 - <==      Total: 1
2026-04-01 01:17:01,363 [http-nio-8999-exec-1] DEBUG [c.t.cloud.form.mapper.UserFormMapper.selectList] BaseJdbcLogger.java:137 - ==>  Preparing: SELECT id,form_key,name,description,source_type,source_id,user_id,status,type,is_deleted,is_folder,folder_id,create_time,update_time FROM fm_user_form WHERE (form_key = ?)
2026-04-01 01:17:01,363 [http-nio-8999-exec-1] DEBUG [c.t.cloud.form.mapper.UserFormMapper.selectList] BaseJdbcLogger.java:137 - ==> Parameters: 4VLobos0(String)
2026-04-01 01:17:01,365 [http-nio-8999-exec-1] DEBUG [c.t.cloud.form.mapper.UserFormMapper.selectList] BaseJdbcLogger.java:137 - <==      Total: 1
2026-04-01 01:17:01,366 [http-nio-8999-exec-1] DEBUG [c.tduck.cloud.account.mapper.UserMapper.selectById] BaseJdbcLogger.java:137 - ==>  Preparing: SELECT id,name,avatar,gender,phone_number,email,password,reg_channel,last_login_channel,last_login_time,last_login_ip,deleted,password_type,create_time,update_time FROM ac_user WHERE id=?
2026-04-01 01:17:01,367 [http-nio-8999-exec-1] DEBUG [c.tduck.cloud.account.mapper.UserMapper.selectById] BaseJdbcLogger.java:137 - ==> Parameters: 1(Long)
2026-04-01 01:17:01,368 [http-nio-8999-exec-1] DEBUG [c.tduck.cloud.account.mapper.UserMapper.selectById] BaseJdbcLogger.java:137 - <==      Total: 1
2026-04-01 01:17:01,369 [http-nio-8999-exec-1] DEBUG [c.tduck.cloud.account.mapper.UserMapper.selectById] BaseJdbcLogger.java:137 - ==>  Preparing: SELECT id,name,avatar,gender,phone_number,email,password,reg_channel,last_login_channel,last_login_time,last_login_ip,deleted,password_type,create_time,update_time FROM ac_user WHERE id=?
2026-04-01 01:17:01,369 [http-nio-8999-exec-1] DEBUG [c.tduck.cloud.account.mapper.UserMapper.selectById] BaseJdbcLogger.java:137 - ==> Parameters: 1(Long)
2026-04-01 01:17:01,371 [http-nio-8999-exec-1] DEBUG [c.tduck.cloud.account.mapper.UserMapper.selectById] BaseJdbcLogger.java:137 - <==      Total: 1
2026-04-01 01:17:08,519 [http-nio-8999-exec-2] DEBUG [c.t.c.account.mapper.UserTokenMapper.selectList] BaseJdbcLogger.java:137 - ==>  Preparing: SELECT id,type,user_id,expire_time,token,create_time,update_time FROM ac_user_token WHERE (token = ?)
2026-04-01 01:17:08,520 [http-nio-8999-exec-2] DEBUG [c.t.c.account.mapper.UserTokenMapper.selectList] BaseJdbcLogger.java:137 - ==> Parameters: eyJ0eXAiOiJKV1QiLCJhbGciOiJIUzUxMiJ9.eyJzdWIiOiIxIiwiaWF0IjoxNzc0OTcwNDY1LCJleHAiOjE3NzU1NzUyNjV9.rSa7xztbzxT3Wja0kU1R-YKAw4-vVaXIuy4HwHkkjst6NIJJ9VBqFz7Ylu7eZ6gyc-YdIwPL_wNdicigapwFqw(String)
2026-04-01 01:17:08,520 [http-nio-8999-exec-2] DEBUG [c.t.c.account.mapper.UserTokenMapper.selectList] BaseJdbcLogger.java:137 - <==      Total: 1
2026-04-01 01:17:08,522 [http-nio-8999-exec-2] INFO  [c.t.cloud.api.web.controller.UploadFileController] UploadFileController.java:49 - 开始上传用户文件, 用户ID: 1, 文件名: 1546FF55C35207CE1BC1C79B43215148.png, 文件类型: DEFAULT, 业务类型: cover
2026-04-01 01:17:08,522 [http-nio-8999-exec-2] INFO  [c.t.cloud.api.web.controller.UploadFileController] UploadFileController.java:79 - 文件存储路径: cover/a3803dfa1fcf49a08039bacee520dc9b.png
2026-04-01 01:17:08,523 [http-nio-8999-exec-2] INFO  [com.tduck.cloud.storage.cloud.LocalStorageService] LocalStorageService.java:26 - 上传文件到本地服务器，存储路径: F:/wechat/success/wenjuan/wenjuan/images, 文件相对路径: cover/a3803dfa1fcf49a08039bacee520dc9b.png
2026-04-01 01:17:08,524 [http-nio-8999-exec-2] INFO  [com.tduck.cloud.storage.cloud.LocalStorageService] LocalStorageService.java:31 - 创建上传根目录: F:\wechat\success\wenjuan\wenjuan\images
2026-04-01 01:17:08,589 [http-nio-8999-exec-2] INFO  [com.tduck.cloud.storage.cloud.LocalStorageService] LocalStorageService.java:41 - 创建文件父目录: F:\wechat\success\wenjuan\wenjuan\images\cover
2026-04-01 01:17:08,665 [http-nio-8999-exec-2] ERROR [com.tduck.cloud.storage.cloud.LocalStorageService] LocalStorageService.java:45 - 无法创建目录: F:\wechat\success\wenjuan\wenjuan\images\cover
2026-04-01 01:17:08,666 [http-nio-8999-exec-2] ERROR [com.tduck.cloud.storage.cloud.LocalStorageService] LocalStorageService.java:56 - 文件上传失败: 无法创建文件目录，请检查权限或路径是否正确
com.tduck.cloud.storage.exception.StorageException: 无法创建文件目录，请检查权限或路径是否正确
	at com.tduck.cloud.storage.cloud.LocalStorageService.upload(LocalStorageService.java:46)
	at com.tduck.cloud.api.web.controller.UploadFileController.uploadUserFile(UploadFileController.java:85)
	at sun.reflect.NativeMethodAccessorImpl.invoke0(Native Method)
	at sun.reflect.NativeMethodAccessorImpl.invoke(NativeMethodAccessorImpl.java:62)
	at sun.reflect.DelegatingMethodAccessorImpl.invoke(DelegatingMethodAccessorImpl.java:43)
	at java.lang.reflect.Method.invoke(Method.java:498)
	at org.springframework.web.method.support.InvocableHandlerMethod.doInvoke(InvocableHandlerMethod.java:205)
	at org.springframework.web.method.support.InvocableHandlerMethod.invokeForRequest(InvocableHandlerMethod.java:150)
	at org.springframework.web.servlet.mvc.method.annotation.ServletInvocableHandlerMethod.invokeAndHandle(ServletInvocableHandlerMethod.java:117)
	at org.springframework.web.servlet.mvc.method.annotation.RequestMappingHandlerAdapter.invokeHandlerMethod(RequestMappingHandlerAdapter.java:895)
	at org.springframework.web.servlet.mvc.method.annotation.RequestMappingHandlerAdapter.handleInternal(RequestMappingHandlerAdapter.java:808)
	at org.springframework.web.servlet.mvc.method.AbstractHandlerMethodAdapter.handle(AbstractHandlerMethodAdapter.java:87)
	at org.springframework.web.servlet.DispatcherServlet.doDispatch(DispatcherServlet.java:1071)
	at org.springframework.web.servlet.DispatcherServlet.doService(DispatcherServlet.java:964)
	at org.springframework.web.servlet.FrameworkServlet.processRequest(FrameworkServlet.java:1006)
	at org.springframework.web.servlet.FrameworkServlet.doPost(FrameworkServlet.java:909)
	at javax.servlet.http.HttpServlet.service(HttpServlet.java:696)
	at org.springframework.web.servlet.FrameworkServlet.service(FrameworkServlet.java:883)
	at javax.servlet.http.HttpServlet.service(HttpServlet.java:779)
	at org.apache.catalina.core.ApplicationFilterChain.internalDoFilter(ApplicationFilterChain.java:227)
	at org.apache.catalina.core.ApplicationFilterChain.doFilter(ApplicationFilterChain.java:162)
	at org.apache.tomcat.websocket.server.WsFilter.doFilter(WsFilter.java:53)
	at org.apache.catalina.core.ApplicationFilterChain.internalDoFilter(ApplicationFilterChain.java:189)
	at org.apache.catalina.core.ApplicationFilterChain.doFilter(ApplicationFilterChain.java:162)
	at org.springframework.web.servlet.resource.ResourceUrlEncodingFilter.doFilter(ResourceUrlEncodingFilter.java:67)
	at org.apache.catalina.core.ApplicationFilterChain.internalDoFilter(ApplicationFilterChain.java:189)
	at org.apache.catalina.core.ApplicationFilterChain.doFilter(ApplicationFilterChain.java:162)
	at org.springframework.web.filter.CorsFilter.doFilterInternal(CorsFilter.java:91)
	at org.springframework.web.filter.OncePerRequestFilter.doFilter(OncePerRequestFilter.java:117)
	at org.apache.catalina.core.ApplicationFilterChain.internalDoFilter(ApplicationFilterChain.java:189)
	at org.apache.catalina.core.ApplicationFilterChain.doFilter(ApplicationFilterChain.java:162)
	at org.springframework.web.filter.RequestContextFilter.doFilterInternal(RequestContextFilter.java:100)
	at org.springframework.web.filter.OncePerRequestFilter.doFilter(OncePerRequestFilter.java:117)
	at org.apache.catalina.core.ApplicationFilterChain.internalDoFilter(ApplicationFilterChain.java:189)
	at org.apache.catalina.core.ApplicationFilterChain.doFilter(ApplicationFilterChain.java:162)
	at org.springframework.web.filter.FormContentFilter.doFilterInternal(FormContentFilter.java:93)
	at org.springframework.web.filter.OncePerRequestFilter.doFilter(OncePerRequestFilter.java:117)
	at org.apache.catalina.core.ApplicationFilterChain.internalDoFilter(ApplicationFilterChain.java:189)
	at org.apache.catalina.core.ApplicationFilterChain.doFilter(ApplicationFilterChain.java:162)
	at org.springframework.web.filter.CharacterEncodingFilter.doFilterInternal(CharacterEncodingFilter.java:201)
	at org.springframework.web.filter.OncePerRequestFilter.doFilter(OncePerRequestFilter.java:117)
	at org.apache.catalina.core.ApplicationFilterChain.internalDoFilter(ApplicationFilterChain.java:189)
	at org.apache.catalina.core.ApplicationFilterChain.doFilter(ApplicationFilterChain.java:162)
	at org.apache.catalina.core.StandardWrapperValve.invoke(StandardWrapperValve.java:177)
	at org.apache.catalina.core.StandardContextValve.invoke(StandardContextValve.java:97)
	at org.apache.catalina.authenticator.AuthenticatorBase.invoke(AuthenticatorBase.java:541)
	at org.apache.catalina.core.StandardHostValve.invoke(StandardHostValve.java:135)
	at org.apache.catalina.valves.ErrorReportValve.invoke(ErrorReportValve.java:92)
	at org.apache.catalina.core.StandardEngineValve.invoke(StandardEngineValve.java:78)
	at org.apache.catalina.connector.CoyoteAdapter.service(CoyoteAdapter.java:360)
	at org.apache.coyote.http11.Http11Processor.service(Http11Processor.java:399)
	at org.apache.coyote.AbstractProcessorLight.process(AbstractProcessorLight.java:65)
	at org.apache.coyote.AbstractProtocol$ConnectionHandler.process(AbstractProtocol.java:891)
	at org.apache.tomcat.util.net.NioEndpoint$SocketProcessor.doRun(NioEndpoint.java:1784)
	at org.apache.tomcat.util.net.SocketProcessorBase.run(SocketProcessorBase.java:49)
	at org.apache.tomcat.util.threads.ThreadPoolExecutor.runWorker(ThreadPoolExecutor.java:1191)
	at org.apache.tomcat.util.threads.ThreadPoolExecutor$Worker.run(ThreadPoolExecutor.java:659)
	at org.apache.tomcat.util.threads.TaskThread$WrappingRunnable.run(TaskThread.java:61)
	at java.lang.Thread.run(Thread.java:748)
2026-04-01 01:17:08,668 [http-nio-8999-exec-2] ERROR [c.t.cloud.api.web.controller.UploadFileController] UploadFileController.java:90 - 文件上传失败: 文件上传失败: 无法创建文件目录，请检查权限或路径是否正确
com.tduck.cloud.storage.exception.StorageException: 文件上传失败: 无法创建文件目录，请检查权限或路径是否正确
	at com.tduck.cloud.storage.cloud.LocalStorageService.upload(LocalStorageService.java:57)
	at com.tduck.cloud.api.web.controller.UploadFileController.uploadUserFile(UploadFileController.java:85)
	at sun.reflect.NativeMethodAccessorImpl.invoke0(Native Method)
	at sun.reflect.NativeMethodAccessorImpl.invoke(NativeMethodAccessorImpl.java:62)
	at sun.reflect.DelegatingMethodAccessorImpl.invoke(DelegatingMethodAccessorImpl.java:43)
	at java.lang.reflect.Method.invoke(Method.java:498)
	at org.springframework.web.method.support.InvocableHandlerMethod.doInvoke(InvocableHandlerMethod.java:205)
	at org.springframework.web.method.support.InvocableHandlerMethod.invokeForRequest(InvocableHandlerMethod.java:150)
	at org.springframework.web.servlet.mvc.method.annotation.ServletInvocableHandlerMethod.invokeAndHandle(ServletInvocableHandlerMethod.java:117)
	at org.springframework.web.servlet.mvc.method.annotation.RequestMappingHandlerAdapter.invokeHandlerMethod(RequestMappingHandlerAdapter.java:895)
	at org.springframework.web.servlet.mvc.method.annotation.RequestMappingHandlerAdapter.handleInternal(RequestMappingHandlerAdapter.java:808)
	at org.springframework.web.servlet.mvc.method.AbstractHandlerMethodAdapter.handle(AbstractHandlerMethodAdapter.java:87)
	at org.springframework.web.servlet.DispatcherServlet.doDispatch(DispatcherServlet.java:1071)
	at org.springframework.web.servlet.DispatcherServlet.doService(DispatcherServlet.java:964)
	at org.springframework.web.servlet.FrameworkServlet.processRequest(FrameworkServlet.java:1006)
	at org.springframework.web.servlet.FrameworkServlet.doPost(FrameworkServlet.java:909)
	at javax.servlet.http.HttpServlet.service(HttpServlet.java:696)
	at org.springframework.web.servlet.FrameworkServlet.service(FrameworkServlet.java:883)
	at javax.servlet.http.HttpServlet.service(HttpServlet.java:779)
	at org.apache.catalina.core.ApplicationFilterChain.internalDoFilter(ApplicationFilterChain.java:227)
	at org.apache.catalina.core.ApplicationFilterChain.doFilter(ApplicationFilterChain.java:162)
	at org.apache.tomcat.websocket.server.WsFilter.doFilter(WsFilter.java:53)
	at org.apache.catalina.core.ApplicationFilterChain.internalDoFilter(ApplicationFilterChain.java:189)
	at org.apache.catalina.core.ApplicationFilterChain.doFilter(ApplicationFilterChain.java:162)
	at org.springframework.web.servlet.resource.ResourceUrlEncodingFilter.doFilter(ResourceUrlEncodingFilter.java:67)
	at org.apache.catalina.core.ApplicationFilterChain.internalDoFilter(ApplicationFilterChain.java:189)
	at org.apache.catalina.core.ApplicationFilterChain.doFilter(ApplicationFilterChain.java:162)
	at org.springframework.web.filter.CorsFilter.doFilterInternal(CorsFilter.java:91)
	at org.springframework.web.filter.OncePerRequestFilter.doFilter(OncePerRequestFilter.java:117)
	at org.apache.catalina.core.ApplicationFilterChain.internalDoFilter(ApplicationFilterChain.java:189)
	at org.apache.catalina.core.ApplicationFilterChain.doFilter(ApplicationFilterChain.java:162)
	at org.springframework.web.filter.RequestContextFilter.doFilterInternal(RequestContextFilter.java:100)
	at org.springframework.web.filter.OncePerRequestFilter.doFilter(OncePerRequestFilter.java:117)
	at org.apache.catalina.core.ApplicationFilterChain.internalDoFilter(ApplicationFilterChain.java:189)
	at org.apache.catalina.core.ApplicationFilterChain.doFilter(ApplicationFilterChain.java:162)
	at org.springframework.web.filter.FormContentFilter.doFilterInternal(FormContentFilter.java:93)
	at org.springframework.web.filter.OncePerRequestFilter.doFilter(OncePerRequestFilter.java:117)
	at org.apache.catalina.core.ApplicationFilterChain.internalDoFilter(ApplicationFilterChain.java:189)
	at org.apache.catalina.core.ApplicationFilterChain.doFilter(ApplicationFilterChain.java:162)
	at org.springframework.web.filter.CharacterEncodingFilter.doFilterInternal(CharacterEncodingFilter.java:201)
	at org.springframework.web.filter.OncePerRequestFilter.doFilter(OncePerRequestFilter.java:117)
	at org.apache.catalina.core.ApplicationFilterChain.internalDoFilter(ApplicationFilterChain.java:189)
	at org.apache.catalina.core.ApplicationFilterChain.doFilter(ApplicationFilterChain.java:162)
	at org.apache.catalina.core.StandardWrapperValve.invoke(StandardWrapperValve.java:177)
	at org.apache.catalina.core.StandardContextValve.invoke(StandardContextValve.java:97)
	at org.apache.catalina.authenticator.AuthenticatorBase.invoke(AuthenticatorBase.java:541)
	at org.apache.catalina.core.StandardHostValve.invoke(StandardHostValve.java:135)
	at org.apache.catalina.valves.ErrorReportValve.invoke(ErrorReportValve.java:92)
	at org.apache.catalina.core.StandardEngineValve.invoke(StandardEngineValve.java:78)
	at org.apache.catalina.connector.CoyoteAdapter.service(CoyoteAdapter.java:360)
	at org.apache.coyote.http11.Http11Processor.service(Http11Processor.java:399)
	at org.apache.coyote.AbstractProcessorLight.process(AbstractProcessorLight.java:65)
	at org.apache.coyote.AbstractProtocol$ConnectionHandler.process(AbstractProtocol.java:891)
	at org.apache.tomcat.util.net.NioEndpoint$SocketProcessor.doRun(NioEndpoint.java:1784)
	at org.apache.tomcat.util.net.SocketProcessorBase.run(SocketProcessorBase.java:49)
	at org.apache.tomcat.util.threads.ThreadPoolExecutor.runWorker(ThreadPoolExecutor.java:1191)
	at org.apache.tomcat.util.threads.ThreadPoolExecutor$Worker.run(ThreadPoolExecutor.java:659)
	at org.apache.tomcat.util.threads.TaskThread$WrappingRunnable.run(TaskThread.java:61)
	at java.lang.Thread.run(Thread.java:748)
Caused by: com.tduck.cloud.storage.exception.StorageException: 无法创建文件目录，请检查权限或路径是否正确
	at com.tduck.cloud.storage.cloud.LocalStorageService.upload(LocalStorageService.java:46)
	... 58 common frames omitted
2026-04-01 01:17:08,673 [http-nio-8999-exec-2] WARN  [o.s.w.m.support.StandardServletMultipartResolver] StandardServletMultipartResolver.java:139 - Failed to perform cleanup of multipart items
java.io.UncheckedIOException: Cannot delete C:\Users\24300\AppData\Local\Temp\tomcat.8999.5718079367803288091\work\Tomcat\localhost\ROOT\upload_b7d04567_5076_4f31_ab6f_2e9746259cbf_00000005.tmp
	at org.apache.tomcat.util.http.fileupload.disk.DiskFileItem.delete(DiskFileItem.java:431)
	at org.apache.catalina.core.ApplicationPart.delete(ApplicationPart.java:54)
	at org.springframework.web.multipart.support.StandardServletMultipartResolver.cleanupMultipart(StandardServletMultipartResolver.java:134)
	at org.springframework.web.servlet.DispatcherServlet.cleanupMultipart(DispatcherServlet.java:1250)
	at org.springframework.web.servlet.DispatcherServlet.doDispatch(DispatcherServlet.java:1107)
	at org.springframework.web.servlet.DispatcherServlet.doService(DispatcherServlet.java:964)
	at org.springframework.web.servlet.FrameworkServlet.processRequest(FrameworkServlet.java:1006)
	at org.springframework.web.servlet.FrameworkServlet.doPost(FrameworkServlet.java:909)
	at javax.servlet.http.HttpServlet.service(HttpServlet.java:696)
	at org.springframework.web.servlet.FrameworkServlet.service(FrameworkServlet.java:883)
	at javax.servlet.http.HttpServlet.service(HttpServlet.java:779)
	at org.apache.catalina.core.ApplicationFilterChain.internalDoFilter(ApplicationFilterChain.java:227)
	at org.apache.catalina.core.ApplicationFilterChain.doFilter(ApplicationFilterChain.java:162)
	at org.apache.tomcat.websocket.server.WsFilter.doFilter(WsFilter.java:53)
	at org.apache.catalina.core.ApplicationFilterChain.internalDoFilter(ApplicationFilterChain.java:189)
	at org.apache.catalina.core.ApplicationFilterChain.doFilter(ApplicationFilterChain.java:162)
	at org.springframework.web.servlet.resource.ResourceUrlEncodingFilter.doFilter(ResourceUrlEncodingFilter.java:67)
	at org.apache.catalina.core.ApplicationFilterChain.internalDoFilter(ApplicationFilterChain.java:189)
	at org.apache.catalina.core.ApplicationFilterChain.doFilter(ApplicationFilterChain.java:162)
	at org.springframework.web.filter.CorsFilter.doFilterInternal(CorsFilter.java:91)
	at org.springframework.web.filter.OncePerRequestFilter.doFilter(OncePerRequestFilter.java:117)
	at org.apache.catalina.core.ApplicationFilterChain.internalDoFilter(ApplicationFilterChain.java:189)
	at org.apache.catalina.core.ApplicationFilterChain.doFilter(ApplicationFilterChain.java:162)
	at org.springframework.web.filter.RequestContextFilter.doFilterInternal(RequestContextFilter.java:100)
	at org.springframework.web.filter.OncePerRequestFilter.doFilter(OncePerRequestFilter.java:117)
	at org.apache.catalina.core.ApplicationFilterChain.internalDoFilter(ApplicationFilterChain.java:189)
	at org.apache.catalina.core.ApplicationFilterChain.doFilter(ApplicationFilterChain.java:162)
	at org.springframework.web.filter.FormContentFilter.doFilterInternal(FormContentFilter.java:93)
	at org.springframework.web.filter.OncePerRequestFilter.doFilter(OncePerRequestFilter.java:117)
	at org.apache.catalina.core.ApplicationFilterChain.internalDoFilter(ApplicationFilterChain.java:189)
	at org.apache.catalina.core.ApplicationFilterChain.doFilter(ApplicationFilterChain.java:162)
	at org.springframework.web.filter.CharacterEncodingFilter.doFilterInternal(CharacterEncodingFilter.java:201)
	at org.springframework.web.filter.OncePerRequestFilter.doFilter(OncePerRequestFilter.java:117)
	at org.apache.catalina.core.ApplicationFilterChain.internalDoFilter(ApplicationFilterChain.java:189)
	at org.apache.catalina.core.ApplicationFilterChain.doFilter(ApplicationFilterChain.java:162)
	at org.apache.catalina.core.StandardWrapperValve.invoke(StandardWrapperValve.java:177)
	at org.apache.catalina.core.StandardContextValve.invoke(StandardContextValve.java:97)
	at org.apache.catalina.authenticator.AuthenticatorBase.invoke(AuthenticatorBase.java:541)
	at org.apache.catalina.core.StandardHostValve.invoke(StandardHostValve.java:135)
	at org.apache.catalina.valves.ErrorReportValve.invoke(ErrorReportValve.java:92)
	at org.apache.catalina.core.StandardEngineValve.invoke(StandardEngineValve.java:78)
	at org.apache.catalina.connector.CoyoteAdapter.service(CoyoteAdapter.java:360)
	at org.apache.coyote.http11.Http11Processor.service(Http11Processor.java:399)
	at org.apache.coyote.AbstractProcessorLight.process(AbstractProcessorLight.java:65)
	at org.apache.coyote.AbstractProtocol$ConnectionHandler.process(AbstractProtocol.java:891)
	at org.apache.tomcat.util.net.NioEndpoint$SocketProcessor.doRun(NioEndpoint.java:1784)
	at org.apache.tomcat.util.net.SocketProcessorBase.run(SocketProcessorBase.java:49)
	at org.apache.tomcat.util.threads.ThreadPoolExecutor.runWorker(ThreadPoolExecutor.java:1191)
	at org.apache.tomcat.util.threads.ThreadPoolExecutor$Worker.run(ThreadPoolExecutor.java:659)
	at org.apache.tomcat.util.threads.TaskThread$WrappingRunnable.run(TaskThread.java:61)
	at java.lang.Thread.run(Thread.java:748)
Caused by: java.io.IOException: Cannot delete C:\Users\24300\AppData\Local\Temp\tomcat.8999.5718079367803288091\work\Tomcat\localhost\ROOT\upload_b7d04567_5076_4f31_ab6f_2e9746259cbf_00000005.tmp
	... 51 common frames omitted
2026-04-01 01:17:08,748 [http-nio-8999-exec-2] ERROR [org.apache.coyote.http11.Http11Processor] DirectJDKLog.java:175 - Error processing request
java.io.UncheckedIOException: Cannot delete C:\Users\24300\AppData\Local\Temp\tomcat.8999.5718079367803288091\work\Tomcat\localhost\ROOT\upload_b7d04567_5076_4f31_ab6f_2e9746259cbf_00000005.tmp
	at org.apache.tomcat.util.http.fileupload.disk.DiskFileItem.delete(DiskFileItem.java:431)
	at org.apache.catalina.core.ApplicationPart.delete(ApplicationPart.java:54)
	at org.apache.catalina.connector.Request.recycle(Request.java:483)
	at org.apache.catalina.connector.CoyoteAdapter.service(CoyoteAdapter.java:441)
	at org.apache.coyote.http11.Http11Processor.service(Http11Processor.java:399)
	at org.apache.coyote.AbstractProcessorLight.process(AbstractProcessorLight.java:65)
	at org.apache.coyote.AbstractProtocol$ConnectionHandler.process(AbstractProtocol.java:891)
	at org.apache.tomcat.util.net.NioEndpoint$SocketProcessor.doRun(NioEndpoint.java:1784)
	at org.apache.tomcat.util.net.SocketProcessorBase.run(SocketProcessorBase.java:49)
	at org.apache.tomcat.util.threads.ThreadPoolExecutor.runWorker(ThreadPoolExecutor.java:1191)
	at org.apache.tomcat.util.threads.ThreadPoolExecutor$Worker.run(ThreadPoolExecutor.java:659)
	at org.apache.tomcat.util.threads.TaskThread$WrappingRunnable.run(TaskThread.java:61)
	at java.lang.Thread.run(Thread.java:748)
Caused by: java.io.IOException: Cannot delete C:\Users\24300\AppData\Local\Temp\tomcat.8999.5718079367803288091\work\Tomcat\localhost\ROOT\upload_b7d04567_5076_4f31_ab6f_2e9746259cbf_00000005.tmp
	... 13 common frames omitted
2026-04-01 01:17:08,752 [http-nio-8999-exec-2] ERROR [org.apache.coyote.http11.Http11NioProtocol] DirectJDKLog.java:175 - Error reading request, ignored
java.io.UncheckedIOException: Cannot delete C:\Users\24300\AppData\Local\Temp\tomcat.8999.5718079367803288091\work\Tomcat\localhost\ROOT\upload_b7d04567_5076_4f31_ab6f_2e9746259cbf_00000005.tmp
	at org.apache.tomcat.util.http.fileupload.disk.DiskFileItem.delete(DiskFileItem.java:431)
	at org.apache.catalina.core.ApplicationPart.delete(ApplicationPart.java:54)
	at org.apache.catalina.connector.Request.recycle(Request.java:483)
	at org.apache.catalina.connector.CoyoteAdapter.log(CoyoteAdapter.java:515)
	at org.apache.coyote.http11.Http11Processor.service(Http11Processor.java:429)
	at org.apache.coyote.AbstractProcessorLight.process(AbstractProcessorLight.java:65)
	at org.apache.coyote.AbstractProtocol$ConnectionHandler.process(AbstractProtocol.java:891)
	at org.apache.tomcat.util.net.NioEndpoint$SocketProcessor.doRun(NioEndpoint.java:1784)
	at org.apache.tomcat.util.net.SocketProcessorBase.run(SocketProcessorBase.java:49)
	at org.apache.tomcat.util.threads.ThreadPoolExecutor.runWorker(ThreadPoolExecutor.java:1191)
	at org.apache.tomcat.util.threads.ThreadPoolExecutor$Worker.run(ThreadPoolExecutor.java:659)
	at org.apache.tomcat.util.threads.TaskThread$WrappingRunnable.run(TaskThread.java:61)
	at java.lang.Thread.run(Thread.java:748)
Caused by: java.io.IOException: Cannot delete C:\Users\24300\AppData\Local\Temp\tomcat.8999.5718079367803288091\work\Tomcat\localhost\ROOT\upload_b7d04567_5076_4f31_ab6f_2e9746259cbf_00000005.tmp
	... 13 common frames omitted
2026-04-01 01:17:08,755 [http-nio-8999-exec-2] ERROR [org.apache.tomcat.util.net.NioEndpoint] DirectJDKLog.java:175 - Error running socket processor
java.io.UncheckedIOException: Cannot delete C:\Users\24300\AppData\Local\Temp\tomcat.8999.5718079367803288091\work\Tomcat\localhost\ROOT\upload_b7d04567_5076_4f31_ab6f_2e9746259cbf_00000005.tmp
	at org.apache.tomcat.util.http.fileupload.disk.DiskFileItem.delete(DiskFileItem.java:431)
	at org.apache.catalina.core.ApplicationPart.delete(ApplicationPart.java:54)
	at org.apache.catalina.connector.Request.recycle(Request.java:483)
	at org.apache.catalina.connector.CoyoteAdapter.log(CoyoteAdapter.java:515)
	at org.apache.catalina.connector.CoyoteAdapter.checkRecycled(CoyoteAdapter.java:539)
	at org.apache.coyote.http11.Http11Processor.recycle(Http11Processor.java:1439)
	at org.apache.coyote.AbstractProtocol$ConnectionHandler.release(AbstractProtocol.java:1098)
	at org.apache.coyote.AbstractProtocol$ConnectionHandler.process(AbstractProtocol.java:1056)
	at org.apache.tomcat.util.net.NioEndpoint$SocketProcessor.doRun(NioEndpoint.java:1784)
	at org.apache.tomcat.util.net.SocketProcessorBase.run(SocketProcessorBase.java:49)
	at org.apache.tomcat.util.threads.ThreadPoolExecutor.runWorker(ThreadPoolExecutor.java:1191)
	at org.apache.tomcat.util.threads.ThreadPoolExecutor$Worker.run(ThreadPoolExecutor.java:659)
	at org.apache.tomcat.util.threads.TaskThread$WrappingRunnable.run(TaskThread.java:61)
	at java.lang.Thread.run(Thread.java:748)
Caused by: java.io.IOException: Cannot delete C:\Users\24300\AppData\Local\Temp\tomcat.8999.5718079367803288091\work\Tomcat\localhost\ROOT\upload_b7d04567_5076_4f31_ab6f_2e9746259cbf_00000005.tmp
	... 14 common frames omitted
2026-04-01 01:18:46,203 [http-nio-8999-exec-6] DEBUG [c.t.c.account.mapper.UserTokenMapper.selectList] BaseJdbcLogger.java:137 - ==>  Preparing: SELECT id,type,user_id,expire_time,token,create_time,update_time FROM ac_user_token WHERE (token = ?)
2026-04-01 01:18:46,202 [http-nio-8999-exec-4] DEBUG [c.t.c.account.mapper.UserTokenMapper.selectList] BaseJdbcLogger.java:137 - ==>  Preparing: SELECT id,type,user_id,expire_time,token,create_time,update_time FROM ac_user_token WHERE (token = ?)
2026-04-01 01:18:46,204 [http-nio-8999-exec-6] DEBUG [c.t.c.account.mapper.UserTokenMapper.selectList] BaseJdbcLogger.java:137 - ==> Parameters: eyJ0eXAiOiJKV1QiLCJhbGciOiJIUzUxMiJ9.eyJzdWIiOiIxIiwiaWF0IjoxNzc0OTcwNDY1LCJleHAiOjE3NzU1NzUyNjV9.rSa7xztbzxT3Wja0kU1R-YKAw4-vVaXIuy4HwHkkjst6NIJJ9VBqFz7Ylu7eZ6gyc-YdIwPL_wNdicigapwFqw(String)
2026-04-01 01:18:46,204 [http-nio-8999-exec-4] DEBUG [c.t.c.account.mapper.UserTokenMapper.selectList] BaseJdbcLogger.java:137 - ==> Parameters: eyJ0eXAiOiJKV1QiLCJhbGciOiJIUzUxMiJ9.eyJzdWIiOiIxIiwiaWF0IjoxNzc0OTcwNDY1LCJleHAiOjE3NzU1NzUyNjV9.rSa7xztbzxT3Wja0kU1R-YKAw4-vVaXIuy4HwHkkjst6NIJJ9VBqFz7Ylu7eZ6gyc-YdIwPL_wNdicigapwFqw(String)
2026-04-01 01:18:46,205 [http-nio-8999-exec-4] DEBUG [c.t.c.account.mapper.UserTokenMapper.selectList] BaseJdbcLogger.java:137 - <==      Total: 1
2026-04-01 01:18:46,205 [http-nio-8999-exec-6] DEBUG [c.t.c.account.mapper.UserTokenMapper.selectList] BaseJdbcLogger.java:137 - <==      Total: 1
2026-04-01 01:18:46,209 [http-nio-8999-exec-6] DEBUG [c.t.c.f.m.FormTemplateCategoryMapper.selectList] BaseJdbcLogger.java:137 - ==>  Preparing: SELECT id,name,sort,create_time,update_time FROM fm_form_template_category ORDER BY sort DESC
2026-04-01 01:18:46,209 [http-nio-8999-exec-4] DEBUG [c.t.c.form.mapper.UserFormItemMapper.selectList] BaseJdbcLogger.java:137 - ==>  Preparing: SELECT id,form_key,form_item_id,type,label,is_display_type,is_hide_type,is_special_type,show_label,default_value,required,placeholder,sort,span,scheme,reg_list,create_time,update_time FROM fm_user_form_item WHERE (form_key = ?)
2026-04-01 01:18:46,210 [http-nio-8999-exec-6] DEBUG [c.t.c.f.m.FormTemplateCategoryMapper.selectList] BaseJdbcLogger.java:137 - ==> Parameters: 
2026-04-01 01:18:46,210 [http-nio-8999-exec-4] DEBUG [c.t.c.form.mapper.UserFormItemMapper.selectList] BaseJdbcLogger.java:137 - ==> Parameters: 4VLobos0(String)
2026-04-01 01:18:46,211 [http-nio-8999-exec-4] DEBUG [c.t.c.form.mapper.UserFormItemMapper.selectList] BaseJdbcLogger.java:137 - <==      Total: 1
2026-04-01 01:18:46,213 [http-nio-8999-exec-6] DEBUG [c.t.c.f.m.FormTemplateCategoryMapper.selectList] BaseJdbcLogger.java:137 - <==      Total: 2
2026-04-01 01:18:46,301 [http-nio-8999-exec-8] DEBUG [c.t.c.account.mapper.UserTokenMapper.selectList] BaseJdbcLogger.java:137 - ==>  Preparing: SELECT id,type,user_id,expire_time,token,create_time,update_time FROM ac_user_token WHERE (token = ?)
2026-04-01 01:18:46,302 [http-nio-8999-exec-8] DEBUG [c.t.c.account.mapper.UserTokenMapper.selectList] BaseJdbcLogger.java:137 - ==> Parameters: eyJ0eXAiOiJKV1QiLCJhbGciOiJIUzUxMiJ9.eyJzdWIiOiIxIiwiaWF0IjoxNzc0OTcwNDY1LCJleHAiOjE3NzU1NzUyNjV9.rSa7xztbzxT3Wja0kU1R-YKAw4-vVaXIuy4HwHkkjst6NIJJ9VBqFz7Ylu7eZ6gyc-YdIwPL_wNdicigapwFqw(String)
2026-04-01 01:18:46,303 [http-nio-8999-exec-8] DEBUG [c.t.c.account.mapper.UserTokenMapper.selectList] BaseJdbcLogger.java:137 - <==      Total: 1
2026-04-01 01:18:46,306 [http-nio-8999-exec-8] DEBUG [c.t.cloud.form.mapper.UserFormMapper.selectList] BaseJdbcLogger.java:137 - ==>  Preparing: SELECT id,form_key,name,description,source_type,source_id,user_id,status,type,is_deleted,is_folder,folder_id,create_time,update_time FROM fm_user_form WHERE (form_key = ?)
2026-04-01 01:18:46,307 [http-nio-8999-exec-8] DEBUG [c.t.cloud.form.mapper.UserFormMapper.selectList] BaseJdbcLogger.java:137 - ==> Parameters: 4VLobos0(String)
2026-04-01 01:18:46,308 [http-nio-8999-exec-8] DEBUG [c.t.cloud.form.mapper.UserFormMapper.selectList] BaseJdbcLogger.java:137 - <==      Total: 1
2026-04-01 01:18:46,309 [http-nio-8999-exec-8] DEBUG [c.tduck.cloud.account.mapper.UserMapper.selectById] BaseJdbcLogger.java:137 - ==>  Preparing: SELECT id,name,avatar,gender,phone_number,email,password,reg_channel,last_login_channel,last_login_time,last_login_ip,deleted,password_type,create_time,update_time FROM ac_user WHERE id=?
2026-04-01 01:18:46,310 [http-nio-8999-exec-8] DEBUG [c.tduck.cloud.account.mapper.UserMapper.selectById] BaseJdbcLogger.java:137 - ==> Parameters: 1(Long)
2026-04-01 01:18:46,315 [http-nio-8999-exec-8] DEBUG [c.tduck.cloud.account.mapper.UserMapper.selectById] BaseJdbcLogger.java:137 - <==      Total: 1
2026-04-01 01:18:46,316 [http-nio-8999-exec-8] DEBUG [c.tduck.cloud.account.mapper.UserMapper.selectById] BaseJdbcLogger.java:137 - ==>  Preparing: SELECT id,name,avatar,gender,phone_number,email,password,reg_channel,last_login_channel,last_login_time,last_login_ip,deleted,password_type,create_time,update_time FROM ac_user WHERE id=?
2026-04-01 01:18:46,316 [http-nio-8999-exec-8] DEBUG [c.tduck.cloud.account.mapper.UserMapper.selectById] BaseJdbcLogger.java:137 - ==> Parameters: 1(Long)
2026-04-01 01:18:46,318 [http-nio-8999-exec-8] DEBUG [c.tduck.cloud.account.mapper.UserMapper.selectById] BaseJdbcLogger.java:137 - <==      Total: 1
2026-04-01 01:18:51,494 [http-nio-8999-exec-7] DEBUG [c.t.c.account.mapper.UserTokenMapper.selectList] BaseJdbcLogger.java:137 - ==>  Preparing: SELECT id,type,user_id,expire_time,token,create_time,update_time FROM ac_user_token WHERE (token = ?)
2026-04-01 01:18:51,495 [http-nio-8999-exec-7] DEBUG [c.t.c.account.mapper.UserTokenMapper.selectList] BaseJdbcLogger.java:137 - ==> Parameters: eyJ0eXAiOiJKV1QiLCJhbGciOiJIUzUxMiJ9.eyJzdWIiOiIxIiwiaWF0IjoxNzc0OTcwNDY1LCJleHAiOjE3NzU1NzUyNjV9.rSa7xztbzxT3Wja0kU1R-YKAw4-vVaXIuy4HwHkkjst6NIJJ9VBqFz7Ylu7eZ6gyc-YdIwPL_wNdicigapwFqw(String)
2026-04-01 01:18:51,496 [http-nio-8999-exec-7] DEBUG [c.t.c.account.mapper.UserTokenMapper.selectList] BaseJdbcLogger.java:137 - <==      Total: 1
2026-04-01 01:18:51,497 [http-nio-8999-exec-7] INFO  [c.t.cloud.api.web.controller.UploadFileController] UploadFileController.java:49 - 开始上传用户文件, 用户ID: 1, 文件名: 1546FF55C35207CE1BC1C79B43215148.png, 文件类型: DEFAULT, 业务类型: cover
2026-04-01 01:18:51,498 [http-nio-8999-exec-7] INFO  [c.t.cloud.api.web.controller.UploadFileController] UploadFileController.java:79 - 文件存储路径: cover/a4238205703342649fb1420dcf84ca0d.png
2026-04-01 01:18:51,498 [http-nio-8999-exec-7] INFO  [com.tduck.cloud.storage.cloud.LocalStorageService] LocalStorageService.java:26 - 上传文件到本地服务器，存储路径: F:/wechat/success/wenjuan/wenjuan/images, 文件相对路径: cover/a4238205703342649fb1420dcf84ca0d.png
2026-04-01 01:18:51,499 [http-nio-8999-exec-7] INFO  [com.tduck.cloud.storage.cloud.LocalStorageService] LocalStorageService.java:31 - 创建上传根目录: F:\wechat\success\wenjuan\wenjuan\images
2026-04-01 01:18:51,561 [http-nio-8999-exec-7] INFO  [com.tduck.cloud.storage.cloud.LocalStorageService] LocalStorageService.java:41 - 创建文件父目录: F:\wechat\success\wenjuan\wenjuan\images\cover
2026-04-01 01:18:51,639 [http-nio-8999-exec-7] ERROR [com.tduck.cloud.storage.cloud.LocalStorageService] LocalStorageService.java:45 - 无法创建目录: F:\wechat\success\wenjuan\wenjuan\images\cover
2026-04-01 01:18:51,640 [http-nio-8999-exec-7] ERROR [com.tduck.cloud.storage.cloud.LocalStorageService] LocalStorageService.java:56 - 文件上传失败: 无法创建文件目录，请检查权限或路径是否正确
com.tduck.cloud.storage.exception.StorageException: 无法创建文件目录，请检查权限或路径是否正确
	at com.tduck.cloud.storage.cloud.LocalStorageService.upload(LocalStorageService.java:46)
	at com.tduck.cloud.api.web.controller.UploadFileController.uploadUserFile(UploadFileController.java:85)
	at sun.reflect.NativeMethodAccessorImpl.invoke0(Native Method)
	at sun.reflect.NativeMethodAccessorImpl.invoke(NativeMethodAccessorImpl.java:62)
	at sun.reflect.DelegatingMethodAccessorImpl.invoke(DelegatingMethodAccessorImpl.java:43)
	at java.lang.reflect.Method.invoke(Method.java:498)
	at org.springframework.web.method.support.InvocableHandlerMethod.doInvoke(InvocableHandlerMethod.java:205)
	at org.springframework.web.method.support.InvocableHandlerMethod.invokeForRequest(InvocableHandlerMethod.java:150)
	at org.springframework.web.servlet.mvc.method.annotation.ServletInvocableHandlerMethod.invokeAndHandle(ServletInvocableHandlerMethod.java:117)
	at org.springframework.web.servlet.mvc.method.annotation.RequestMappingHandlerAdapter.invokeHandlerMethod(RequestMappingHandlerAdapter.java:895)
	at org.springframework.web.servlet.mvc.method.annotation.RequestMappingHandlerAdapter.handleInternal(RequestMappingHandlerAdapter.java:808)
	at org.springframework.web.servlet.mvc.method.AbstractHandlerMethodAdapter.handle(AbstractHandlerMethodAdapter.java:87)
	at org.springframework.web.servlet.DispatcherServlet.doDispatch(DispatcherServlet.java:1071)
	at org.springframework.web.servlet.DispatcherServlet.doService(DispatcherServlet.java:964)
	at org.springframework.web.servlet.FrameworkServlet.processRequest(FrameworkServlet.java:1006)
	at org.springframework.web.servlet.FrameworkServlet.doPost(FrameworkServlet.java:909)
	at javax.servlet.http.HttpServlet.service(HttpServlet.java:696)
	at org.springframework.web.servlet.FrameworkServlet.service(FrameworkServlet.java:883)
	at javax.servlet.http.HttpServlet.service(HttpServlet.java:779)
	at org.apache.catalina.core.ApplicationFilterChain.internalDoFilter(ApplicationFilterChain.java:227)
	at org.apache.catalina.core.ApplicationFilterChain.doFilter(ApplicationFilterChain.java:162)
	at org.apache.tomcat.websocket.server.WsFilter.doFilter(WsFilter.java:53)
	at org.apache.catalina.core.ApplicationFilterChain.internalDoFilter(ApplicationFilterChain.java:189)
	at org.apache.catalina.core.ApplicationFilterChain.doFilter(ApplicationFilterChain.java:162)
	at org.springframework.web.servlet.resource.ResourceUrlEncodingFilter.doFilter(ResourceUrlEncodingFilter.java:67)
	at org.apache.catalina.core.ApplicationFilterChain.internalDoFilter(ApplicationFilterChain.java:189)
	at org.apache.catalina.core.ApplicationFilterChain.doFilter(ApplicationFilterChain.java:162)
	at org.springframework.web.filter.CorsFilter.doFilterInternal(CorsFilter.java:91)
	at org.springframework.web.filter.OncePerRequestFilter.doFilter(OncePerRequestFilter.java:117)
	at org.apache.catalina.core.ApplicationFilterChain.internalDoFilter(ApplicationFilterChain.java:189)
	at org.apache.catalina.core.ApplicationFilterChain.doFilter(ApplicationFilterChain.java:162)
	at org.springframework.web.filter.RequestContextFilter.doFilterInternal(RequestContextFilter.java:100)
	at org.springframework.web.filter.OncePerRequestFilter.doFilter(OncePerRequestFilter.java:117)
	at org.apache.catalina.core.ApplicationFilterChain.internalDoFilter(ApplicationFilterChain.java:189)
	at org.apache.catalina.core.ApplicationFilterChain.doFilter(ApplicationFilterChain.java:162)
	at org.springframework.web.filter.FormContentFilter.doFilterInternal(FormContentFilter.java:93)
	at org.springframework.web.filter.OncePerRequestFilter.doFilter(OncePerRequestFilter.java:117)
	at org.apache.catalina.core.ApplicationFilterChain.internalDoFilter(ApplicationFilterChain.java:189)
	at org.apache.catalina.core.ApplicationFilterChain.doFilter(ApplicationFilterChain.java:162)
	at org.springframework.web.filter.CharacterEncodingFilter.doFilterInternal(CharacterEncodingFilter.java:201)
	at org.springframework.web.filter.OncePerRequestFilter.doFilter(OncePerRequestFilter.java:117)
	at org.apache.catalina.core.ApplicationFilterChain.internalDoFilter(ApplicationFilterChain.java:189)
	at org.apache.catalina.core.ApplicationFilterChain.doFilter(ApplicationFilterChain.java:162)
	at org.apache.catalina.core.StandardWrapperValve.invoke(StandardWrapperValve.java:177)
	at org.apache.catalina.core.StandardContextValve.invoke(StandardContextValve.java:97)
	at org.apache.catalina.authenticator.AuthenticatorBase.invoke(AuthenticatorBase.java:541)
	at org.apache.catalina.core.StandardHostValve.invoke(StandardHostValve.java:135)
	at org.apache.catalina.valves.ErrorReportValve.invoke(ErrorReportValve.java:92)
	at org.apache.catalina.core.StandardEngineValve.invoke(StandardEngineValve.java:78)
	at org.apache.catalina.connector.CoyoteAdapter.service(CoyoteAdapter.java:360)
	at org.apache.coyote.http11.Http11Processor.service(Http11Processor.java:399)
	at org.apache.coyote.AbstractProcessorLight.process(AbstractProcessorLight.java:65)
	at org.apache.coyote.AbstractProtocol$ConnectionHandler.process(AbstractProtocol.java:891)
	at org.apache.tomcat.util.net.NioEndpoint$SocketProcessor.doRun(NioEndpoint.java:1784)
	at org.apache.tomcat.util.net.SocketProcessorBase.run(SocketProcessorBase.java:49)
	at org.apache.tomcat.util.threads.ThreadPoolExecutor.runWorker(ThreadPoolExecutor.java:1191)
	at org.apache.tomcat.util.threads.ThreadPoolExecutor$Worker.run(ThreadPoolExecutor.java:659)
	at org.apache.tomcat.util.threads.TaskThread$WrappingRunnable.run(TaskThread.java:61)
	at java.lang.Thread.run(Thread.java:748)
2026-04-01 01:18:51,643 [http-nio-8999-exec-7] ERROR [c.t.cloud.api.web.controller.UploadFileController] UploadFileController.java:90 - 文件上传失败: 文件上传失败: 无法创建文件目录，请检查权限或路径是否正确
com.tduck.cloud.storage.exception.StorageException: 文件上传失败: 无法创建文件目录，请检查权限或路径是否正确
	at com.tduck.cloud.storage.cloud.LocalStorageService.upload(LocalStorageService.java:57)
	at com.tduck.cloud.api.web.controller.UploadFileController.uploadUserFile(UploadFileController.java:85)
	at sun.reflect.NativeMethodAccessorImpl.invoke0(Native Method)
	at sun.reflect.NativeMethodAccessorImpl.invoke(NativeMethodAccessorImpl.java:62)
	at sun.reflect.DelegatingMethodAccessorImpl.invoke(DelegatingMethodAccessorImpl.java:43)
	at java.lang.reflect.Method.invoke(Method.java:498)
	at org.springframework.web.method.support.InvocableHandlerMethod.doInvoke(InvocableHandlerMethod.java:205)
	at org.springframework.web.method.support.InvocableHandlerMethod.invokeForRequest(InvocableHandlerMethod.java:150)
	at org.springframework.web.servlet.mvc.method.annotation.ServletInvocableHandlerMethod.invokeAndHandle(ServletInvocableHandlerMethod.java:117)
	at org.springframework.web.servlet.mvc.method.annotation.RequestMappingHandlerAdapter.invokeHandlerMethod(RequestMappingHandlerAdapter.java:895)
	at org.springframework.web.servlet.mvc.method.annotation.RequestMappingHandlerAdapter.handleInternal(RequestMappingHandlerAdapter.java:808)
	at org.springframework.web.servlet.mvc.method.AbstractHandlerMethodAdapter.handle(AbstractHandlerMethodAdapter.java:87)
	at org.springframework.web.servlet.DispatcherServlet.doDispatch(DispatcherServlet.java:1071)
	at org.springframework.web.servlet.DispatcherServlet.doService(DispatcherServlet.java:964)
	at org.springframework.web.servlet.FrameworkServlet.processRequest(FrameworkServlet.java:1006)
	at org.springframework.web.servlet.FrameworkServlet.doPost(FrameworkServlet.java:909)
	at javax.servlet.http.HttpServlet.service(HttpServlet.java:696)
	at org.springframework.web.servlet.FrameworkServlet.service(FrameworkServlet.java:883)
	at javax.servlet.http.HttpServlet.service(HttpServlet.java:779)
	at org.apache.catalina.core.ApplicationFilterChain.internalDoFilter(ApplicationFilterChain.java:227)
	at org.apache.catalina.core.ApplicationFilterChain.doFilter(ApplicationFilterChain.java:162)
	at org.apache.tomcat.websocket.server.WsFilter.doFilter(WsFilter.java:53)
	at org.apache.catalina.core.ApplicationFilterChain.internalDoFilter(ApplicationFilterChain.java:189)
	at org.apache.catalina.core.ApplicationFilterChain.doFilter(ApplicationFilterChain.java:162)
	at org.springframework.web.servlet.resource.ResourceUrlEncodingFilter.doFilter(ResourceUrlEncodingFilter.java:67)
	at org.apache.catalina.core.ApplicationFilterChain.internalDoFilter(ApplicationFilterChain.java:189)
	at org.apache.catalina.core.ApplicationFilterChain.doFilter(ApplicationFilterChain.java:162)
	at org.springframework.web.filter.CorsFilter.doFilterInternal(CorsFilter.java:91)
	at org.springframework.web.filter.OncePerRequestFilter.doFilter(OncePerRequestFilter.java:117)
	at org.apache.catalina.core.ApplicationFilterChain.internalDoFilter(ApplicationFilterChain.java:189)
	at org.apache.catalina.core.ApplicationFilterChain.doFilter(ApplicationFilterChain.java:162)
	at org.springframework.web.filter.RequestContextFilter.doFilterInternal(RequestContextFilter.java:100)
	at org.springframework.web.filter.OncePerRequestFilter.doFilter(OncePerRequestFilter.java:117)
	at org.apache.catalina.core.ApplicationFilterChain.internalDoFilter(ApplicationFilterChain.java:189)
	at org.apache.catalina.core.ApplicationFilterChain.doFilter(ApplicationFilterChain.java:162)
	at org.springframework.web.filter.FormContentFilter.doFilterInternal(FormContentFilter.java:93)
	at org.springframework.web.filter.OncePerRequestFilter.doFilter(OncePerRequestFilter.java:117)
	at org.apache.catalina.core.ApplicationFilterChain.internalDoFilter(ApplicationFilterChain.java:189)
	at org.apache.catalina.core.ApplicationFilterChain.doFilter(ApplicationFilterChain.java:162)
	at org.springframework.web.filter.CharacterEncodingFilter.doFilterInternal(CharacterEncodingFilter.java:201)
	at org.springframework.web.filter.OncePerRequestFilter.doFilter(OncePerRequestFilter.java:117)
	at org.apache.catalina.core.ApplicationFilterChain.internalDoFilter(ApplicationFilterChain.java:189)
	at org.apache.catalina.core.ApplicationFilterChain.doFilter(ApplicationFilterChain.java:162)
	at org.apache.catalina.core.StandardWrapperValve.invoke(StandardWrapperValve.java:177)
	at org.apache.catalina.core.StandardContextValve.invoke(StandardContextValve.java:97)
	at org.apache.catalina.authenticator.AuthenticatorBase.invoke(AuthenticatorBase.java:541)
	at org.apache.catalina.core.StandardHostValve.invoke(StandardHostValve.java:135)
	at org.apache.catalina.valves.ErrorReportValve.invoke(ErrorReportValve.java:92)
	at org.apache.catalina.core.StandardEngineValve.invoke(StandardEngineValve.java:78)
	at org.apache.catalina.connector.CoyoteAdapter.service(CoyoteAdapter.java:360)
	at org.apache.coyote.http11.Http11Processor.service(Http11Processor.java:399)
	at org.apache.coyote.AbstractProcessorLight.process(AbstractProcessorLight.java:65)
	at org.apache.coyote.AbstractProtocol$ConnectionHandler.process(AbstractProtocol.java:891)
	at org.apache.tomcat.util.net.NioEndpoint$SocketProcessor.doRun(NioEndpoint.java:1784)
	at org.apache.tomcat.util.net.SocketProcessorBase.run(SocketProcessorBase.java:49)
	at org.apache.tomcat.util.threads.ThreadPoolExecutor.runWorker(ThreadPoolExecutor.java:1191)
	at org.apache.tomcat.util.threads.ThreadPoolExecutor$Worker.run(ThreadPoolExecutor.java:659)
	at org.apache.tomcat.util.threads.TaskThread$WrappingRunnable.run(TaskThread.java:61)
	at java.lang.Thread.run(Thread.java:748)
Caused by: com.tduck.cloud.storage.exception.StorageException: 无法创建文件目录，请检查权限或路径是否正确
	at com.tduck.cloud.storage.cloud.LocalStorageService.upload(LocalStorageService.java:46)
	... 58 common frames omitted
2026-04-01 01:18:51,648 [http-nio-8999-exec-7] WARN  [o.s.w.m.support.StandardServletMultipartResolver] StandardServletMultipartResolver.java:139 - Failed to perform cleanup of multipart items
java.io.UncheckedIOException: Cannot delete C:\Users\24300\AppData\Local\Temp\tomcat.8999.5718079367803288091\work\Tomcat\localhost\ROOT\upload_b7d04567_5076_4f31_ab6f_2e9746259cbf_00000007.tmp
	at org.apache.tomcat.util.http.fileupload.disk.DiskFileItem.delete(DiskFileItem.java:431)
	at org.apache.catalina.core.ApplicationPart.delete(ApplicationPart.java:54)
	at org.springframework.web.multipart.support.StandardServletMultipartResolver.cleanupMultipart(StandardServletMultipartResolver.java:134)
	at org.springframework.web.servlet.DispatcherServlet.cleanupMultipart(DispatcherServlet.java:1250)
	at org.springframework.web.servlet.DispatcherServlet.doDispatch(DispatcherServlet.java:1107)
	at org.springframework.web.servlet.DispatcherServlet.doService(DispatcherServlet.java:964)
	at org.springframework.web.servlet.FrameworkServlet.processRequest(FrameworkServlet.java:1006)
	at org.springframework.web.servlet.FrameworkServlet.doPost(FrameworkServlet.java:909)
	at javax.servlet.http.HttpServlet.service(HttpServlet.java:696)
	at org.springframework.web.servlet.FrameworkServlet.service(FrameworkServlet.java:883)
	at javax.servlet.http.HttpServlet.service(HttpServlet.java:779)
	at org.apache.catalina.core.ApplicationFilterChain.internalDoFilter(ApplicationFilterChain.java:227)
	at org.apache.catalina.core.ApplicationFilterChain.doFilter(ApplicationFilterChain.java:162)
	at org.apache.tomcat.websocket.server.WsFilter.doFilter(WsFilter.java:53)
	at org.apache.catalina.core.ApplicationFilterChain.internalDoFilter(ApplicationFilterChain.java:189)
	at org.apache.catalina.core.ApplicationFilterChain.doFilter(ApplicationFilterChain.java:162)
	at org.springframework.web.servlet.resource.ResourceUrlEncodingFilter.doFilter(ResourceUrlEncodingFilter.java:67)
	at org.apache.catalina.core.ApplicationFilterChain.internalDoFilter(ApplicationFilterChain.java:189)
	at org.apache.catalina.core.ApplicationFilterChain.doFilter(ApplicationFilterChain.java:162)
	at org.springframework.web.filter.CorsFilter.doFilterInternal(CorsFilter.java:91)
	at org.springframework.web.filter.OncePerRequestFilter.doFilter(OncePerRequestFilter.java:117)
	at org.apache.catalina.core.ApplicationFilterChain.internalDoFilter(ApplicationFilterChain.java:189)
	at org.apache.catalina.core.ApplicationFilterChain.doFilter(ApplicationFilterChain.java:162)
	at org.springframework.web.filter.RequestContextFilter.doFilterInternal(RequestContextFilter.java:100)
	at org.springframework.web.filter.OncePerRequestFilter.doFilter(OncePerRequestFilter.java:117)
	at org.apache.catalina.core.ApplicationFilterChain.internalDoFilter(ApplicationFilterChain.java:189)
	at org.apache.catalina.core.ApplicationFilterChain.doFilter(ApplicationFilterChain.java:162)
	at org.springframework.web.filter.FormContentFilter.doFilterInternal(FormContentFilter.java:93)
	at org.springframework.web.filter.OncePerRequestFilter.doFilter(OncePerRequestFilter.java:117)
	at org.apache.catalina.core.ApplicationFilterChain.internalDoFilter(ApplicationFilterChain.java:189)
	at org.apache.catalina.core.ApplicationFilterChain.doFilter(ApplicationFilterChain.java:162)
	at org.springframework.web.filter.CharacterEncodingFilter.doFilterInternal(CharacterEncodingFilter.java:201)
	at org.springframework.web.filter.OncePerRequestFilter.doFilter(OncePerRequestFilter.java:117)
	at org.apache.catalina.core.ApplicationFilterChain.internalDoFilter(ApplicationFilterChain.java:189)
	at org.apache.catalina.core.ApplicationFilterChain.doFilter(ApplicationFilterChain.java:162)
	at org.apache.catalina.core.StandardWrapperValve.invoke(StandardWrapperValve.java:177)
	at org.apache.catalina.core.StandardContextValve.invoke(StandardContextValve.java:97)
	at org.apache.catalina.authenticator.AuthenticatorBase.invoke(AuthenticatorBase.java:541)
	at org.apache.catalina.core.StandardHostValve.invoke(StandardHostValve.java:135)
	at org.apache.catalina.valves.ErrorReportValve.invoke(ErrorReportValve.java:92)
	at org.apache.catalina.core.StandardEngineValve.invoke(StandardEngineValve.java:78)
	at org.apache.catalina.connector.CoyoteAdapter.service(CoyoteAdapter.java:360)
	at org.apache.coyote.http11.Http11Processor.service(Http11Processor.java:399)
	at org.apache.coyote.AbstractProcessorLight.process(AbstractProcessorLight.java:65)
	at org.apache.coyote.AbstractProtocol$ConnectionHandler.process(AbstractProtocol.java:891)
	at org.apache.tomcat.util.net.NioEndpoint$SocketProcessor.doRun(NioEndpoint.java:1784)
	at org.apache.tomcat.util.net.SocketProcessorBase.run(SocketProcessorBase.java:49)
	at org.apache.tomcat.util.threads.ThreadPoolExecutor.runWorker(ThreadPoolExecutor.java:1191)
	at org.apache.tomcat.util.threads.ThreadPoolExecutor$Worker.run(ThreadPoolExecutor.java:659)
	at org.apache.tomcat.util.threads.TaskThread$WrappingRunnable.run(TaskThread.java:61)
	at java.lang.Thread.run(Thread.java:748)
Caused by: java.io.IOException: Cannot delete C:\Users\24300\AppData\Local\Temp\tomcat.8999.5718079367803288091\work\Tomcat\localhost\ROOT\upload_b7d04567_5076_4f31_ab6f_2e9746259cbf_00000007.tmp
	... 51 common frames omitted
2026-04-01 01:18:51,730 [http-nio-8999-exec-7] ERROR [org.apache.coyote.http11.Http11Processor] DirectJDKLog.java:175 - Error processing request
java.io.UncheckedIOException: Cannot delete C:\Users\24300\AppData\Local\Temp\tomcat.8999.5718079367803288091\work\Tomcat\localhost\ROOT\upload_b7d04567_5076_4f31_ab6f_2e9746259cbf_00000007.tmp
	at org.apache.tomcat.util.http.fileupload.disk.DiskFileItem.delete(DiskFileItem.java:431)
	at org.apache.catalina.core.ApplicationPart.delete(ApplicationPart.java:54)
	at org.apache.catalina.connector.Request.recycle(Request.java:483)
	at org.apache.catalina.connector.CoyoteAdapter.service(CoyoteAdapter.java:441)
	at org.apache.coyote.http11.Http11Processor.service(Http11Processor.java:399)
	at org.apache.coyote.AbstractProcessorLight.process(AbstractProcessorLight.java:65)
	at org.apache.coyote.AbstractProtocol$ConnectionHandler.process(AbstractProtocol.java:891)
	at org.apache.tomcat.util.net.NioEndpoint$SocketProcessor.doRun(NioEndpoint.java:1784)
	at org.apache.tomcat.util.net.SocketProcessorBase.run(SocketProcessorBase.java:49)
	at org.apache.tomcat.util.threads.ThreadPoolExecutor.runWorker(ThreadPoolExecutor.java:1191)
	at org.apache.tomcat.util.threads.ThreadPoolExecutor$Worker.run(ThreadPoolExecutor.java:659)
	at org.apache.tomcat.util.threads.TaskThread$WrappingRunnable.run(TaskThread.java:61)
	at java.lang.Thread.run(Thread.java:748)
Caused by: java.io.IOException: Cannot delete C:\Users\24300\AppData\Local\Temp\tomcat.8999.5718079367803288091\work\Tomcat\localhost\ROOT\upload_b7d04567_5076_4f31_ab6f_2e9746259cbf_00000007.tmp
	... 13 common frames omitted
2026-04-01 01:18:51,733 [http-nio-8999-exec-7] ERROR [org.apache.coyote.http11.Http11NioProtocol] DirectJDKLog.java:175 - Error reading request, ignored
java.io.UncheckedIOException: Cannot delete C:\Users\24300\AppData\Local\Temp\tomcat.8999.5718079367803288091\work\Tomcat\localhost\ROOT\upload_b7d04567_5076_4f31_ab6f_2e9746259cbf_00000007.tmp
	at org.apache.tomcat.util.http.fileupload.disk.DiskFileItem.delete(DiskFileItem.java:431)
	at org.apache.catalina.core.ApplicationPart.delete(ApplicationPart.java:54)
	at org.apache.catalina.connector.Request.recycle(Request.java:483)
	at org.apache.catalina.connector.CoyoteAdapter.log(CoyoteAdapter.java:515)
	at org.apache.coyote.http11.Http11Processor.service(Http11Processor.java:429)
	at org.apache.coyote.AbstractProcessorLight.process(AbstractProcessorLight.java:65)
	at org.apache.coyote.AbstractProtocol$ConnectionHandler.process(AbstractProtocol.java:891)
	at org.apache.tomcat.util.net.NioEndpoint$SocketProcessor.doRun(NioEndpoint.java:1784)
	at org.apache.tomcat.util.net.SocketProcessorBase.run(SocketProcessorBase.java:49)
	at org.apache.tomcat.util.threads.ThreadPoolExecutor.runWorker(ThreadPoolExecutor.java:1191)
	at org.apache.tomcat.util.threads.ThreadPoolExecutor$Worker.run(ThreadPoolExecutor.java:659)
	at org.apache.tomcat.util.threads.TaskThread$WrappingRunnable.run(TaskThread.java:61)
	at java.lang.Thread.run(Thread.java:748)
Caused by: java.io.IOException: Cannot delete C:\Users\24300\AppData\Local\Temp\tomcat.8999.5718079367803288091\work\Tomcat\localhost\ROOT\upload_b7d04567_5076_4f31_ab6f_2e9746259cbf_00000007.tmp
	... 13 common frames omitted
2026-04-01 01:18:51,735 [http-nio-8999-exec-7] ERROR [org.apache.tomcat.util.net.NioEndpoint] DirectJDKLog.java:175 - Error running socket processor
java.io.UncheckedIOException: Cannot delete C:\Users\24300\AppData\Local\Temp\tomcat.8999.5718079367803288091\work\Tomcat\localhost\ROOT\upload_b7d04567_5076_4f31_ab6f_2e9746259cbf_00000007.tmp
	at org.apache.tomcat.util.http.fileupload.disk.DiskFileItem.delete(DiskFileItem.java:431)
	at org.apache.catalina.core.ApplicationPart.delete(ApplicationPart.java:54)
	at org.apache.catalina.connector.Request.recycle(Request.java:483)
	at org.apache.catalina.connector.CoyoteAdapter.log(CoyoteAdapter.java:515)
	at org.apache.catalina.connector.CoyoteAdapter.checkRecycled(CoyoteAdapter.java:539)
	at org.apache.coyote.http11.Http11Processor.recycle(Http11Processor.java:1439)
	at org.apache.coyote.AbstractProtocol$ConnectionHandler.release(AbstractProtocol.java:1098)
	at org.apache.coyote.AbstractProtocol$ConnectionHandler.process(AbstractProtocol.java:1056)
	at org.apache.tomcat.util.net.NioEndpoint$SocketProcessor.doRun(NioEndpoint.java:1784)
	at org.apache.tomcat.util.net.SocketProcessorBase.run(SocketProcessorBase.java:49)
	at org.apache.tomcat.util.threads.ThreadPoolExecutor.runWorker(ThreadPoolExecutor.java:1191)
	at org.apache.tomcat.util.threads.ThreadPoolExecutor$Worker.run(ThreadPoolExecutor.java:659)
	at org.apache.tomcat.util.threads.TaskThread$WrappingRunnable.run(TaskThread.java:61)
	at java.lang.Thread.run(Thread.java:748)
Caused by: java.io.IOException: Cannot delete C:\Users\24300\AppData\Local\Temp\tomcat.8999.5718079367803288091\work\Tomcat\localhost\ROOT\upload_b7d04567_5076_4f31_ab6f_2e9746259cbf_00000007.tmp
	... 14 common frames omitted
2026-04-01 01:24:21,703 [main] INFO  [com.tduck.cloud.api.TduckApiApplication] StartupInfoLogger.java:55 - Starting TduckApiApplication using Java 1.8.0_281 on YXian with PID 5888 (D:\Code\myProject\wenjuan\tduck-platform\tduck-platform\tduck-api\target\tduck-api.jar started by 24300 in D:\Code\myProject\wenjuan\tduck-platform\tduck-platform\tduck-api)
2026-04-01 01:24:21,705 [main] DEBUG [com.tduck.cloud.api.TduckApiApplication] StartupInfoLogger.java:56 - Running with Spring Boot v2.7.8, Spring v5.3.25
2026-04-01 01:24:21,706 [main] INFO  [com.tduck.cloud.api.TduckApiApplication] SpringApplication.java:637 - The following 1 profile is active: "dev"
2026-04-01 01:24:21,708 [background-preinit] INFO  [org.hibernate.validator.internal.util.Version] Version.java:21 - HV000001: Hibernate Validator 6.2.5.Final
2026-04-01 01:24:22,564 [main] INFO  [o.s.d.r.config.RepositoryConfigurationDelegate] RepositoryConfigurationDelegate.java:132 - Bootstrapping Spring Data MongoDB repositories in DEFAULT mode.
2026-04-01 01:24:22,576 [main] INFO  [o.s.d.r.config.RepositoryConfigurationDelegate] RepositoryConfigurationDelegate.java:201 - Finished Spring Data repository scanning in 7 ms. Found 0 MongoDB repository interfaces.
2026-04-01 01:24:23,930 [main] INFO  [o.s.boot.web.embedded.tomcat.TomcatWebServer] TomcatWebServer.java:108 - Tomcat initialized with port(s): 8999 (http)
2026-04-01 01:24:23,940 [main] INFO  [org.apache.coyote.http11.Http11NioProtocol] DirectJDKLog.java:173 - Initializing ProtocolHandler ["http-nio-8999"]
2026-04-01 01:24:23,942 [main] INFO  [org.apache.catalina.core.StandardService] DirectJDKLog.java:173 - Starting service [Tomcat]
2026-04-01 01:24:23,942 [main] INFO  [org.apache.catalina.core.StandardEngine] DirectJDKLog.java:173 - Starting Servlet engine: [Apache Tomcat/9.0.71]
2026-04-01 01:24:24,098 [main] INFO  [o.a.c.core.ContainerBase.[Tomcat].[localhost].[/]] DirectJDKLog.java:173 - Initializing Spring embedded WebApplicationContext
2026-04-01 01:24:24,099 [main] INFO  [o.s.b.w.s.c.ServletWebServerApplicationContext] ServletWebServerApplicationContext.java:292 - Root WebApplicationContext: initialization completed in 2348 ms
2026-04-01 01:24:25,917 [main] WARN  [net.sf.ehcache.config.CacheConfiguration] CacheConfiguration.java:868 - Cache 'eternal_cache' is set to eternal but also has TTI/TTL set.  To avoid this warning, clean up the config removing conflicting values of eternal, TTI and TTL. Effective configuration for Cache 'eternal_cache' will be eternal='true', timeToIdleSeconds='0', timeToLiveSeconds='0'.
2026-04-01 01:24:26,859 [main] INFO  [com.zaxxer.hikari.HikariDataSource] HikariDataSource.java:110 - DatebookHikariCP - Starting...
2026-04-01 01:24:27,049 [main] INFO  [com.zaxxer.hikari.HikariDataSource] HikariDataSource.java:123 - DatebookHikariCP - Start completed.
2026-04-01 01:24:27,056 [main] DEBUG [c.t.c.e.mapper.SysEnvConfigMapper.selectList] BaseJdbcLogger.java:137 - ==>  Preparing: SELECT id,env_key,env_value,create_time,update_time FROM sys_env_config
2026-04-01 01:24:27,067 [main] DEBUG [c.t.c.e.mapper.SysEnvConfigMapper.selectList] BaseJdbcLogger.java:137 - ==> Parameters: 
2026-04-01 01:24:27,102 [main] DEBUG [c.t.c.e.mapper.SysEnvConfigMapper.selectList] BaseJdbcLogger.java:137 - <==      Total: 2
2026-04-01 01:24:27,170 [main] DEBUG [c.t.c.e.mapper.SysEnvConfigMapper.selectList] BaseJdbcLogger.java:137 - ==>  Preparing: SELECT id,env_key,env_value,create_time,update_time FROM sys_env_config WHERE (env_key = ?)
2026-04-01 01:24:27,171 [main] DEBUG [c.t.c.e.mapper.SysEnvConfigMapper.selectList] BaseJdbcLogger.java:137 - ==> Parameters: wxMpEnvConfig(String)
2026-04-01 01:24:27,172 [main] DEBUG [c.t.c.e.mapper.SysEnvConfigMapper.selectList] BaseJdbcLogger.java:137 - <==      Total: 0
2026-04-01 01:24:27,459 [main] INFO  [c.a.c.config.AjCaptchaServiceAutoConfiguration] AjCaptchaServiceAutoConfiguration.java:33 - 自定义配置项：
AjCaptchaProperties{type=DEFAULT, jigsaw='', picClick='', waterMark='tduck', waterFont='WenQuanZhengHei.ttf', fontType='WenQuanZhengHei.ttf', slipOffset='5', aesStatus=true, interferenceOptions='0', cacheNumber='1000', timingClear='180', cacheType=local, reqFrequencyLimitEnable=false, reqGetLockLimit=5, reqGetLockSeconds=300, reqGetMinuteLimit=100, reqCheckMinuteLimit=100, reqVerifyMinuteLimit=100}
2026-04-01 01:24:27,462 [main] INFO  [c.anji.captcha.service.impl.CaptchaServiceFactory] CaptchaServiceFactory.java:52 - supported-captchaCache-service:[local]
2026-04-01 01:24:27,468 [main] INFO  [c.anji.captcha.service.impl.CaptchaServiceFactory] CaptchaServiceFactory.java:58 - supported-captchaTypes-service:[clickWord, default, blockPuzzle]
2026-04-01 01:24:27,499 [main] INFO  [com.anji.captcha.util.ImageUtils] ImageUtils.java:48 - 初始化底图:[SLIDING_BLOCK=[Ljava.lang.String;@265adfad, ORIGINAL=[Ljava.lang.String;@a3d9978, PIC_CLICK=[Ljava.lang.String;@61544ae6]
2026-04-01 01:24:27,499 [main] INFO  [c.a.c.service.impl.ClickWordCaptchaServiceImpl] AbstractCaptchaService.java:76 - --->>>初始化验证码底图<<<---clickWord
2026-04-01 01:24:27,647 [main] INFO  [c.a.c.service.impl.ClickWordCaptchaServiceImpl] AbstractCaptchaService.java:92 - 初始化local缓存...
2026-04-01 01:24:27,746 [main] INFO  [com.anji.captcha.util.ImageUtils] ImageUtils.java:48 - 初始化底图:[SLIDING_BLOCK=[Ljava.lang.String;@1c33c17b, ORIGINAL=[Ljava.lang.String;@5bf0fe62, PIC_CLICK=[Ljava.lang.String;@1e097d59]
2026-04-01 01:24:27,747 [main] INFO  [c.a.c.service.impl.BlockPuzzleCaptchaServiceImpl] AbstractCaptchaService.java:76 - --->>>初始化验证码底图<<<---blockPuzzle
2026-04-01 01:24:27,834 [main] INFO  [c.a.c.service.impl.BlockPuzzleCaptchaServiceImpl] AbstractCaptchaService.java:92 - 初始化local缓存...
2026-04-01 01:24:28,211 [main] INFO  [com.tduck.cloud.api.config.JacksonConfig] JacksonConfig.java:45 - 初始化 jackson 配置
2026-04-01 01:24:28,569 [main] INFO  [com.tduck.cloud.storage.cloud.OssStorageFactory] OssStorageFactory.java:67 - 使用配置的上传路径: D:/Code/myProject/wenjuan/images
2026-04-01 01:24:28,571 [main] ERROR [com.tduck.cloud.storage.cloud.OssStorageFactory] OssStorageFactory.java:94 - 更新存储配置失败:null
2026-04-01 01:24:28,573 [main] INFO  [com.tduck.cloud.api.config.WebMvcConfig] WebMvcConfig.java:67 - 使用配置的上传路径: D:/Code/myProject/wenjuan/images
2026-04-01 01:24:28,580 [main] INFO  [com.tduck.cloud.api.config.WebMvcConfig] WebMvcConfig.java:83 - 添加资源处理器: pattern=/images/**, location=file:D:/Code/myProject/wenjuan/images\
2026-04-01 01:24:29,516 [main] INFO  [org.apache.coyote.http11.Http11NioProtocol] DirectJDKLog.java:173 - Starting ProtocolHandler ["http-nio-8999"]
2026-04-01 01:24:29,548 [main] INFO  [o.s.boot.web.embedded.tomcat.TomcatWebServer] TomcatWebServer.java:220 - Tomcat started on port(s): 8999 (http) with context path ''
2026-04-01 01:24:29,561 [main] INFO  [com.tduck.cloud.api.TduckApiApplication] StartupInfoLogger.java:61 - Started TduckApiApplication in 8.372 seconds (JVM running for 9.093)
2026-04-01 01:25:25,086 [http-nio-8999-exec-2] INFO  [org.apache.tomcat.util.http.parser.Cookie] DirectJDKLog.java:173 - A cookie header was received [Hm_lvt_4dbdbc5421c41984499f878628d60f2f=1774948257,1774968090,1774968624;] that contained an invalid cookie. That cookie will be ignored.
 Note: further occurrences of this error will be logged at DEBUG level.
2026-04-01 01:25:25,086 [http-nio-8999-exec-3] INFO  [org.apache.tomcat.util.http.parser.Cookie] DirectJDKLog.java:173 - A cookie header was received [Hm_lvt_4dbdbc5421c41984499f878628d60f2f=1774948257,1774968090,1774968624;] that contained an invalid cookie. That cookie will be ignored.
 Note: further occurrences of this error will be logged at DEBUG level.
2026-04-01 01:25:25,086 [http-nio-8999-exec-1] INFO  [org.apache.tomcat.util.http.parser.Cookie] DirectJDKLog.java:173 - A cookie header was received [Hm_lvt_4dbdbc5421c41984499f878628d60f2f=1774948257,1774968090,1774968624;] that contained an invalid cookie. That cookie will be ignored.
 Note: further occurrences of this error will be logged at DEBUG level.
2026-04-01 01:25:25,096 [http-nio-8999-exec-1] INFO  [o.a.c.core.ContainerBase.[Tomcat].[localhost].[/]] DirectJDKLog.java:173 - Initializing Spring DispatcherServlet 'dispatcherServlet'
2026-04-01 01:25:25,096 [http-nio-8999-exec-1] INFO  [org.springframework.web.servlet.DispatcherServlet] FrameworkServlet.java:525 - Initializing Servlet 'dispatcherServlet'
2026-04-01 01:25:25,098 [http-nio-8999-exec-1] INFO  [org.springframework.web.servlet.DispatcherServlet] FrameworkServlet.java:547 - Completed initialization in 1 ms
2026-04-01 01:25:25,950 [http-nio-8999-exec-3] DEBUG [c.t.c.account.mapper.UserTokenMapper.selectList] BaseJdbcLogger.java:137 - ==>  Preparing: SELECT id,type,user_id,expire_time,token,create_time,update_time FROM ac_user_token WHERE (token = ?)
2026-04-01 01:25:25,950 [http-nio-8999-exec-1] DEBUG [c.t.c.account.mapper.UserTokenMapper.selectList] BaseJdbcLogger.java:137 - ==>  Preparing: SELECT id,type,user_id,expire_time,token,create_time,update_time FROM ac_user_token WHERE (token = ?)
2026-04-01 01:25:25,950 [http-nio-8999-exec-2] DEBUG [c.t.c.account.mapper.UserTokenMapper.selectList] BaseJdbcLogger.java:137 - ==>  Preparing: SELECT id,type,user_id,expire_time,token,create_time,update_time FROM ac_user_token WHERE (token = ?)
2026-04-01 01:25:25,951 [http-nio-8999-exec-3] DEBUG [c.t.c.account.mapper.UserTokenMapper.selectList] BaseJdbcLogger.java:137 - ==> Parameters: eyJ0eXAiOiJKV1QiLCJhbGciOiJIUzUxMiJ9.eyJzdWIiOiIxIiwiaWF0IjoxNzc0OTcwNDY1LCJleHAiOjE3NzU1NzUyNjV9.rSa7xztbzxT3Wja0kU1R-YKAw4-vVaXIuy4HwHkkjst6NIJJ9VBqFz7Ylu7eZ6gyc-YdIwPL_wNdicigapwFqw(String)
2026-04-01 01:25:25,951 [http-nio-8999-exec-2] DEBUG [c.t.c.account.mapper.UserTokenMapper.selectList] BaseJdbcLogger.java:137 - ==> Parameters: eyJ0eXAiOiJKV1QiLCJhbGciOiJIUzUxMiJ9.eyJzdWIiOiIxIiwiaWF0IjoxNzc0OTcwNDY1LCJleHAiOjE3NzU1NzUyNjV9.rSa7xztbzxT3Wja0kU1R-YKAw4-vVaXIuy4HwHkkjst6NIJJ9VBqFz7Ylu7eZ6gyc-YdIwPL_wNdicigapwFqw(String)
2026-04-01 01:25:25,951 [http-nio-8999-exec-1] DEBUG [c.t.c.account.mapper.UserTokenMapper.selectList] BaseJdbcLogger.java:137 - ==> Parameters: eyJ0eXAiOiJKV1QiLCJhbGciOiJIUzUxMiJ9.eyJzdWIiOiIxIiwiaWF0IjoxNzc0OTcwNDY1LCJleHAiOjE3NzU1NzUyNjV9.rSa7xztbzxT3Wja0kU1R-YKAw4-vVaXIuy4HwHkkjst6NIJJ9VBqFz7Ylu7eZ6gyc-YdIwPL_wNdicigapwFqw(String)
2026-04-01 01:25:25,955 [http-nio-8999-exec-1] DEBUG [c.t.c.account.mapper.UserTokenMapper.selectList] BaseJdbcLogger.java:137 - <==      Total: 1
2026-04-01 01:25:25,955 [http-nio-8999-exec-3] DEBUG [c.t.c.account.mapper.UserTokenMapper.selectList] BaseJdbcLogger.java:137 - <==      Total: 1
2026-04-01 01:25:25,955 [http-nio-8999-exec-2] DEBUG [c.t.c.account.mapper.UserTokenMapper.selectList] BaseJdbcLogger.java:137 - <==      Total: 1
2026-04-01 01:25:25,984 [http-nio-8999-exec-3] DEBUG [c.t.cloud.form.mapper.UserFormMapper.selectList] BaseJdbcLogger.java:137 - ==>  Preparing: SELECT id,form_key,name,description,source_type,source_id,user_id,status,type,is_deleted,is_folder,folder_id,create_time,update_time FROM fm_user_form WHERE (form_key = ?)
2026-04-01 01:25:25,985 [http-nio-8999-exec-3] DEBUG [c.t.cloud.form.mapper.UserFormMapper.selectList] BaseJdbcLogger.java:137 - ==> Parameters: 4VLobos0(String)
2026-04-01 01:25:25,989 [http-nio-8999-exec-3] DEBUG [c.t.cloud.form.mapper.UserFormMapper.selectList] BaseJdbcLogger.java:137 - <==      Total: 1
2026-04-01 01:25:25,990 [http-nio-8999-exec-2] DEBUG [c.t.c.f.m.FormTemplateCategoryMapper.selectList] BaseJdbcLogger.java:137 - ==>  Preparing: SELECT id,name,sort,create_time,update_time FROM fm_form_template_category ORDER BY sort DESC
2026-04-01 01:25:25,991 [http-nio-8999-exec-2] DEBUG [c.t.c.f.m.FormTemplateCategoryMapper.selectList] BaseJdbcLogger.java:137 - ==> Parameters: 
2026-04-01 01:25:25,994 [http-nio-8999-exec-2] DEBUG [c.t.c.f.m.FormTemplateCategoryMapper.selectList] BaseJdbcLogger.java:137 - <==      Total: 2
2026-04-01 01:25:25,996 [http-nio-8999-exec-3] DEBUG [c.tduck.cloud.account.mapper.UserMapper.selectById] BaseJdbcLogger.java:137 - ==>  Preparing: SELECT id,name,avatar,gender,phone_number,email,password,reg_channel,last_login_channel,last_login_time,last_login_ip,deleted,password_type,create_time,update_time FROM ac_user WHERE id=?
2026-04-01 01:25:25,997 [http-nio-8999-exec-3] DEBUG [c.tduck.cloud.account.mapper.UserMapper.selectById] BaseJdbcLogger.java:137 - ==> Parameters: 1(Long)
2026-04-01 01:25:26,002 [http-nio-8999-exec-3] DEBUG [c.tduck.cloud.account.mapper.UserMapper.selectById] BaseJdbcLogger.java:137 - <==      Total: 1
2026-04-01 01:25:26,003 [http-nio-8999-exec-3] DEBUG [c.tduck.cloud.account.mapper.UserMapper.selectById] BaseJdbcLogger.java:137 - ==>  Preparing: SELECT id,name,avatar,gender,phone_number,email,password,reg_channel,last_login_channel,last_login_time,last_login_ip,deleted,password_type,create_time,update_time FROM ac_user WHERE id=?
2026-04-01 01:25:26,003 [http-nio-8999-exec-3] DEBUG [c.tduck.cloud.account.mapper.UserMapper.selectById] BaseJdbcLogger.java:137 - ==> Parameters: 1(Long)
2026-04-01 01:25:26,006 [http-nio-8999-exec-3] DEBUG [c.tduck.cloud.account.mapper.UserMapper.selectById] BaseJdbcLogger.java:137 - <==      Total: 1
2026-04-01 01:25:26,100 [http-nio-8999-exec-1] DEBUG [c.t.c.form.mapper.UserFormItemMapper.selectList] BaseJdbcLogger.java:137 - ==>  Preparing: SELECT id,form_key,form_item_id,type,label,is_display_type,is_hide_type,is_special_type,show_label,default_value,required,placeholder,sort,span,scheme,reg_list,create_time,update_time FROM fm_user_form_item WHERE (form_key = ?)
2026-04-01 01:25:26,101 [http-nio-8999-exec-1] DEBUG [c.t.c.form.mapper.UserFormItemMapper.selectList] BaseJdbcLogger.java:137 - ==> Parameters: 4VLobos0(String)
2026-04-01 01:25:26,105 [http-nio-8999-exec-1] DEBUG [c.t.c.form.mapper.UserFormItemMapper.selectList] BaseJdbcLogger.java:137 - <==      Total: 1
2026-04-01 01:25:30,497 [http-nio-8999-exec-4] DEBUG [c.t.c.account.mapper.UserTokenMapper.selectList] BaseJdbcLogger.java:137 - ==>  Preparing: SELECT id,type,user_id,expire_time,token,create_time,update_time FROM ac_user_token WHERE (token = ?)
2026-04-01 01:25:30,497 [http-nio-8999-exec-4] DEBUG [c.t.c.account.mapper.UserTokenMapper.selectList] BaseJdbcLogger.java:137 - ==> Parameters: eyJ0eXAiOiJKV1QiLCJhbGciOiJIUzUxMiJ9.eyJzdWIiOiIxIiwiaWF0IjoxNzc0OTcwNDY1LCJleHAiOjE3NzU1NzUyNjV9.rSa7xztbzxT3Wja0kU1R-YKAw4-vVaXIuy4HwHkkjst6NIJJ9VBqFz7Ylu7eZ6gyc-YdIwPL_wNdicigapwFqw(String)
2026-04-01 01:25:30,499 [http-nio-8999-exec-4] DEBUG [c.t.c.account.mapper.UserTokenMapper.selectList] BaseJdbcLogger.java:137 - <==      Total: 1
2026-04-01 01:25:30,503 [http-nio-8999-exec-4] INFO  [c.t.cloud.api.web.controller.UploadFileController] UploadFileController.java:49 - 开始上传用户文件, 用户ID: 1, 文件名: 1546FF55C35207CE1BC1C79B43215148.png, 文件类型: DEFAULT, 业务类型: cover
2026-04-01 01:25:30,512 [http-nio-8999-exec-4] INFO  [c.t.cloud.api.web.controller.UploadFileController] UploadFileController.java:79 - 文件存储路径: cover/53d34e9582824f4cab72e62c20bafbad.png
2026-04-01 01:25:30,516 [http-nio-8999-exec-4] INFO  [com.tduck.cloud.storage.cloud.OssStorageFactory] OssStorageFactory.java:67 - 使用配置的上传路径: D:/Code/myProject/wenjuan/images
2026-04-01 01:25:30,517 [http-nio-8999-exec-4] INFO  [com.tduck.cloud.storage.cloud.OssStorageFactory] OssStorageFactory.java:88 - 设置默认域名: http://localhost:8999/images
2026-04-01 01:25:30,520 [http-nio-8999-exec-4] INFO  [com.tduck.cloud.storage.cloud.OssStorageFactory] OssStorageFactory.java:92 - 更新存储配置完成:{"ossType":3,"endpoint":null,"accessKeyId":null,"accessKeySecret":null,"bucketName":null,"domain":"http://localhost:8999/images","uploadFolder":"D:/Code/myProject/wenjuan/images","accessPathPattern":"/images/**"}
2026-04-01 01:25:30,522 [http-nio-8999-exec-4] INFO  [com.tduck.cloud.storage.cloud.LocalStorageService] LocalStorageService.java:26 - 上传文件到本地服务器，存储路径: D:/Code/myProject/wenjuan/images, 文件相对路径: cover/53d34e9582824f4cab72e62c20bafbad.png
2026-04-01 01:25:30,541 [http-nio-8999-exec-4] INFO  [com.tduck.cloud.storage.cloud.LocalStorageService] LocalStorageService.java:52 - 文件上传成功: D:\Code\myProject\wenjuan\images\cover\53d34e9582824f4cab72e62c20bafbad.png
2026-04-01 01:25:30,541 [http-nio-8999-exec-4] INFO  [c.t.cloud.api.web.controller.UploadFileController] UploadFileController.java:86 - 文件上传成功, 访问地址: http://localhost:8999/images/cover/53d34e9582824f4cab72e62c20bafbad.png
2026-04-01 01:25:36,535 [http-nio-8999-exec-6] DEBUG [c.t.c.account.mapper.UserTokenMapper.selectList] BaseJdbcLogger.java:137 - ==>  Preparing: SELECT id,type,user_id,expire_time,token,create_time,update_time FROM ac_user_token WHERE (token = ?)
2026-04-01 01:25:36,536 [http-nio-8999-exec-6] DEBUG [c.t.c.account.mapper.UserTokenMapper.selectList] BaseJdbcLogger.java:137 - ==> Parameters: eyJ0eXAiOiJKV1QiLCJhbGciOiJIUzUxMiJ9.eyJzdWIiOiIxIiwiaWF0IjoxNzc0OTcwNDY1LCJleHAiOjE3NzU1NzUyNjV9.rSa7xztbzxT3Wja0kU1R-YKAw4-vVaXIuy4HwHkkjst6NIJJ9VBqFz7Ylu7eZ6gyc-YdIwPL_wNdicigapwFqw(String)
2026-04-01 01:25:36,538 [http-nio-8999-exec-6] DEBUG [c.t.c.account.mapper.UserTokenMapper.selectList] BaseJdbcLogger.java:137 - <==      Total: 1
2026-04-01 01:25:36,580 [http-nio-8999-exec-6] DEBUG [c.t.cloud.form.mapper.UserFormMapper.selectList] BaseJdbcLogger.java:137 - ==>  Preparing: SELECT id,form_key,name,description,source_type,source_id,user_id,status,type,is_deleted,is_folder,folder_id,create_time,update_time FROM fm_user_form WHERE (form_key = ?)
2026-04-01 01:25:36,582 [http-nio-8999-exec-6] DEBUG [c.t.cloud.form.mapper.UserFormMapper.selectList] BaseJdbcLogger.java:137 - ==> Parameters: 4VLobos0(String)
2026-04-01 01:25:36,584 [http-nio-8999-exec-6] DEBUG [c.t.cloud.form.mapper.UserFormMapper.selectList] BaseJdbcLogger.java:137 - <==      Total: 1
2026-04-01 01:25:36,588 [http-nio-8999-exec-6] DEBUG [c.t.c.form.mapper.UserFormItemMapper.selectList] BaseJdbcLogger.java:137 - ==>  Preparing: SELECT id,form_key,form_item_id,type,label,is_display_type,is_hide_type,is_special_type,show_label,default_value,required,placeholder,sort,span,scheme,reg_list,create_time,update_time FROM fm_user_form_item WHERE (form_key = ?)
2026-04-01 01:25:36,589 [http-nio-8999-exec-6] DEBUG [c.t.c.form.mapper.UserFormItemMapper.selectList] BaseJdbcLogger.java:137 - ==> Parameters: 4VLobos0(String)
2026-04-01 01:25:36,592 [http-nio-8999-exec-6] DEBUG [c.t.c.form.mapper.UserFormItemMapper.selectList] BaseJdbcLogger.java:137 - <==      Total: 1
2026-04-01 01:25:36,601 [http-nio-8999-exec-6] DEBUG [c.t.c.form.mapper.UserFormThemeMapper.selectList] BaseJdbcLogger.java:137 - ==>  Preparing: SELECT id,form_key,logo_img,logo_position,head_img_url,theme_color,submit_btn_text,background_color,background_img,show_title,show_describe,show_number,show_submit_btn,create_time,update_time FROM fm_user_form_theme WHERE (form_key = ?)
2026-04-01 01:25:36,602 [http-nio-8999-exec-6] DEBUG [c.t.c.form.mapper.UserFormThemeMapper.selectList] BaseJdbcLogger.java:137 - ==> Parameters: 4VLobos0(String)
2026-04-01 01:25:36,605 [http-nio-8999-exec-6] DEBUG [c.t.c.form.mapper.UserFormThemeMapper.selectList] BaseJdbcLogger.java:137 - <==      Total: 0
2026-04-01 01:25:36,611 [http-nio-8999-exec-6] DEBUG [c.t.c.form.mapper.UserFormLogicMapper.selectList] BaseJdbcLogger.java:137 - ==>  Preparing: SELECT id,form_key,scheme,create_time,update_time FROM fm_user_form_logic WHERE (form_key = ?)
2026-04-01 01:25:36,613 [http-nio-8999-exec-6] DEBUG [c.t.c.form.mapper.UserFormLogicMapper.selectList] BaseJdbcLogger.java:137 - ==> Parameters: 4VLobos0(String)
2026-04-01 01:25:36,615 [http-nio-8999-exec-6] DEBUG [c.t.c.form.mapper.UserFormLogicMapper.selectList] BaseJdbcLogger.java:137 - <==      Total: 0
2026-04-01 01:25:36,619 [http-nio-8999-exec-6] DEBUG [c.t.cloud.form.mapper.FormTemplateMapper.insert] BaseJdbcLogger.java:137 - ==>  Preparing: INSERT INTO fm_form_template ( form_key, name, cover_img, description, category_id, status, scheme, create_time, update_time ) VALUES ( ?, ?, ?, ?, ?, ?, ?, ?, ? )
2026-04-01 01:25:36,624 [http-nio-8999-exec-6] DEBUG [c.t.cloud.form.mapper.FormTemplateMapper.insert] BaseJdbcLogger.java:137 - ==> Parameters: pkyDqJpr(String), 11(String), http://localhost:8999/images/cover/53d34e9582824f4cab72e62c20bafbad.png(String), (String), 54(Long), 0(Long), {"formType":1,"formItems":[{"id":59071,"createTime":"2026-04-01 01:05:34","updateTime":"2026-04-01 01:05:34","formKey":"4VLobos0","formItemId":"slider1774976733322","type":"SLIDER","label":"滑块组件","displayType":false,"hideType":false,"specialType":false,"showLabel":true,"defaultValue":"0","required":true,"placeholder":"","sort":65536,"span":24,"scheme":{"max":100,"min":0,"step":1,"style":{},"config":{"tag":"t-slider","span":24,"label":"滑块组件","formId":"slider1774976733322","regList":[],"tagIcon":"slider","required":true,"changeTag":true,"renderKey":"slider17749767333221774976733322","showLabel":true,"showRegList":false,"defaultValue":0},"typeId":"SLIDER","vModel":"slider1774976733322"},"regList":[],"textLabel":"滑块组件"}]}(String), 2026-04-01T01:25:36.618(LocalDateTime), 2026-04-01T01:25:36.618(LocalDateTime)
2026-04-01 01:25:36,630 [http-nio-8999-exec-6] DEBUG [c.t.cloud.form.mapper.FormTemplateMapper.insert] BaseJdbcLogger.java:137 - <==    Updates: 1
2026-04-01 01:25:36,679 [http-nio-8999-exec-7] DEBUG [c.t.c.account.mapper.UserTokenMapper.selectList] BaseJdbcLogger.java:137 - ==>  Preparing: SELECT id,type,user_id,expire_time,token,create_time,update_time FROM ac_user_token WHERE (token = ?)
2026-04-01 01:25:36,680 [http-nio-8999-exec-7] DEBUG [c.t.c.account.mapper.UserTokenMapper.selectList] BaseJdbcLogger.java:137 - ==> Parameters: eyJ0eXAiOiJKV1QiLCJhbGciOiJIUzUxMiJ9.eyJzdWIiOiIxIiwiaWF0IjoxNzc0OTcwNDY1LCJleHAiOjE3NzU1NzUyNjV9.rSa7xztbzxT3Wja0kU1R-YKAw4-vVaXIuy4HwHkkjst6NIJJ9VBqFz7Ylu7eZ6gyc-YdIwPL_wNdicigapwFqw(String)
2026-04-01 01:25:36,682 [http-nio-8999-exec-7] DEBUG [c.t.c.account.mapper.UserTokenMapper.selectList] BaseJdbcLogger.java:137 - <==      Total: 1
2026-04-01 01:25:36,684 [http-nio-8999-exec-7] DEBUG [c.t.c.f.m.FormTemplateCategoryMapper.selectList] BaseJdbcLogger.java:137 - ==>  Preparing: SELECT id,name,sort,create_time,update_time FROM fm_form_template_category ORDER BY sort DESC
2026-04-01 01:25:36,685 [http-nio-8999-exec-7] DEBUG [c.t.c.f.m.FormTemplateCategoryMapper.selectList] BaseJdbcLogger.java:137 - ==> Parameters: 
2026-04-01 01:25:36,687 [http-nio-8999-exec-7] DEBUG [c.t.c.f.m.FormTemplateCategoryMapper.selectList] BaseJdbcLogger.java:137 - <==      Total: 2
2026-04-01 01:25:36,987 [http-nio-8999-exec-8] DEBUG [c.t.c.account.mapper.UserTokenMapper.selectList] BaseJdbcLogger.java:137 - ==>  Preparing: SELECT id,type,user_id,expire_time,token,create_time,update_time FROM ac_user_token WHERE (token = ?)
2026-04-01 01:25:36,988 [http-nio-8999-exec-8] DEBUG [c.t.c.account.mapper.UserTokenMapper.selectList] BaseJdbcLogger.java:137 - ==> Parameters: eyJ0eXAiOiJKV1QiLCJhbGciOiJIUzUxMiJ9.eyJzdWIiOiIxIiwiaWF0IjoxNzc0OTcwNDY1LCJleHAiOjE3NzU1NzUyNjV9.rSa7xztbzxT3Wja0kU1R-YKAw4-vVaXIuy4HwHkkjst6NIJJ9VBqFz7Ylu7eZ6gyc-YdIwPL_wNdicigapwFqw(String)
2026-04-01 01:25:36,988 [http-nio-8999-exec-8] DEBUG [c.t.c.account.mapper.UserTokenMapper.selectList] BaseJdbcLogger.java:137 - <==      Total: 1
2026-04-01 01:25:37,046 [http-nio-8999-exec-8] DEBUG [c.t.c.f.m.FormTemplateMapper.selectPage_mpCount] BaseJdbcLogger.java:137 - ==>  Preparing: SELECT COUNT(*) AS total FROM fm_form_template
2026-04-01 01:25:37,047 [http-nio-8999-exec-8] DEBUG [c.t.c.f.m.FormTemplateMapper.selectPage_mpCount] BaseJdbcLogger.java:137 - ==> Parameters: 
2026-04-01 01:25:37,054 [http-nio-8999-exec-8] DEBUG [c.t.c.f.m.FormTemplateMapper.selectPage_mpCount] BaseJdbcLogger.java:137 - <==      Total: 1
2026-04-01 01:25:37,057 [http-nio-8999-exec-8] DEBUG [c.t.c.form.mapper.FormTemplateMapper.selectPage] BaseJdbcLogger.java:137 - ==>  Preparing: SELECT id,form_key,name,cover_img,description,category_id,status,scheme,create_time,update_time FROM fm_form_template ORDER BY create_time DESC LIMIT ?
2026-04-01 01:25:37,058 [http-nio-8999-exec-8] DEBUG [c.t.c.form.mapper.FormTemplateMapper.selectPage] BaseJdbcLogger.java:137 - ==> Parameters: 12(Long)
2026-04-01 01:25:37,069 [http-nio-8999-exec-8] DEBUG [c.t.c.form.mapper.FormTemplateMapper.selectPage] BaseJdbcLogger.java:137 - <==      Total: 2
2026-04-01 01:25:39,662 [http-nio-8999-exec-9] DEBUG [c.t.c.account.mapper.UserTokenMapper.selectList] BaseJdbcLogger.java:137 - ==>  Preparing: SELECT id,type,user_id,expire_time,token,create_time,update_time FROM ac_user_token WHERE (token = ?)
2026-04-01 01:25:39,662 [http-nio-8999-exec-10] DEBUG [c.t.c.account.mapper.UserTokenMapper.selectList] BaseJdbcLogger.java:137 - ==>  Preparing: SELECT id,type,user_id,expire_time,token,create_time,update_time FROM ac_user_token WHERE (token = ?)
2026-04-01 01:25:39,663 [http-nio-8999-exec-9] DEBUG [c.t.c.account.mapper.UserTokenMapper.selectList] BaseJdbcLogger.java:137 - ==> Parameters: eyJ0eXAiOiJKV1QiLCJhbGciOiJIUzUxMiJ9.eyJzdWIiOiIxIiwiaWF0IjoxNzc0OTcwNDY1LCJleHAiOjE3NzU1NzUyNjV9.rSa7xztbzxT3Wja0kU1R-YKAw4-vVaXIuy4HwHkkjst6NIJJ9VBqFz7Ylu7eZ6gyc-YdIwPL_wNdicigapwFqw(String)
2026-04-01 01:25:39,663 [http-nio-8999-exec-10] DEBUG [c.t.c.account.mapper.UserTokenMapper.selectList] BaseJdbcLogger.java:137 - ==> Parameters: eyJ0eXAiOiJKV1QiLCJhbGciOiJIUzUxMiJ9.eyJzdWIiOiIxIiwiaWF0IjoxNzc0OTcwNDY1LCJleHAiOjE3NzU1NzUyNjV9.rSa7xztbzxT3Wja0kU1R-YKAw4-vVaXIuy4HwHkkjst6NIJJ9VBqFz7Ylu7eZ6gyc-YdIwPL_wNdicigapwFqw(String)
2026-04-01 01:25:39,664 [http-nio-8999-exec-10] DEBUG [c.t.c.account.mapper.UserTokenMapper.selectList] BaseJdbcLogger.java:137 - <==      Total: 1
2026-04-01 01:25:39,664 [http-nio-8999-exec-9] DEBUG [c.t.c.account.mapper.UserTokenMapper.selectList] BaseJdbcLogger.java:137 - <==      Total: 1
2026-04-01 01:25:39,668 [http-nio-8999-exec-9] DEBUG [c.t.c.form.mapper.FormTemplateMapper.selectList] BaseJdbcLogger.java:137 - ==>  Preparing: SELECT id,form_key,name,cover_img,description,category_id,status,scheme,create_time,update_time FROM fm_form_template WHERE (form_key = ?)
2026-04-01 01:25:39,668 [http-nio-8999-exec-10] DEBUG [c.t.c.form.mapper.FormTemplateMapper.selectList] BaseJdbcLogger.java:137 - ==>  Preparing: SELECT id,form_key,name,cover_img,description,category_id,status,scheme,create_time,update_time FROM fm_form_template WHERE (form_key = ?)
2026-04-01 01:25:39,669 [http-nio-8999-exec-9] DEBUG [c.t.c.form.mapper.FormTemplateMapper.selectList] BaseJdbcLogger.java:137 - ==> Parameters: pkyDqJpr(String)
2026-04-01 01:25:39,669 [http-nio-8999-exec-10] DEBUG [c.t.c.form.mapper.FormTemplateMapper.selectList] BaseJdbcLogger.java:137 - ==> Parameters: pkyDqJpr(String)
2026-04-01 01:25:39,671 [http-nio-8999-exec-10] DEBUG [c.t.c.form.mapper.FormTemplateMapper.selectList] BaseJdbcLogger.java:137 - <==      Total: 1
2026-04-01 01:25:39,671 [http-nio-8999-exec-9] DEBUG [c.t.c.form.mapper.FormTemplateMapper.selectList] BaseJdbcLogger.java:137 - <==      Total: 1
2026-04-01 01:25:46,051 [http-nio-8999-exec-2] DEBUG [c.t.c.account.mapper.UserTokenMapper.selectList] BaseJdbcLogger.java:137 - ==>  Preparing: SELECT id,type,user_id,expire_time,token,create_time,update_time FROM ac_user_token WHERE (token = ?)
2026-04-01 01:25:46,053 [http-nio-8999-exec-2] DEBUG [c.t.c.account.mapper.UserTokenMapper.selectList] BaseJdbcLogger.java:137 - ==> Parameters: eyJ0eXAiOiJKV1QiLCJhbGciOiJIUzUxMiJ9.eyJzdWIiOiIxIiwiaWF0IjoxNzc0OTcwNDY1LCJleHAiOjE3NzU1NzUyNjV9.rSa7xztbzxT3Wja0kU1R-YKAw4-vVaXIuy4HwHkkjst6NIJJ9VBqFz7Ylu7eZ6gyc-YdIwPL_wNdicigapwFqw(String)
2026-04-01 01:25:46,054 [http-nio-8999-exec-2] DEBUG [c.t.c.account.mapper.UserTokenMapper.selectList] BaseJdbcLogger.java:137 - <==      Total: 1
2026-04-01 01:25:46,055 [http-nio-8999-exec-2] DEBUG [c.t.c.f.m.FormTemplateCategoryMapper.selectList] BaseJdbcLogger.java:137 - ==>  Preparing: SELECT id,name,sort,create_time,update_time FROM fm_form_template_category ORDER BY sort DESC
2026-04-01 01:25:46,056 [http-nio-8999-exec-2] DEBUG [c.t.c.f.m.FormTemplateCategoryMapper.selectList] BaseJdbcLogger.java:137 - ==> Parameters: 
2026-04-01 01:25:46,057 [http-nio-8999-exec-2] DEBUG [c.t.c.f.m.FormTemplateCategoryMapper.selectList] BaseJdbcLogger.java:137 - <==      Total: 2
2026-04-01 01:25:46,366 [http-nio-8999-exec-3] DEBUG [c.t.c.account.mapper.UserTokenMapper.selectList] BaseJdbcLogger.java:137 - ==>  Preparing: SELECT id,type,user_id,expire_time,token,create_time,update_time FROM ac_user_token WHERE (token = ?)
2026-04-01 01:25:46,367 [http-nio-8999-exec-3] DEBUG [c.t.c.account.mapper.UserTokenMapper.selectList] BaseJdbcLogger.java:137 - ==> Parameters: eyJ0eXAiOiJKV1QiLCJhbGciOiJIUzUxMiJ9.eyJzdWIiOiIxIiwiaWF0IjoxNzc0OTcwNDY1LCJleHAiOjE3NzU1NzUyNjV9.rSa7xztbzxT3Wja0kU1R-YKAw4-vVaXIuy4HwHkkjst6NIJJ9VBqFz7Ylu7eZ6gyc-YdIwPL_wNdicigapwFqw(String)
2026-04-01 01:25:46,368 [http-nio-8999-exec-3] DEBUG [c.t.c.account.mapper.UserTokenMapper.selectList] BaseJdbcLogger.java:137 - <==      Total: 1
2026-04-01 01:25:46,371 [http-nio-8999-exec-3] DEBUG [c.t.c.f.m.FormTemplateMapper.selectPage_mpCount] BaseJdbcLogger.java:137 - ==>  Preparing: SELECT COUNT(*) AS total FROM fm_form_template
2026-04-01 01:25:46,372 [http-nio-8999-exec-3] DEBUG [c.t.c.f.m.FormTemplateMapper.selectPage_mpCount] BaseJdbcLogger.java:137 - ==> Parameters: 
2026-04-01 01:25:46,374 [http-nio-8999-exec-3] DEBUG [c.t.c.f.m.FormTemplateMapper.selectPage_mpCount] BaseJdbcLogger.java:137 - <==      Total: 1
2026-04-01 01:25:46,375 [http-nio-8999-exec-3] DEBUG [c.t.c.form.mapper.FormTemplateMapper.selectPage] BaseJdbcLogger.java:137 - ==>  Preparing: SELECT id,form_key,name,cover_img,description,category_id,status,scheme,create_time,update_time FROM fm_form_template ORDER BY create_time DESC LIMIT ?
2026-04-01 01:25:46,375 [http-nio-8999-exec-3] DEBUG [c.t.c.form.mapper.FormTemplateMapper.selectPage] BaseJdbcLogger.java:137 - ==> Parameters: 12(Long)
2026-04-01 01:25:46,378 [http-nio-8999-exec-3] DEBUG [c.t.c.form.mapper.FormTemplateMapper.selectPage] BaseJdbcLogger.java:137 - <==      Total: 2
2026-04-01 01:25:50,626 [http-nio-8999-exec-1] DEBUG [c.t.c.account.mapper.UserTokenMapper.selectList] BaseJdbcLogger.java:137 - ==>  Preparing: SELECT id,type,user_id,expire_time,token,create_time,update_time FROM ac_user_token WHERE (token = ?)
2026-04-01 01:25:50,628 [http-nio-8999-exec-1] DEBUG [c.t.c.account.mapper.UserTokenMapper.selectList] BaseJdbcLogger.java:137 - ==> Parameters: eyJ0eXAiOiJKV1QiLCJhbGciOiJIUzUxMiJ9.eyJzdWIiOiIxIiwiaWF0IjoxNzc0OTcwNDY1LCJleHAiOjE3NzU1NzUyNjV9.rSa7xztbzxT3Wja0kU1R-YKAw4-vVaXIuy4HwHkkjst6NIJJ9VBqFz7Ylu7eZ6gyc-YdIwPL_wNdicigapwFqw(String)
2026-04-01 01:25:50,629 [http-nio-8999-exec-1] DEBUG [c.t.c.account.mapper.UserTokenMapper.selectList] BaseJdbcLogger.java:137 - <==      Total: 1
2026-04-01 01:25:50,638 [http-nio-8999-exec-1] DEBUG [c.t.c.f.m.FormTemplateMapper.selectPage_mpCount] BaseJdbcLogger.java:137 - ==>  Preparing: SELECT COUNT(*) AS total FROM fm_form_template WHERE (category_id = ?)
2026-04-01 01:25:50,638 [http-nio-8999-exec-1] DEBUG [c.t.c.f.m.FormTemplateMapper.selectPage_mpCount] BaseJdbcLogger.java:137 - ==> Parameters: 54(Long)
2026-04-01 01:25:50,640 [http-nio-8999-exec-1] DEBUG [c.t.c.f.m.FormTemplateMapper.selectPage_mpCount] BaseJdbcLogger.java:137 - <==      Total: 1
2026-04-01 01:25:50,641 [http-nio-8999-exec-1] DEBUG [c.t.c.form.mapper.FormTemplateMapper.selectPage] BaseJdbcLogger.java:137 - ==>  Preparing: SELECT id,form_key,name,cover_img,description,category_id,status,scheme,create_time,update_time FROM fm_form_template WHERE (category_id = ?) ORDER BY create_time DESC LIMIT ?
2026-04-01 01:25:50,641 [http-nio-8999-exec-1] DEBUG [c.t.c.form.mapper.FormTemplateMapper.selectPage] BaseJdbcLogger.java:137 - ==> Parameters: 54(Long), 12(Long)
2026-04-01 01:25:50,643 [http-nio-8999-exec-1] DEBUG [c.t.c.form.mapper.FormTemplateMapper.selectPage] BaseJdbcLogger.java:137 - <==      Total: 2
2026-04-01 01:25:51,890 [http-nio-8999-exec-5] DEBUG [c.t.c.account.mapper.UserTokenMapper.selectList] BaseJdbcLogger.java:137 - ==>  Preparing: SELECT id,type,user_id,expire_time,token,create_time,update_time FROM ac_user_token WHERE (token = ?)
2026-04-01 01:25:51,890 [http-nio-8999-exec-5] DEBUG [c.t.c.account.mapper.UserTokenMapper.selectList] BaseJdbcLogger.java:137 - ==> Parameters: eyJ0eXAiOiJKV1QiLCJhbGciOiJIUzUxMiJ9.eyJzdWIiOiIxIiwiaWF0IjoxNzc0OTcwNDY1LCJleHAiOjE3NzU1NzUyNjV9.rSa7xztbzxT3Wja0kU1R-YKAw4-vVaXIuy4HwHkkjst6NIJJ9VBqFz7Ylu7eZ6gyc-YdIwPL_wNdicigapwFqw(String)
2026-04-01 01:25:51,891 [http-nio-8999-exec-5] DEBUG [c.t.c.account.mapper.UserTokenMapper.selectList] BaseJdbcLogger.java:137 - <==      Total: 1
2026-04-01 01:25:51,895 [http-nio-8999-exec-5] DEBUG [c.t.c.f.m.FormTemplateMapper.selectPage_mpCount] BaseJdbcLogger.java:137 - ==>  Preparing: SELECT COUNT(*) AS total FROM fm_form_template WHERE (category_id = ?)
2026-04-01 01:25:51,896 [http-nio-8999-exec-5] DEBUG [c.t.c.f.m.FormTemplateMapper.selectPage_mpCount] BaseJdbcLogger.java:137 - ==> Parameters: 53(Long)
2026-04-01 01:25:51,898 [http-nio-8999-exec-5] DEBUG [c.t.c.f.m.FormTemplateMapper.selectPage_mpCount] BaseJdbcLogger.java:137 - <==      Total: 1
2026-04-01 01:25:53,547 [http-nio-8999-exec-4] DEBUG [c.t.c.account.mapper.UserTokenMapper.selectList] BaseJdbcLogger.java:137 - ==>  Preparing: SELECT id,type,user_id,expire_time,token,create_time,update_time FROM ac_user_token WHERE (token = ?)
2026-04-01 01:25:53,547 [http-nio-8999-exec-4] DEBUG [c.t.c.account.mapper.UserTokenMapper.selectList] BaseJdbcLogger.java:137 - ==> Parameters: eyJ0eXAiOiJKV1QiLCJhbGciOiJIUzUxMiJ9.eyJzdWIiOiIxIiwiaWF0IjoxNzc0OTcwNDY1LCJleHAiOjE3NzU1NzUyNjV9.rSa7xztbzxT3Wja0kU1R-YKAw4-vVaXIuy4HwHkkjst6NIJJ9VBqFz7Ylu7eZ6gyc-YdIwPL_wNdicigapwFqw(String)
2026-04-01 01:25:53,549 [http-nio-8999-exec-4] DEBUG [c.t.c.account.mapper.UserTokenMapper.selectList] BaseJdbcLogger.java:137 - <==      Total: 1
2026-04-01 01:25:53,554 [http-nio-8999-exec-4] DEBUG [c.t.c.f.m.FormTemplateMapper.selectPage_mpCount] BaseJdbcLogger.java:137 - ==>  Preparing: SELECT COUNT(*) AS total FROM fm_form_template WHERE (category_id = ?)
2026-04-01 01:25:53,554 [http-nio-8999-exec-4] DEBUG [c.t.c.f.m.FormTemplateMapper.selectPage_mpCount] BaseJdbcLogger.java:137 - ==> Parameters: 0(Long)
2026-04-01 01:25:53,555 [http-nio-8999-exec-4] DEBUG [c.t.c.f.m.FormTemplateMapper.selectPage_mpCount] BaseJdbcLogger.java:137 - <==      Total: 1
2026-04-01 01:25:55,438 [http-nio-8999-exec-6] DEBUG [c.t.c.account.mapper.UserTokenMapper.selectList] BaseJdbcLogger.java:137 - ==>  Preparing: SELECT id,type,user_id,expire_time,token,create_time,update_time FROM ac_user_token WHERE (token = ?)
2026-04-01 01:25:55,439 [http-nio-8999-exec-6] DEBUG [c.t.c.account.mapper.UserTokenMapper.selectList] BaseJdbcLogger.java:137 - ==> Parameters: eyJ0eXAiOiJKV1QiLCJhbGciOiJIUzUxMiJ9.eyJzdWIiOiIxIiwiaWF0IjoxNzc0OTcwNDY1LCJleHAiOjE3NzU1NzUyNjV9.rSa7xztbzxT3Wja0kU1R-YKAw4-vVaXIuy4HwHkkjst6NIJJ9VBqFz7Ylu7eZ6gyc-YdIwPL_wNdicigapwFqw(String)
2026-04-01 01:25:55,440 [http-nio-8999-exec-6] DEBUG [c.t.c.account.mapper.UserTokenMapper.selectList] BaseJdbcLogger.java:137 - <==      Total: 1
2026-04-01 01:25:55,445 [http-nio-8999-exec-6] DEBUG [c.t.c.f.m.FormTemplateMapper.selectPage_mpCount] BaseJdbcLogger.java:137 - ==>  Preparing: SELECT COUNT(*) AS total FROM fm_form_template WHERE (category_id = ?)
2026-04-01 01:25:55,445 [http-nio-8999-exec-6] DEBUG [c.t.c.f.m.FormTemplateMapper.selectPage_mpCount] BaseJdbcLogger.java:137 - ==> Parameters: 54(Long)
2026-04-01 01:25:55,446 [http-nio-8999-exec-6] DEBUG [c.t.c.f.m.FormTemplateMapper.selectPage_mpCount] BaseJdbcLogger.java:137 - <==      Total: 1
2026-04-01 01:25:55,447 [http-nio-8999-exec-6] DEBUG [c.t.c.form.mapper.FormTemplateMapper.selectPage] BaseJdbcLogger.java:137 - ==>  Preparing: SELECT id,form_key,name,cover_img,description,category_id,status,scheme,create_time,update_time FROM fm_form_template WHERE (category_id = ?) ORDER BY create_time DESC LIMIT ?
2026-04-01 01:25:55,447 [http-nio-8999-exec-6] DEBUG [c.t.c.form.mapper.FormTemplateMapper.selectPage] BaseJdbcLogger.java:137 - ==> Parameters: 54(Long), 12(Long)
2026-04-01 01:25:55,452 [http-nio-8999-exec-6] DEBUG [c.t.c.form.mapper.FormTemplateMapper.selectPage] BaseJdbcLogger.java:137 - <==      Total: 2
2026-04-01 01:25:57,966 [http-nio-8999-exec-8] DEBUG [c.t.c.account.mapper.UserTokenMapper.selectList] BaseJdbcLogger.java:137 - ==>  Preparing: SELECT id,type,user_id,expire_time,token,create_time,update_time FROM ac_user_token WHERE (token = ?)
2026-04-01 01:25:57,966 [http-nio-8999-exec-7] DEBUG [c.t.c.account.mapper.UserTokenMapper.selectList] BaseJdbcLogger.java:137 - ==>  Preparing: SELECT id,type,user_id,expire_time,token,create_time,update_time FROM ac_user_token WHERE (token = ?)
2026-04-01 01:25:57,968 [http-nio-8999-exec-7] DEBUG [c.t.c.account.mapper.UserTokenMapper.selectList] BaseJdbcLogger.java:137 - ==> Parameters: eyJ0eXAiOiJKV1QiLCJhbGciOiJIUzUxMiJ9.eyJzdWIiOiIxIiwiaWF0IjoxNzc0OTcwNDY1LCJleHAiOjE3NzU1NzUyNjV9.rSa7xztbzxT3Wja0kU1R-YKAw4-vVaXIuy4HwHkkjst6NIJJ9VBqFz7Ylu7eZ6gyc-YdIwPL_wNdicigapwFqw(String)
2026-04-01 01:25:57,968 [http-nio-8999-exec-8] DEBUG [c.t.c.account.mapper.UserTokenMapper.selectList] BaseJdbcLogger.java:137 - ==> Parameters: eyJ0eXAiOiJKV1QiLCJhbGciOiJIUzUxMiJ9.eyJzdWIiOiIxIiwiaWF0IjoxNzc0OTcwNDY1LCJleHAiOjE3NzU1NzUyNjV9.rSa7xztbzxT3Wja0kU1R-YKAw4-vVaXIuy4HwHkkjst6NIJJ9VBqFz7Ylu7eZ6gyc-YdIwPL_wNdicigapwFqw(String)
2026-04-01 01:25:57,970 [http-nio-8999-exec-8] DEBUG [c.t.c.account.mapper.UserTokenMapper.selectList] BaseJdbcLogger.java:137 - <==      Total: 1
2026-04-01 01:25:57,970 [http-nio-8999-exec-7] DEBUG [c.t.c.account.mapper.UserTokenMapper.selectList] BaseJdbcLogger.java:137 - <==      Total: 1
2026-04-01 01:25:57,972 [http-nio-8999-exec-8] DEBUG [c.t.c.form.mapper.FormTemplateMapper.selectList] BaseJdbcLogger.java:137 - ==>  Preparing: SELECT id,form_key,name,cover_img,description,category_id,status,scheme,create_time,update_time FROM fm_form_template WHERE (form_key = ?)
2026-04-01 01:25:57,972 [http-nio-8999-exec-7] DEBUG [c.t.c.form.mapper.FormTemplateMapper.selectList] BaseJdbcLogger.java:137 - ==>  Preparing: SELECT id,form_key,name,cover_img,description,category_id,status,scheme,create_time,update_time FROM fm_form_template WHERE (form_key = ?)
2026-04-01 01:25:57,973 [http-nio-8999-exec-7] DEBUG [c.t.c.form.mapper.FormTemplateMapper.selectList] BaseJdbcLogger.java:137 - ==> Parameters: pkyDqJpr(String)
2026-04-01 01:25:57,973 [http-nio-8999-exec-8] DEBUG [c.t.c.form.mapper.FormTemplateMapper.selectList] BaseJdbcLogger.java:137 - ==> Parameters: pkyDqJpr(String)
2026-04-01 01:25:57,974 [http-nio-8999-exec-7] DEBUG [c.t.c.form.mapper.FormTemplateMapper.selectList] BaseJdbcLogger.java:137 - <==      Total: 1
2026-04-01 01:25:57,974 [http-nio-8999-exec-8] DEBUG [c.t.c.form.mapper.FormTemplateMapper.selectList] BaseJdbcLogger.java:137 - <==      Total: 1
2026-04-01 01:26:02,564 [http-nio-8999-exec-9] DEBUG [c.t.c.account.mapper.UserTokenMapper.selectList] BaseJdbcLogger.java:137 - ==>  Preparing: SELECT id,type,user_id,expire_time,token,create_time,update_time FROM ac_user_token WHERE (token = ?)
2026-04-01 01:26:02,565 [http-nio-8999-exec-9] DEBUG [c.t.c.account.mapper.UserTokenMapper.selectList] BaseJdbcLogger.java:137 - ==> Parameters: eyJ0eXAiOiJKV1QiLCJhbGciOiJIUzUxMiJ9.eyJzdWIiOiIxIiwiaWF0IjoxNzc0OTcwNDY1LCJleHAiOjE3NzU1NzUyNjV9.rSa7xztbzxT3Wja0kU1R-YKAw4-vVaXIuy4HwHkkjst6NIJJ9VBqFz7Ylu7eZ6gyc-YdIwPL_wNdicigapwFqw(String)
2026-04-01 01:26:02,567 [http-nio-8999-exec-9] DEBUG [c.t.c.account.mapper.UserTokenMapper.selectList] BaseJdbcLogger.java:137 - <==      Total: 1
2026-04-01 01:26:02,568 [http-nio-8999-exec-9] DEBUG [c.t.c.f.m.FormTemplateCategoryMapper.selectList] BaseJdbcLogger.java:137 - ==>  Preparing: SELECT id,name,sort,create_time,update_time FROM fm_form_template_category ORDER BY sort DESC
2026-04-01 01:26:02,568 [http-nio-8999-exec-9] DEBUG [c.t.c.f.m.FormTemplateCategoryMapper.selectList] BaseJdbcLogger.java:137 - ==> Parameters: 
2026-04-01 01:26:02,571 [http-nio-8999-exec-9] DEBUG [c.t.c.f.m.FormTemplateCategoryMapper.selectList] BaseJdbcLogger.java:137 - <==      Total: 2
2026-04-01 01:26:02,873 [http-nio-8999-exec-10] DEBUG [c.t.c.account.mapper.UserTokenMapper.selectList] BaseJdbcLogger.java:137 - ==>  Preparing: SELECT id,type,user_id,expire_time,token,create_time,update_time FROM ac_user_token WHERE (token = ?)
2026-04-01 01:26:02,874 [http-nio-8999-exec-10] DEBUG [c.t.c.account.mapper.UserTokenMapper.selectList] BaseJdbcLogger.java:137 - ==> Parameters: eyJ0eXAiOiJKV1QiLCJhbGciOiJIUzUxMiJ9.eyJzdWIiOiIxIiwiaWF0IjoxNzc0OTcwNDY1LCJleHAiOjE3NzU1NzUyNjV9.rSa7xztbzxT3Wja0kU1R-YKAw4-vVaXIuy4HwHkkjst6NIJJ9VBqFz7Ylu7eZ6gyc-YdIwPL_wNdicigapwFqw(String)
2026-04-01 01:26:02,875 [http-nio-8999-exec-10] DEBUG [c.t.c.account.mapper.UserTokenMapper.selectList] BaseJdbcLogger.java:137 - <==      Total: 1
2026-04-01 01:26:02,878 [http-nio-8999-exec-10] DEBUG [c.t.c.f.m.FormTemplateMapper.selectPage_mpCount] BaseJdbcLogger.java:137 - ==>  Preparing: SELECT COUNT(*) AS total FROM fm_form_template
2026-04-01 01:26:02,878 [http-nio-8999-exec-10] DEBUG [c.t.c.f.m.FormTemplateMapper.selectPage_mpCount] BaseJdbcLogger.java:137 - ==> Parameters: 
2026-04-01 01:26:02,880 [http-nio-8999-exec-10] DEBUG [c.t.c.f.m.FormTemplateMapper.selectPage_mpCount] BaseJdbcLogger.java:137 - <==      Total: 1
2026-04-01 01:26:02,881 [http-nio-8999-exec-10] DEBUG [c.t.c.form.mapper.FormTemplateMapper.selectPage] BaseJdbcLogger.java:137 - ==>  Preparing: SELECT id,form_key,name,cover_img,description,category_id,status,scheme,create_time,update_time FROM fm_form_template ORDER BY create_time DESC LIMIT ?
2026-04-01 01:26:02,881 [http-nio-8999-exec-10] DEBUG [c.t.c.form.mapper.FormTemplateMapper.selectPage] BaseJdbcLogger.java:137 - ==> Parameters: 12(Long)
2026-04-01 01:26:02,883 [http-nio-8999-exec-10] DEBUG [c.t.c.form.mapper.FormTemplateMapper.selectPage] BaseJdbcLogger.java:137 - <==      Total: 2
2026-04-01 01:26:05,581 [http-nio-8999-exec-2] DEBUG [c.t.c.account.mapper.UserTokenMapper.selectList] BaseJdbcLogger.java:137 - ==>  Preparing: SELECT id,type,user_id,expire_time,token,create_time,update_time FROM ac_user_token WHERE (token = ?)
2026-04-01 01:26:05,582 [http-nio-8999-exec-2] DEBUG [c.t.c.account.mapper.UserTokenMapper.selectList] BaseJdbcLogger.java:137 - ==> Parameters: eyJ0eXAiOiJKV1QiLCJhbGciOiJIUzUxMiJ9.eyJzdWIiOiIxIiwiaWF0IjoxNzc0OTcwNDY1LCJleHAiOjE3NzU1NzUyNjV9.rSa7xztbzxT3Wja0kU1R-YKAw4-vVaXIuy4HwHkkjst6NIJJ9VBqFz7Ylu7eZ6gyc-YdIwPL_wNdicigapwFqw(String)
2026-04-01 01:26:05,585 [http-nio-8999-exec-2] DEBUG [c.t.c.account.mapper.UserTokenMapper.selectList] BaseJdbcLogger.java:137 - <==      Total: 1
2026-04-01 01:26:05,600 [http-nio-8999-exec-2] DEBUG [c.t.c.f.mapper.UserFormMapper.selectPage_mpCount] BaseJdbcLogger.java:137 - ==>  Preparing: SELECT COUNT(*) AS total FROM fm_user_form WHERE (user_id = ? AND is_deleted = ? AND folder_id = ?)
2026-04-01 01:26:05,601 [http-nio-8999-exec-2] DEBUG [c.t.c.f.mapper.UserFormMapper.selectPage_mpCount] BaseJdbcLogger.java:137 - ==> Parameters: 1(Long), 0(Integer), 0(Long)
2026-04-01 01:26:05,603 [http-nio-8999-exec-2] DEBUG [c.t.c.f.mapper.UserFormMapper.selectPage_mpCount] BaseJdbcLogger.java:137 - <==      Total: 1
2026-04-01 01:26:05,604 [http-nio-8999-exec-2] DEBUG [c.t.cloud.form.mapper.UserFormMapper.selectPage] BaseJdbcLogger.java:137 - ==>  Preparing: SELECT id,form_key,name,description,source_type,source_id,user_id,status,type,is_deleted,is_folder,folder_id,create_time,update_time FROM fm_user_form WHERE (user_id = ? AND is_deleted = ? AND folder_id = ?) ORDER BY is_folder DESC,create_time DESC LIMIT ?
2026-04-01 01:26:05,604 [http-nio-8999-exec-2] DEBUG [c.t.cloud.form.mapper.UserFormMapper.selectPage] BaseJdbcLogger.java:137 - ==> Parameters: 1(Long), 0(Integer), 0(Long), 12(Long)
2026-04-01 01:26:05,606 [http-nio-8999-exec-2] DEBUG [c.t.cloud.form.mapper.UserFormMapper.selectPage] BaseJdbcLogger.java:137 - <==      Total: 2
2026-04-01 01:26:07,809 [http-nio-8999-exec-1] DEBUG [c.t.c.account.mapper.UserTokenMapper.selectList] BaseJdbcLogger.java:137 - ==>  Preparing: SELECT id,type,user_id,expire_time,token,create_time,update_time FROM ac_user_token WHERE (token = ?)
2026-04-01 01:26:07,810 [http-nio-8999-exec-1] DEBUG [c.t.c.account.mapper.UserTokenMapper.selectList] BaseJdbcLogger.java:137 - ==> Parameters: eyJ0eXAiOiJKV1QiLCJhbGciOiJIUzUxMiJ9.eyJzdWIiOiIxIiwiaWF0IjoxNzc0OTcwNDY1LCJleHAiOjE3NzU1NzUyNjV9.rSa7xztbzxT3Wja0kU1R-YKAw4-vVaXIuy4HwHkkjst6NIJJ9VBqFz7Ylu7eZ6gyc-YdIwPL_wNdicigapwFqw(String)
2026-04-01 01:26:07,812 [http-nio-8999-exec-1] DEBUG [c.t.c.account.mapper.UserTokenMapper.selectList] BaseJdbcLogger.java:137 - <==      Total: 1
2026-04-01 01:26:07,813 [http-nio-8999-exec-1] DEBUG [c.t.c.f.m.FormTemplateCategoryMapper.selectList] BaseJdbcLogger.java:137 - ==>  Preparing: SELECT id,name,sort,create_time,update_time FROM fm_form_template_category ORDER BY sort DESC
2026-04-01 01:26:07,814 [http-nio-8999-exec-1] DEBUG [c.t.c.f.m.FormTemplateCategoryMapper.selectList] BaseJdbcLogger.java:137 - ==> Parameters: 
2026-04-01 01:26:07,816 [http-nio-8999-exec-1] DEBUG [c.t.c.f.m.FormTemplateCategoryMapper.selectList] BaseJdbcLogger.java:137 - <==      Total: 2
2026-04-01 01:26:08,120 [http-nio-8999-exec-4] DEBUG [c.t.c.account.mapper.UserTokenMapper.selectList] BaseJdbcLogger.java:137 - ==>  Preparing: SELECT id,type,user_id,expire_time,token,create_time,update_time FROM ac_user_token WHERE (token = ?)
2026-04-01 01:26:08,120 [http-nio-8999-exec-5] DEBUG [c.t.c.account.mapper.UserTokenMapper.selectList] BaseJdbcLogger.java:137 - ==>  Preparing: SELECT id,type,user_id,expire_time,token,create_time,update_time FROM ac_user_token WHERE (token = ?)
2026-04-01 01:26:08,120 [http-nio-8999-exec-4] DEBUG [c.t.c.account.mapper.UserTokenMapper.selectList] BaseJdbcLogger.java:137 - ==> Parameters: eyJ0eXAiOiJKV1QiLCJhbGciOiJIUzUxMiJ9.eyJzdWIiOiIxIiwiaWF0IjoxNzc0OTcwNDY1LCJleHAiOjE3NzU1NzUyNjV9.rSa7xztbzxT3Wja0kU1R-YKAw4-vVaXIuy4HwHkkjst6NIJJ9VBqFz7Ylu7eZ6gyc-YdIwPL_wNdicigapwFqw(String)
2026-04-01 01:26:08,121 [http-nio-8999-exec-5] DEBUG [c.t.c.account.mapper.UserTokenMapper.selectList] BaseJdbcLogger.java:137 - ==> Parameters: eyJ0eXAiOiJKV1QiLCJhbGciOiJIUzUxMiJ9.eyJzdWIiOiIxIiwiaWF0IjoxNzc0OTcwNDY1LCJleHAiOjE3NzU1NzUyNjV9.rSa7xztbzxT3Wja0kU1R-YKAw4-vVaXIuy4HwHkkjst6NIJJ9VBqFz7Ylu7eZ6gyc-YdIwPL_wNdicigapwFqw(String)
2026-04-01 01:26:08,121 [http-nio-8999-exec-5] DEBUG [c.t.c.account.mapper.UserTokenMapper.selectList] BaseJdbcLogger.java:137 - <==      Total: 1
2026-04-01 01:26:08,121 [http-nio-8999-exec-4] DEBUG [c.t.c.account.mapper.UserTokenMapper.selectList] BaseJdbcLogger.java:137 - <==      Total: 1
2026-04-01 01:26:08,124 [http-nio-8999-exec-5] DEBUG [c.t.c.form.mapper.UserFormItemMapper.selectList] BaseJdbcLogger.java:137 - ==>  Preparing: SELECT id,form_key,form_item_id,type,label,is_display_type,is_hide_type,is_special_type,show_label,default_value,required,placeholder,sort,span,scheme,reg_list,create_time,update_time FROM fm_user_form_item WHERE (form_key = ?)
2026-04-01 01:26:08,124 [http-nio-8999-exec-4] DEBUG [c.t.cloud.form.mapper.UserFormMapper.selectList] BaseJdbcLogger.java:137 - ==>  Preparing: SELECT id,form_key,name,description,source_type,source_id,user_id,status,type,is_deleted,is_folder,folder_id,create_time,update_time FROM fm_user_form WHERE (form_key = ?)
2026-04-01 01:26:08,124 [http-nio-8999-exec-5] DEBUG [c.t.c.form.mapper.UserFormItemMapper.selectList] BaseJdbcLogger.java:137 - ==> Parameters: 4VLobos0(String)
2026-04-01 01:26:08,124 [http-nio-8999-exec-4] DEBUG [c.t.cloud.form.mapper.UserFormMapper.selectList] BaseJdbcLogger.java:137 - ==> Parameters: 4VLobos0(String)
2026-04-01 01:26:08,125 [http-nio-8999-exec-4] DEBUG [c.t.cloud.form.mapper.UserFormMapper.selectList] BaseJdbcLogger.java:137 - <==      Total: 1
2026-04-01 01:26:08,126 [http-nio-8999-exec-5] DEBUG [c.t.c.form.mapper.UserFormItemMapper.selectList] BaseJdbcLogger.java:137 - <==      Total: 1
2026-04-01 01:26:08,126 [http-nio-8999-exec-4] DEBUG [c.tduck.cloud.account.mapper.UserMapper.selectById] BaseJdbcLogger.java:137 - ==>  Preparing: SELECT id,name,avatar,gender,phone_number,email,password,reg_channel,last_login_channel,last_login_time,last_login_ip,deleted,password_type,create_time,update_time FROM ac_user WHERE id=?
2026-04-01 01:26:08,127 [http-nio-8999-exec-4] DEBUG [c.tduck.cloud.account.mapper.UserMapper.selectById] BaseJdbcLogger.java:137 - ==> Parameters: 1(Long)
2026-04-01 01:26:08,128 [http-nio-8999-exec-4] DEBUG [c.tduck.cloud.account.mapper.UserMapper.selectById] BaseJdbcLogger.java:137 - <==      Total: 1
2026-04-01 01:26:08,128 [http-nio-8999-exec-4] DEBUG [c.tduck.cloud.account.mapper.UserMapper.selectById] BaseJdbcLogger.java:137 - ==>  Preparing: SELECT id,name,avatar,gender,phone_number,email,password,reg_channel,last_login_channel,last_login_time,last_login_ip,deleted,password_type,create_time,update_time FROM ac_user WHERE id=?
2026-04-01 01:26:08,129 [http-nio-8999-exec-4] DEBUG [c.tduck.cloud.account.mapper.UserMapper.selectById] BaseJdbcLogger.java:137 - ==> Parameters: 1(Long)
2026-04-01 01:26:08,130 [http-nio-8999-exec-4] DEBUG [c.tduck.cloud.account.mapper.UserMapper.selectById] BaseJdbcLogger.java:137 - <==      Total: 1
2026-04-01 01:26:10,778 [http-nio-8999-exec-6] DEBUG [c.t.c.account.mapper.UserTokenMapper.selectList] BaseJdbcLogger.java:137 - ==>  Preparing: SELECT id,type,user_id,expire_time,token,create_time,update_time FROM ac_user_token WHERE (token = ?)
2026-04-01 01:26:10,778 [http-nio-8999-exec-6] DEBUG [c.t.c.account.mapper.UserTokenMapper.selectList] BaseJdbcLogger.java:137 - ==> Parameters: eyJ0eXAiOiJKV1QiLCJhbGciOiJIUzUxMiJ9.eyJzdWIiOiIxIiwiaWF0IjoxNzc0OTcwNDY1LCJleHAiOjE3NzU1NzUyNjV9.rSa7xztbzxT3Wja0kU1R-YKAw4-vVaXIuy4HwHkkjst6NIJJ9VBqFz7Ylu7eZ6gyc-YdIwPL_wNdicigapwFqw(String)
2026-04-01 01:26:10,779 [http-nio-8999-exec-6] DEBUG [c.t.c.account.mapper.UserTokenMapper.selectList] BaseJdbcLogger.java:137 - <==      Total: 1
2026-04-01 01:26:10,783 [http-nio-8999-exec-6] DEBUG [c.t.c.f.mapper.UserFormMapper.selectPage_mpCount] BaseJdbcLogger.java:137 - ==>  Preparing: SELECT COUNT(*) AS total FROM fm_user_form WHERE (user_id = ? AND is_deleted = ? AND folder_id = ?)
2026-04-01 01:26:10,784 [http-nio-8999-exec-6] DEBUG [c.t.c.f.mapper.UserFormMapper.selectPage_mpCount] BaseJdbcLogger.java:137 - ==> Parameters: 1(Long), 0(Integer), 0(Long)
2026-04-01 01:26:10,785 [http-nio-8999-exec-6] DEBUG [c.t.c.f.mapper.UserFormMapper.selectPage_mpCount] BaseJdbcLogger.java:137 - <==      Total: 1
2026-04-01 01:26:10,785 [http-nio-8999-exec-6] DEBUG [c.t.cloud.form.mapper.UserFormMapper.selectPage] BaseJdbcLogger.java:137 - ==>  Preparing: SELECT id,form_key,name,description,source_type,source_id,user_id,status,type,is_deleted,is_folder,folder_id,create_time,update_time FROM fm_user_form WHERE (user_id = ? AND is_deleted = ? AND folder_id = ?) ORDER BY is_folder DESC,create_time DESC LIMIT ?
2026-04-01 01:26:10,787 [http-nio-8999-exec-6] DEBUG [c.t.cloud.form.mapper.UserFormMapper.selectPage] BaseJdbcLogger.java:137 - ==> Parameters: 1(Long), 0(Integer), 0(Long), 12(Long)
2026-04-01 01:26:10,788 [http-nio-8999-exec-6] DEBUG [c.t.cloud.form.mapper.UserFormMapper.selectPage] BaseJdbcLogger.java:137 - <==      Total: 2
2026-04-01 01:26:14,112 [http-nio-8999-exec-8] DEBUG [c.t.c.account.mapper.UserTokenMapper.selectList] BaseJdbcLogger.java:137 - ==>  Preparing: SELECT id,type,user_id,expire_time,token,create_time,update_time FROM ac_user_token WHERE (token = ?)
2026-04-01 01:26:14,113 [http-nio-8999-exec-8] DEBUG [c.t.c.account.mapper.UserTokenMapper.selectList] BaseJdbcLogger.java:137 - ==> Parameters: eyJ0eXAiOiJKV1QiLCJhbGciOiJIUzUxMiJ9.eyJzdWIiOiIxIiwiaWF0IjoxNzc0OTcwNDY1LCJleHAiOjE3NzU1NzUyNjV9.rSa7xztbzxT3Wja0kU1R-YKAw4-vVaXIuy4HwHkkjst6NIJJ9VBqFz7Ylu7eZ6gyc-YdIwPL_wNdicigapwFqw(String)
2026-04-01 01:26:14,114 [http-nio-8999-exec-8] DEBUG [c.t.c.account.mapper.UserTokenMapper.selectList] BaseJdbcLogger.java:137 - <==      Total: 1
2026-04-01 01:26:14,116 [http-nio-8999-exec-8] DEBUG [c.t.cloud.form.mapper.UserFormMapper.selectList] BaseJdbcLogger.java:137 - ==>  Preparing: SELECT id,form_key,name,description,source_type,source_id,user_id,status,type,is_deleted,is_folder,folder_id,create_time,update_time FROM fm_user_form WHERE (form_key = ?)
2026-04-01 01:26:14,117 [http-nio-8999-exec-8] DEBUG [c.t.cloud.form.mapper.UserFormMapper.selectList] BaseJdbcLogger.java:137 - ==> Parameters: uoYDJYbq(String)
2026-04-01 01:26:14,118 [http-nio-8999-exec-8] DEBUG [c.t.cloud.form.mapper.UserFormMapper.selectList] BaseJdbcLogger.java:137 - <==      Total: 1
2026-04-01 01:26:14,120 [http-nio-8999-exec-8] DEBUG [c.t.c.form.mapper.UserFormItemMapper.selectList] BaseJdbcLogger.java:137 - ==>  Preparing: SELECT id,form_key,form_item_id,type,label,is_display_type,is_hide_type,is_special_type,show_label,default_value,required,placeholder,sort,span,scheme,reg_list,create_time,update_time FROM fm_user_form_item WHERE (form_key = ? AND is_display_type = ?)
2026-04-01 01:26:14,121 [http-nio-8999-exec-8] DEBUG [c.t.c.form.mapper.UserFormItemMapper.selectList] BaseJdbcLogger.java:137 - ==> Parameters: uoYDJYbq(String), 0(Integer)
2026-04-01 01:26:14,124 [http-nio-8999-exec-8] DEBUG [c.t.c.form.mapper.UserFormItemMapper.selectList] BaseJdbcLogger.java:137 - <==      Total: 2
2026-04-01 01:26:14,416 [http-nio-8999-exec-9] DEBUG [c.t.c.account.mapper.UserTokenMapper.selectList] BaseJdbcLogger.java:137 - ==>  Preparing: SELECT id,type,user_id,expire_time,token,create_time,update_time FROM ac_user_token WHERE (token = ?)
2026-04-01 01:26:14,417 [http-nio-8999-exec-9] DEBUG [c.t.c.account.mapper.UserTokenMapper.selectList] BaseJdbcLogger.java:137 - ==> Parameters: eyJ0eXAiOiJKV1QiLCJhbGciOiJIUzUxMiJ9.eyJzdWIiOiIxIiwiaWF0IjoxNzc0OTcwNDY1LCJleHAiOjE3NzU1NzUyNjV9.rSa7xztbzxT3Wja0kU1R-YKAw4-vVaXIuy4HwHkkjst6NIJJ9VBqFz7Ylu7eZ6gyc-YdIwPL_wNdicigapwFqw(String)
2026-04-01 01:26:14,419 [http-nio-8999-exec-9] DEBUG [c.t.c.account.mapper.UserTokenMapper.selectList] BaseJdbcLogger.java:137 - <==      Total: 1
2026-04-01 01:26:14,420 [http-nio-8999-exec-9] DEBUG [c.t.cloud.form.mapper.UserFormMapper.selectList] BaseJdbcLogger.java:137 - ==>  Preparing: SELECT id,form_key,name,description,source_type,source_id,user_id,status,type,is_deleted,is_folder,folder_id,create_time,update_time FROM fm_user_form WHERE (form_key = ?)
2026-04-01 01:26:14,420 [http-nio-8999-exec-9] DEBUG [c.t.cloud.form.mapper.UserFormMapper.selectList] BaseJdbcLogger.java:137 - ==> Parameters: uoYDJYbq(String)
2026-04-01 01:26:14,422 [http-nio-8999-exec-9] DEBUG [c.t.cloud.form.mapper.UserFormMapper.selectList] BaseJdbcLogger.java:137 - <==      Total: 1
2026-04-01 01:26:14,431 [http-nio-8999-exec-10] DEBUG [c.t.c.account.mapper.UserTokenMapper.selectList] BaseJdbcLogger.java:137 - ==>  Preparing: SELECT id,type,user_id,expire_time,token,create_time,update_time FROM ac_user_token WHERE (token = ?)
2026-04-01 01:26:14,431 [http-nio-8999-exec-3] DEBUG [c.t.c.account.mapper.UserTokenMapper.selectList] BaseJdbcLogger.java:137 - ==>  Preparing: SELECT id,type,user_id,expire_time,token,create_time,update_time FROM ac_user_token WHERE (token = ?)
2026-04-01 01:26:14,432 [http-nio-8999-exec-3] DEBUG [c.t.c.account.mapper.UserTokenMapper.selectList] BaseJdbcLogger.java:137 - ==> Parameters: eyJ0eXAiOiJKV1QiLCJhbGciOiJIUzUxMiJ9.eyJzdWIiOiIxIiwiaWF0IjoxNzc0OTcwNDY1LCJleHAiOjE3NzU1NzUyNjV9.rSa7xztbzxT3Wja0kU1R-YKAw4-vVaXIuy4HwHkkjst6NIJJ9VBqFz7Ylu7eZ6gyc-YdIwPL_wNdicigapwFqw(String)
2026-04-01 01:26:14,432 [http-nio-8999-exec-10] DEBUG [c.t.c.account.mapper.UserTokenMapper.selectList] BaseJdbcLogger.java:137 - ==> Parameters: eyJ0eXAiOiJKV1QiLCJhbGciOiJIUzUxMiJ9.eyJzdWIiOiIxIiwiaWF0IjoxNzc0OTcwNDY1LCJleHAiOjE3NzU1NzUyNjV9.rSa7xztbzxT3Wja0kU1R-YKAw4-vVaXIuy4HwHkkjst6NIJJ9VBqFz7Ylu7eZ6gyc-YdIwPL_wNdicigapwFqw(String)
2026-04-01 01:26:14,432 [http-nio-8999-exec-2] DEBUG [c.t.c.account.mapper.UserTokenMapper.selectList] BaseJdbcLogger.java:137 - ==>  Preparing: SELECT id,type,user_id,expire_time,token,create_time,update_time FROM ac_user_token WHERE (token = ?)
2026-04-01 01:26:14,434 [http-nio-8999-exec-2] DEBUG [c.t.c.account.mapper.UserTokenMapper.selectList] BaseJdbcLogger.java:137 - ==> Parameters: eyJ0eXAiOiJKV1QiLCJhbGciOiJIUzUxMiJ9.eyJzdWIiOiIxIiwiaWF0IjoxNzc0OTcwNDY1LCJleHAiOjE3NzU1NzUyNjV9.rSa7xztbzxT3Wja0kU1R-YKAw4-vVaXIuy4HwHkkjst6NIJJ9VBqFz7Ylu7eZ6gyc-YdIwPL_wNdicigapwFqw(String)
2026-04-01 01:26:14,434 [http-nio-8999-exec-10] DEBUG [c.t.c.account.mapper.UserTokenMapper.selectList] BaseJdbcLogger.java:137 - <==      Total: 1
2026-04-01 01:26:14,434 [http-nio-8999-exec-3] DEBUG [c.t.c.account.mapper.UserTokenMapper.selectList] BaseJdbcLogger.java:137 - <==      Total: 1
2026-04-01 01:26:14,435 [http-nio-8999-exec-2] DEBUG [c.t.c.account.mapper.UserTokenMapper.selectList] BaseJdbcLogger.java:137 - <==      Total: 1
2026-04-01 01:26:14,435 [http-nio-8999-exec-3] DEBUG [c.t.c.f.m.FormTemplateCategoryMapper.selectList] BaseJdbcLogger.java:137 - ==>  Preparing: SELECT id,name,sort,create_time,update_time FROM fm_form_template_category ORDER BY sort DESC
2026-04-01 01:26:14,436 [http-nio-8999-exec-3] DEBUG [c.t.c.f.m.FormTemplateCategoryMapper.selectList] BaseJdbcLogger.java:137 - ==> Parameters: 
2026-04-01 01:26:14,437 [http-nio-8999-exec-3] DEBUG [c.t.c.f.m.FormTemplateCategoryMapper.selectList] BaseJdbcLogger.java:137 - <==      Total: 2
2026-04-01 01:26:14,443 [http-nio-8999-exec-10] DEBUG [c.t.c.form.mapper.UserFormSettingMapper.selectList] BaseJdbcLogger.java:137 - ==>  Preparing: SELECT id,form_key,settings,create_time,update_time FROM fm_user_form_setting WHERE (form_key = ?)
2026-04-01 01:26:14,443 [http-nio-8999-exec-10] DEBUG [c.t.c.form.mapper.UserFormSettingMapper.selectList] BaseJdbcLogger.java:137 - ==> Parameters: uoYDJYbq(String)
2026-04-01 01:26:14,445 [http-nio-8999-exec-10] DEBUG [c.t.c.form.mapper.UserFormSettingMapper.selectList] BaseJdbcLogger.java:137 - <==      Total: 0
2026-04-01 01:26:14,448 [http-nio-8999-exec-2] DEBUG [c.t.c.f.mapper.UserFormDataMapper.selectCountBySql] BaseJdbcLogger.java:137 - ==>  Preparing: select count(1) from fm_user_form_data where form_key = 'uoYDJYbq'
2026-04-01 01:26:14,449 [http-nio-8999-exec-2] DEBUG [c.t.c.f.mapper.UserFormDataMapper.selectCountBySql] BaseJdbcLogger.java:137 - ==> Parameters: 
2026-04-01 01:26:14,451 [http-nio-8999-exec-2] DEBUG [c.t.c.f.mapper.UserFormDataMapper.selectCountBySql] BaseJdbcLogger.java:137 - <==      Total: 1
2026-04-01 01:26:14,452 [http-nio-8999-exec-2] DEBUG [c.t.c.f.mapper.UserFormDataMapper.selectRowsBySql] BaseJdbcLogger.java:137 - ==>  Preparing: select * from fm_user_form_data where form_key = 'uoYDJYbq' ORDER BY id DESC limit 0,10
2026-04-01 01:26:14,453 [http-nio-8999-exec-2] DEBUG [c.t.c.f.mapper.UserFormDataMapper.selectRowsBySql] BaseJdbcLogger.java:137 - ==> Parameters: 
2026-04-01 01:26:14,455 [http-nio-8999-exec-2] DEBUG [c.t.c.f.mapper.UserFormDataMapper.selectRowsBySql] BaseJdbcLogger.java:137 - <==      Total: 2
2026-04-01 01:26:17,577 [http-nio-8999-exec-1] DEBUG [c.t.c.account.mapper.UserTokenMapper.selectList] BaseJdbcLogger.java:137 - ==>  Preparing: SELECT id,type,user_id,expire_time,token,create_time,update_time FROM ac_user_token WHERE (token = ?)
2026-04-01 01:26:17,577 [http-nio-8999-exec-1] DEBUG [c.t.c.account.mapper.UserTokenMapper.selectList] BaseJdbcLogger.java:137 - ==> Parameters: eyJ0eXAiOiJKV1QiLCJhbGciOiJIUzUxMiJ9.eyJzdWIiOiIxIiwiaWF0IjoxNzc0OTcwNDY1LCJleHAiOjE3NzU1NzUyNjV9.rSa7xztbzxT3Wja0kU1R-YKAw4-vVaXIuy4HwHkkjst6NIJJ9VBqFz7Ylu7eZ6gyc-YdIwPL_wNdicigapwFqw(String)
2026-04-01 01:26:17,578 [http-nio-8999-exec-1] DEBUG [c.t.c.account.mapper.UserTokenMapper.selectList] BaseJdbcLogger.java:137 - <==      Total: 1
2026-04-01 01:26:17,582 [http-nio-8999-exec-1] DEBUG [c.t.c.f.mapper.UserFormMapper.selectPage_mpCount] BaseJdbcLogger.java:137 - ==>  Preparing: SELECT COUNT(*) AS total FROM fm_user_form WHERE (user_id = ? AND is_deleted = ? AND folder_id = ?)
2026-04-01 01:26:17,582 [http-nio-8999-exec-1] DEBUG [c.t.c.f.mapper.UserFormMapper.selectPage_mpCount] BaseJdbcLogger.java:137 - ==> Parameters: 1(Long), 0(Integer), 0(Long)
2026-04-01 01:26:17,584 [http-nio-8999-exec-1] DEBUG [c.t.c.f.mapper.UserFormMapper.selectPage_mpCount] BaseJdbcLogger.java:137 - <==      Total: 1
2026-04-01 01:26:17,584 [http-nio-8999-exec-1] DEBUG [c.t.cloud.form.mapper.UserFormMapper.selectPage] BaseJdbcLogger.java:137 - ==>  Preparing: SELECT id,form_key,name,description,source_type,source_id,user_id,status,type,is_deleted,is_folder,folder_id,create_time,update_time FROM fm_user_form WHERE (user_id = ? AND is_deleted = ? AND folder_id = ?) ORDER BY is_folder DESC,create_time DESC LIMIT ?
2026-04-01 01:26:17,585 [http-nio-8999-exec-1] DEBUG [c.t.cloud.form.mapper.UserFormMapper.selectPage] BaseJdbcLogger.java:137 - ==> Parameters: 1(Long), 0(Integer), 0(Long), 12(Long)
2026-04-01 01:26:17,587 [http-nio-8999-exec-1] DEBUG [c.t.cloud.form.mapper.UserFormMapper.selectPage] BaseJdbcLogger.java:137 - <==      Total: 2
2026-04-01 01:26:18,918 [http-nio-8999-exec-4] DEBUG [c.t.c.account.mapper.UserTokenMapper.selectList] BaseJdbcLogger.java:137 - ==>  Preparing: SELECT id,type,user_id,expire_time,token,create_time,update_time FROM ac_user_token WHERE (token = ?)
2026-04-01 01:26:18,918 [http-nio-8999-exec-4] DEBUG [c.t.c.account.mapper.UserTokenMapper.selectList] BaseJdbcLogger.java:137 - ==> Parameters: eyJ0eXAiOiJKV1QiLCJhbGciOiJIUzUxMiJ9.eyJzdWIiOiIxIiwiaWF0IjoxNzc0OTcwNDY1LCJleHAiOjE3NzU1NzUyNjV9.rSa7xztbzxT3Wja0kU1R-YKAw4-vVaXIuy4HwHkkjst6NIJJ9VBqFz7Ylu7eZ6gyc-YdIwPL_wNdicigapwFqw(String)
2026-04-01 01:26:18,920 [http-nio-8999-exec-4] DEBUG [c.t.c.account.mapper.UserTokenMapper.selectList] BaseJdbcLogger.java:137 - <==      Total: 1
2026-04-01 01:26:18,927 [http-nio-8999-exec-4] DEBUG [c.t.c.f.mapper.UserFormViewCountMapper.selectList] BaseJdbcLogger.java:137 - ==>  Preparing: SELECT id,form_key,count,create_time,update_time FROM fm_user_form_view_count WHERE (form_key = ?)
2026-04-01 01:26:18,927 [http-nio-8999-exec-4] DEBUG [c.t.c.f.mapper.UserFormViewCountMapper.selectList] BaseJdbcLogger.java:137 - ==> Parameters: uoYDJYbq(String)
2026-04-01 01:26:18,930 [http-nio-8999-exec-4] DEBUG [c.t.c.f.mapper.UserFormViewCountMapper.selectList] BaseJdbcLogger.java:137 - <==      Total: 1
2026-04-01 01:26:18,934 [http-nio-8999-exec-4] DEBUG [c.t.c.form.mapper.UserFormDataMapper.selectMaps] BaseJdbcLogger.java:137 - ==>  Preparing: SELECT AVG(complete_time) as avgCompleteTime, count(1) as completeCount FROM fm_user_form_data WHERE (form_key = ?)
2026-04-01 01:26:18,935 [http-nio-8999-exec-4] DEBUG [c.t.c.form.mapper.UserFormDataMapper.selectMaps] BaseJdbcLogger.java:137 - ==> Parameters: uoYDJYbq(String)
2026-04-01 01:26:18,937 [http-nio-8999-exec-4] DEBUG [c.t.c.form.mapper.UserFormDataMapper.selectMaps] BaseJdbcLogger.java:137 - <==      Total: 1
2026-04-01 01:26:19,224 [http-nio-8999-exec-6] DEBUG [c.t.c.account.mapper.UserTokenMapper.selectList] BaseJdbcLogger.java:137 - ==>  Preparing: SELECT id,type,user_id,expire_time,token,create_time,update_time FROM ac_user_token WHERE (token = ?)
2026-04-01 01:26:19,225 [http-nio-8999-exec-8] DEBUG [c.t.c.account.mapper.UserTokenMapper.selectList] BaseJdbcLogger.java:137 - ==>  Preparing: SELECT id,type,user_id,expire_time,token,create_time,update_time FROM ac_user_token WHERE (token = ?)
2026-04-01 01:26:19,225 [http-nio-8999-exec-9] DEBUG [c.t.c.account.mapper.UserTokenMapper.selectList] BaseJdbcLogger.java:137 - ==>  Preparing: SELECT id,type,user_id,expire_time,token,create_time,update_time FROM ac_user_token WHERE (token = ?)
2026-04-01 01:26:19,225 [http-nio-8999-exec-8] DEBUG [c.t.c.account.mapper.UserTokenMapper.selectList] BaseJdbcLogger.java:137 - ==> Parameters: eyJ0eXAiOiJKV1QiLCJhbGciOiJIUzUxMiJ9.eyJzdWIiOiIxIiwiaWF0IjoxNzc0OTcwNDY1LCJleHAiOjE3NzU1NzUyNjV9.rSa7xztbzxT3Wja0kU1R-YKAw4-vVaXIuy4HwHkkjst6NIJJ9VBqFz7Ylu7eZ6gyc-YdIwPL_wNdicigapwFqw(String)
2026-04-01 01:26:19,225 [http-nio-8999-exec-7] DEBUG [c.t.c.account.mapper.UserTokenMapper.selectList] BaseJdbcLogger.java:137 - ==>  Preparing: SELECT id,type,user_id,expire_time,token,create_time,update_time FROM ac_user_token WHERE (token = ?)
2026-04-01 01:26:19,225 [http-nio-8999-exec-6] DEBUG [c.t.c.account.mapper.UserTokenMapper.selectList] BaseJdbcLogger.java:137 - ==> Parameters: eyJ0eXAiOiJKV1QiLCJhbGciOiJIUzUxMiJ9.eyJzdWIiOiIxIiwiaWF0IjoxNzc0OTcwNDY1LCJleHAiOjE3NzU1NzUyNjV9.rSa7xztbzxT3Wja0kU1R-YKAw4-vVaXIuy4HwHkkjst6NIJJ9VBqFz7Ylu7eZ6gyc-YdIwPL_wNdicigapwFqw(String)
2026-04-01 01:26:19,225 [http-nio-8999-exec-3] DEBUG [c.t.c.account.mapper.UserTokenMapper.selectList] BaseJdbcLogger.java:137 - ==>  Preparing: SELECT id,type,user_id,expire_time,token,create_time,update_time FROM ac_user_token WHERE (token = ?)
2026-04-01 01:26:19,225 [http-nio-8999-exec-9] DEBUG [c.t.c.account.mapper.UserTokenMapper.selectList] BaseJdbcLogger.java:137 - ==> Parameters: eyJ0eXAiOiJKV1QiLCJhbGciOiJIUzUxMiJ9.eyJzdWIiOiIxIiwiaWF0IjoxNzc0OTcwNDY1LCJleHAiOjE3NzU1NzUyNjV9.rSa7xztbzxT3Wja0kU1R-YKAw4-vVaXIuy4HwHkkjst6NIJJ9VBqFz7Ylu7eZ6gyc-YdIwPL_wNdicigapwFqw(String)
2026-04-01 01:26:19,225 [http-nio-8999-exec-7] DEBUG [c.t.c.account.mapper.UserTokenMapper.selectList] BaseJdbcLogger.java:137 - ==> Parameters: eyJ0eXAiOiJKV1QiLCJhbGciOiJIUzUxMiJ9.eyJzdWIiOiIxIiwiaWF0IjoxNzc0OTcwNDY1LCJleHAiOjE3NzU1NzUyNjV9.rSa7xztbzxT3Wja0kU1R-YKAw4-vVaXIuy4HwHkkjst6NIJJ9VBqFz7Ylu7eZ6gyc-YdIwPL_wNdicigapwFqw(String)
2026-04-01 01:26:19,225 [http-nio-8999-exec-3] DEBUG [c.t.c.account.mapper.UserTokenMapper.selectList] BaseJdbcLogger.java:137 - ==> Parameters: eyJ0eXAiOiJKV1QiLCJhbGciOiJIUzUxMiJ9.eyJzdWIiOiIxIiwiaWF0IjoxNzc0OTcwNDY1LCJleHAiOjE3NzU1NzUyNjV9.rSa7xztbzxT3Wja0kU1R-YKAw4-vVaXIuy4HwHkkjst6NIJJ9VBqFz7Ylu7eZ6gyc-YdIwPL_wNdicigapwFqw(String)
2026-04-01 01:26:19,227 [http-nio-8999-exec-6] DEBUG [c.t.c.account.mapper.UserTokenMapper.selectList] BaseJdbcLogger.java:137 - <==      Total: 1
2026-04-01 01:26:19,227 [http-nio-8999-exec-9] DEBUG [c.t.c.account.mapper.UserTokenMapper.selectList] BaseJdbcLogger.java:137 - <==      Total: 1
2026-04-01 01:26:19,227 [http-nio-8999-exec-3] DEBUG [c.t.c.account.mapper.UserTokenMapper.selectList] BaseJdbcLogger.java:137 - <==      Total: 1
2026-04-01 01:26:19,228 [http-nio-8999-exec-8] DEBUG [c.t.c.account.mapper.UserTokenMapper.selectList] BaseJdbcLogger.java:137 - <==      Total: 1
2026-04-01 01:26:19,228 [http-nio-8999-exec-8] DEBUG [c.t.c.f.m.F.selectFormReportSource] BaseJdbcLogger.java:137 - ==>  Preparing: SELECT submit_browser as browser_name,COUNT(1) as count FROM fm_user_form_data WHERE form_key=? GROUP BY submit_browser
2026-04-01 01:26:19,228 [http-nio-8999-exec-7] DEBUG [c.t.c.account.mapper.UserTokenMapper.selectList] BaseJdbcLogger.java:137 - <==      Total: 1
2026-04-01 01:26:19,228 [http-nio-8999-exec-6] DEBUG [c.t.c.f.m.FormTemplateCategoryMapper.selectList] BaseJdbcLogger.java:137 - ==>  Preparing: SELECT id,name,sort,create_time,update_time FROM fm_form_template_category ORDER BY sort DESC
2026-04-01 01:26:19,229 [http-nio-8999-exec-8] DEBUG [c.t.c.f.m.F.selectFormReportSource] BaseJdbcLogger.java:137 - ==> Parameters: uoYDJYbq(String)
2026-04-01 01:26:19,229 [http-nio-8999-exec-6] DEBUG [c.t.c.f.m.FormTemplateCategoryMapper.selectList] BaseJdbcLogger.java:137 - ==> Parameters: 
2026-04-01 01:26:19,229 [http-nio-8999-exec-3] DEBUG [c.t.c.form.mapper.UserFormItemMapper.selectList] BaseJdbcLogger.java:137 - ==>  Preparing: SELECT id,form_key,form_item_id,type,label,is_display_type,is_hide_type,is_special_type,show_label,default_value,required,placeholder,sort,span,scheme,reg_list,create_time,update_time FROM fm_user_form_item WHERE (form_key = ?)
2026-04-01 01:26:19,229 [http-nio-8999-exec-7] DEBUG [c.t.c.f.m.F.selectFormReportDevice] BaseJdbcLogger.java:137 - ==>  Preparing: SELECT submit_os as os_name,COUNT(1) as count FROM fm_user_form_data WHERE form_key=? GROUP BY submit_os
2026-04-01 01:26:19,229 [http-nio-8999-exec-3] DEBUG [c.t.c.form.mapper.UserFormItemMapper.selectList] BaseJdbcLogger.java:137 - ==> Parameters: uoYDJYbq(String)
2026-04-01 01:26:19,229 [http-nio-8999-exec-7] DEBUG [c.t.c.f.m.F.selectFormReportDevice] BaseJdbcLogger.java:137 - ==> Parameters: uoYDJYbq(String)
2026-04-01 01:26:19,230 [http-nio-8999-exec-6] DEBUG [c.t.c.f.m.FormTemplateCategoryMapper.selectList] BaseJdbcLogger.java:137 - <==      Total: 2
2026-04-01 01:26:19,232 [http-nio-8999-exec-8] DEBUG [c.t.c.f.m.F.selectFormReportSource] BaseJdbcLogger.java:137 - <==      Total: 1
2026-04-01 01:26:19,233 [http-nio-8999-exec-3] DEBUG [c.t.c.form.mapper.UserFormItemMapper.selectList] BaseJdbcLogger.java:137 - <==      Total: 2
2026-04-01 01:26:19,233 [http-nio-8999-exec-7] DEBUG [c.t.c.f.m.F.selectFormReportDevice] BaseJdbcLogger.java:137 - <==      Total: 1
2026-04-01 01:26:19,236 [http-nio-8999-exec-3] DEBUG [c.t.c.form.mapper.UserFormDataMapper.selectList] BaseJdbcLogger.java:137 - ==>  Preparing: SELECT original_data FROM fm_user_form_data WHERE (form_key = ?)
2026-04-01 01:26:19,238 [http-nio-8999-exec-3] DEBUG [c.t.c.form.mapper.UserFormDataMapper.selectList] BaseJdbcLogger.java:137 - ==> Parameters: uoYDJYbq(String)
2026-04-01 01:26:19,238 [http-nio-8999-exec-9] DEBUG [c.t.c.f.m.F.selectFormReportSituation] BaseJdbcLogger.java:137 - ==>  Preparing: SELECT date_format(create_time, '%Y-%m-%d') as create_time, COUNT(1) AS count FROM fm_user_form_data WHERE create_time >= YEARWEEK(now()) AND form_key = ? GROUP BY date_format(create_time, '%Y-%m-%d')
2026-04-01 01:26:19,238 [http-nio-8999-exec-9] DEBUG [c.t.c.f.m.F.selectFormReportSituation] BaseJdbcLogger.java:137 - ==> Parameters: uoYDJYbq(String)
2026-04-01 01:26:19,239 [http-nio-8999-exec-3] DEBUG [c.t.c.form.mapper.UserFormDataMapper.selectList] BaseJdbcLogger.java:137 - <==      Total: 2
2026-04-01 01:26:19,241 [http-nio-8999-exec-9] DEBUG [c.t.c.f.m.F.selectFormReportSituation] BaseJdbcLogger.java:137 - <==      Total: 1
2026-04-01 01:26:19,264 [http-nio-8999-exec-10] DEBUG [c.t.c.account.mapper.UserTokenMapper.selectList] BaseJdbcLogger.java:137 - ==>  Preparing: SELECT id,type,user_id,expire_time,token,create_time,update_time FROM ac_user_token WHERE (token = ?)
2026-04-01 01:26:19,264 [http-nio-8999-exec-10] DEBUG [c.t.c.account.mapper.UserTokenMapper.selectList] BaseJdbcLogger.java:137 - ==> Parameters: eyJ0eXAiOiJKV1QiLCJhbGciOiJIUzUxMiJ9.eyJzdWIiOiIxIiwiaWF0IjoxNzc0OTcwNDY1LCJleHAiOjE3NzU1NzUyNjV9.rSa7xztbzxT3Wja0kU1R-YKAw4-vVaXIuy4HwHkkjst6NIJJ9VBqFz7Ylu7eZ6gyc-YdIwPL_wNdicigapwFqw(String)
2026-04-01 01:26:19,266 [http-nio-8999-exec-10] DEBUG [c.t.c.account.mapper.UserTokenMapper.selectList] BaseJdbcLogger.java:137 - <==      Total: 1
2026-04-01 01:26:19,267 [http-nio-8999-exec-10] DEBUG [c.t.c.f.m.F.selectFormReportPosition] BaseJdbcLogger.java:137 - ==>  Preparing: SELECT submit_address,COUNT(1) as count FROM fm_user_form_data WHERE form_key=?GROUP BY submit_address
2026-04-01 01:26:19,268 [http-nio-8999-exec-10] DEBUG [c.t.c.f.m.F.selectFormReportPosition] BaseJdbcLogger.java:137 - ==> Parameters: uoYDJYbq(String)
2026-04-01 01:26:19,269 [http-nio-8999-exec-10] DEBUG [c.t.c.f.m.F.selectFormReportPosition] BaseJdbcLogger.java:137 - <==      Total: 1
2026-04-01 01:26:28,065 [http-nio-8999-exec-2] DEBUG [c.t.c.account.mapper.UserTokenMapper.selectList] BaseJdbcLogger.java:137 - ==>  Preparing: SELECT id,type,user_id,expire_time,token,create_time,update_time FROM ac_user_token WHERE (token = ?)
2026-04-01 01:26:28,066 [http-nio-8999-exec-2] DEBUG [c.t.c.account.mapper.UserTokenMapper.selectList] BaseJdbcLogger.java:137 - ==> Parameters: eyJ0eXAiOiJKV1QiLCJhbGciOiJIUzUxMiJ9.eyJzdWIiOiIxIiwiaWF0IjoxNzc0OTcwNDY1LCJleHAiOjE3NzU1NzUyNjV9.rSa7xztbzxT3Wja0kU1R-YKAw4-vVaXIuy4HwHkkjst6NIJJ9VBqFz7Ylu7eZ6gyc-YdIwPL_wNdicigapwFqw(String)
2026-04-01 01:26:28,067 [http-nio-8999-exec-2] DEBUG [c.t.c.account.mapper.UserTokenMapper.selectList] BaseJdbcLogger.java:137 - <==      Total: 1
2026-04-01 01:26:28,071 [http-nio-8999-exec-2] DEBUG [c.t.c.f.mapper.UserFormMapper.selectPage_mpCount] BaseJdbcLogger.java:137 - ==>  Preparing: SELECT COUNT(*) AS total FROM fm_user_form WHERE (user_id = ? AND is_deleted = ? AND folder_id = ?)
2026-04-01 01:26:28,072 [http-nio-8999-exec-2] DEBUG [c.t.c.f.mapper.UserFormMapper.selectPage_mpCount] BaseJdbcLogger.java:137 - ==> Parameters: 1(Long), 0(Integer), 0(Long)
2026-04-01 01:26:28,073 [http-nio-8999-exec-2] DEBUG [c.t.c.f.mapper.UserFormMapper.selectPage_mpCount] BaseJdbcLogger.java:137 - <==      Total: 1
2026-04-01 01:26:28,073 [http-nio-8999-exec-2] DEBUG [c.t.cloud.form.mapper.UserFormMapper.selectPage] BaseJdbcLogger.java:137 - ==>  Preparing: SELECT id,form_key,name,description,source_type,source_id,user_id,status,type,is_deleted,is_folder,folder_id,create_time,update_time FROM fm_user_form WHERE (user_id = ? AND is_deleted = ? AND folder_id = ?) ORDER BY is_folder DESC,create_time DESC LIMIT ?
2026-04-01 01:26:28,074 [http-nio-8999-exec-2] DEBUG [c.t.cloud.form.mapper.UserFormMapper.selectPage] BaseJdbcLogger.java:137 - ==> Parameters: 1(Long), 0(Integer), 0(Long), 12(Long)
2026-04-01 01:26:28,075 [http-nio-8999-exec-2] DEBUG [c.t.cloud.form.mapper.UserFormMapper.selectPage] BaseJdbcLogger.java:137 - <==      Total: 2
2026-04-01 01:26:30,805 [http-nio-8999-exec-1] DEBUG [c.t.c.account.mapper.UserTokenMapper.selectList] BaseJdbcLogger.java:137 - ==>  Preparing: SELECT id,type,user_id,expire_time,token,create_time,update_time FROM ac_user_token WHERE (token = ?)
2026-04-01 01:26:30,805 [http-nio-8999-exec-1] DEBUG [c.t.c.account.mapper.UserTokenMapper.selectList] BaseJdbcLogger.java:137 - ==> Parameters: eyJ0eXAiOiJKV1QiLCJhbGciOiJIUzUxMiJ9.eyJzdWIiOiIxIiwiaWF0IjoxNzc0OTcwNDY1LCJleHAiOjE3NzU1NzUyNjV9.rSa7xztbzxT3Wja0kU1R-YKAw4-vVaXIuy4HwHkkjst6NIJJ9VBqFz7Ylu7eZ6gyc-YdIwPL_wNdicigapwFqw(String)
2026-04-01 01:26:30,807 [http-nio-8999-exec-1] DEBUG [c.t.c.account.mapper.UserTokenMapper.selectList] BaseJdbcLogger.java:137 - <==      Total: 1
2026-04-01 01:26:30,811 [http-nio-8999-exec-1] DEBUG [c.t.c.form.mapper.UserFormItemMapper.selectCount] BaseJdbcLogger.java:137 - ==>  Preparing: SELECT COUNT( * ) AS total FROM fm_user_form_item WHERE (form_key = ?)
2026-04-01 01:26:30,812 [http-nio-8999-exec-1] DEBUG [c.t.c.form.mapper.UserFormItemMapper.selectCount] BaseJdbcLogger.java:137 - ==> Parameters: 4VLobos0(String)
2026-04-01 01:26:30,813 [http-nio-8999-exec-1] DEBUG [c.t.c.form.mapper.UserFormItemMapper.selectCount] BaseJdbcLogger.java:137 - <==      Total: 1
2026-04-01 01:26:30,814 [http-nio-8999-exec-1] DEBUG [c.t.cloud.form.mapper.UserFormMapper.selectList] BaseJdbcLogger.java:137 - ==>  Preparing: SELECT id,form_key,name,description,source_type,source_id,user_id,status,type,is_deleted,is_folder,folder_id,create_time,update_time FROM fm_user_form WHERE (form_key = ?)
2026-04-01 01:26:30,815 [http-nio-8999-exec-1] DEBUG [c.t.cloud.form.mapper.UserFormMapper.selectList] BaseJdbcLogger.java:137 - ==> Parameters: 4VLobos0(String)
2026-04-01 01:26:30,815 [http-nio-8999-exec-1] DEBUG [c.t.cloud.form.mapper.UserFormMapper.selectList] BaseJdbcLogger.java:137 - <==      Total: 1
2026-04-01 01:26:30,819 [http-nio-8999-exec-1] DEBUG [c.t.cloud.form.mapper.UserFormMapper.updateById] BaseJdbcLogger.java:137 - ==>  Preparing: UPDATE fm_user_form SET form_key=?, name=?, description=?, source_type=?, user_id=?, status=?, type=?, is_deleted=?, is_folder=?, folder_id=?, create_time=?, update_time=? WHERE id=?
2026-04-01 01:26:30,820 [http-nio-8999-exec-1] DEBUG [c.t.cloud.form.mapper.UserFormMapper.updateById] BaseJdbcLogger.java:137 - ==> Parameters: 4VLobos0(String), <h2 style="text-align: center;">test1</h2>(String), (String), 1(Integer), 1(Long), 2(Integer), 1(Integer), 0(Integer), 0(Integer), 0(Long), 2026-04-01T01:05:31(LocalDateTime), 2026-04-01T01:26:30.819(LocalDateTime), 8475(Long)
2026-04-01 01:26:30,823 [http-nio-8999-exec-1] DEBUG [c.t.cloud.form.mapper.UserFormMapper.updateById] BaseJdbcLogger.java:137 - <==    Updates: 1
2026-04-01 01:26:31,141 [http-nio-8999-exec-6] DEBUG [c.t.c.account.mapper.UserTokenMapper.selectList] BaseJdbcLogger.java:137 - ==>  Preparing: SELECT id,type,user_id,expire_time,token,create_time,update_time FROM ac_user_token WHERE (token = ?)
2026-04-01 01:26:31,141 [http-nio-8999-exec-6] DEBUG [c.t.c.account.mapper.UserTokenMapper.selectList] BaseJdbcLogger.java:137 - ==> Parameters: eyJ0eXAiOiJKV1QiLCJhbGciOiJIUzUxMiJ9.eyJzdWIiOiIxIiwiaWF0IjoxNzc0OTcwNDY1LCJleHAiOjE3NzU1NzUyNjV9.rSa7xztbzxT3Wja0kU1R-YKAw4-vVaXIuy4HwHkkjst6NIJJ9VBqFz7Ylu7eZ6gyc-YdIwPL_wNdicigapwFqw(String)
2026-04-01 01:26:31,143 [http-nio-8999-exec-6] DEBUG [c.t.c.account.mapper.UserTokenMapper.selectList] BaseJdbcLogger.java:137 - <==      Total: 1
2026-04-01 01:26:31,147 [http-nio-8999-exec-6] DEBUG [c.t.c.f.mapper.UserFormMapper.selectPage_mpCount] BaseJdbcLogger.java:137 - ==>  Preparing: SELECT COUNT(*) AS total FROM fm_user_form WHERE (user_id = ? AND is_deleted = ? AND folder_id = ?)
2026-04-01 01:26:31,147 [http-nio-8999-exec-6] DEBUG [c.t.c.f.mapper.UserFormMapper.selectPage_mpCount] BaseJdbcLogger.java:137 - ==> Parameters: 1(Long), 0(Integer), 0(Long)
2026-04-01 01:26:31,148 [http-nio-8999-exec-6] DEBUG [c.t.c.f.mapper.UserFormMapper.selectPage_mpCount] BaseJdbcLogger.java:137 - <==      Total: 1
2026-04-01 01:26:31,149 [http-nio-8999-exec-6] DEBUG [c.t.cloud.form.mapper.UserFormMapper.selectPage] BaseJdbcLogger.java:137 - ==>  Preparing: SELECT id,form_key,name,description,source_type,source_id,user_id,status,type,is_deleted,is_folder,folder_id,create_time,update_time FROM fm_user_form WHERE (user_id = ? AND is_deleted = ? AND folder_id = ?) ORDER BY is_folder DESC,create_time DESC LIMIT ?
2026-04-01 01:26:31,150 [http-nio-8999-exec-6] DEBUG [c.t.cloud.form.mapper.UserFormMapper.selectPage] BaseJdbcLogger.java:137 - ==> Parameters: 1(Long), 0(Integer), 0(Long), 12(Long)
2026-04-01 01:26:31,153 [http-nio-8999-exec-6] DEBUG [c.t.cloud.form.mapper.UserFormMapper.selectPage] BaseJdbcLogger.java:137 - <==      Total: 2
2026-04-01 01:26:36,436 [http-nio-8999-exec-8] DEBUG [c.t.c.f.mapper.UserFormMapper.selectPage_mpCount] BaseJdbcLogger.java:137 - ==>  Preparing: SELECT COUNT(*) AS total FROM fm_user_form WHERE (status = ? AND is_deleted = ?)
2026-04-01 01:26:36,438 [http-nio-8999-exec-8] DEBUG [c.t.c.f.mapper.UserFormMapper.selectPage_mpCount] BaseJdbcLogger.java:137 - ==> Parameters: 2(Integer), 0(Integer)
2026-04-01 01:26:36,439 [http-nio-8999-exec-8] DEBUG [c.t.c.f.mapper.UserFormMapper.selectPage_mpCount] BaseJdbcLogger.java:137 - <==      Total: 1
2026-04-01 01:26:36,440 [http-nio-8999-exec-8] DEBUG [c.t.cloud.form.mapper.UserFormMapper.selectPage] BaseJdbcLogger.java:137 - ==>  Preparing: SELECT id,form_key,name,description,source_type,source_id,user_id,status,type,is_deleted,is_folder,folder_id,create_time,update_time FROM fm_user_form WHERE (status = ? AND is_deleted = ?) ORDER BY create_time DESC LIMIT ?
2026-04-01 01:26:36,441 [http-nio-8999-exec-8] DEBUG [c.t.cloud.form.mapper.UserFormMapper.selectPage] BaseJdbcLogger.java:137 - ==> Parameters: 2(Integer), 0(Integer), 12(Long)
2026-04-01 01:26:36,442 [http-nio-8999-exec-8] DEBUG [c.t.cloud.form.mapper.UserFormMapper.selectPage] BaseJdbcLogger.java:137 - <==      Total: 3
2026-04-01 01:26:36,443 [http-nio-8999-exec-8] DEBUG [c.tduck.cloud.account.mapper.UserMapper.selectById] BaseJdbcLogger.java:137 - ==>  Preparing: SELECT id,name,avatar,gender,phone_number,email,password,reg_channel,last_login_channel,last_login_time,last_login_ip,deleted,password_type,create_time,update_time FROM ac_user WHERE id=?
2026-04-01 01:26:36,444 [http-nio-8999-exec-8] DEBUG [c.tduck.cloud.account.mapper.UserMapper.selectById] BaseJdbcLogger.java:137 - ==> Parameters: 1(Long)
2026-04-01 01:26:36,445 [http-nio-8999-exec-8] DEBUG [c.tduck.cloud.account.mapper.UserMapper.selectById] BaseJdbcLogger.java:137 - <==      Total: 1
2026-04-01 01:26:36,446 [http-nio-8999-exec-8] DEBUG [c.tduck.cloud.account.mapper.UserMapper.selectById] BaseJdbcLogger.java:137 - ==>  Preparing: SELECT id,name,avatar,gender,phone_number,email,password,reg_channel,last_login_channel,last_login_time,last_login_ip,deleted,password_type,create_time,update_time FROM ac_user WHERE id=?
2026-04-01 01:26:36,446 [http-nio-8999-exec-8] DEBUG [c.tduck.cloud.account.mapper.UserMapper.selectById] BaseJdbcLogger.java:137 - ==> Parameters: 1(Long)
2026-04-01 01:26:36,447 [http-nio-8999-exec-8] DEBUG [c.tduck.cloud.account.mapper.UserMapper.selectById] BaseJdbcLogger.java:137 - <==      Total: 1
2026-04-01 01:26:36,448 [http-nio-8999-exec-8] DEBUG [c.tduck.cloud.account.mapper.UserMapper.selectById] BaseJdbcLogger.java:137 - ==>  Preparing: SELECT id,name,avatar,gender,phone_number,email,password,reg_channel,last_login_channel,last_login_time,last_login_ip,deleted,password_type,create_time,update_time FROM ac_user WHERE id=?
2026-04-01 01:26:36,448 [http-nio-8999-exec-8] DEBUG [c.tduck.cloud.account.mapper.UserMapper.selectById] BaseJdbcLogger.java:137 - ==> Parameters: 1(Long)
2026-04-01 01:26:36,450 [http-nio-8999-exec-8] DEBUG [c.tduck.cloud.account.mapper.UserMapper.selectById] BaseJdbcLogger.java:137 - <==      Total: 1
2026-04-01 01:26:36,451 [http-nio-8999-exec-8] DEBUG [c.tduck.cloud.account.mapper.UserMapper.selectById] BaseJdbcLogger.java:137 - ==>  Preparing: SELECT id,name,avatar,gender,phone_number,email,password,reg_channel,last_login_channel,last_login_time,last_login_ip,deleted,password_type,create_time,update_time FROM ac_user WHERE id=?
2026-04-01 01:26:36,451 [http-nio-8999-exec-8] DEBUG [c.tduck.cloud.account.mapper.UserMapper.selectById] BaseJdbcLogger.java:137 - ==> Parameters: 1(Long)
2026-04-01 01:26:36,452 [http-nio-8999-exec-8] DEBUG [c.tduck.cloud.account.mapper.UserMapper.selectById] BaseJdbcLogger.java:137 - <==      Total: 1
2026-04-01 01:26:36,453 [http-nio-8999-exec-8] DEBUG [c.tduck.cloud.account.mapper.UserMapper.selectById] BaseJdbcLogger.java:137 - ==>  Preparing: SELECT id,name,avatar,gender,phone_number,email,password,reg_channel,last_login_channel,last_login_time,last_login_ip,deleted,password_type,create_time,update_time FROM ac_user WHERE id=?
2026-04-01 01:26:36,453 [http-nio-8999-exec-8] DEBUG [c.tduck.cloud.account.mapper.UserMapper.selectById] BaseJdbcLogger.java:137 - ==> Parameters: 15675(Long)
2026-04-01 01:26:36,454 [http-nio-8999-exec-8] DEBUG [c.tduck.cloud.account.mapper.UserMapper.selectById] BaseJdbcLogger.java:137 - <==      Total: 1
2026-04-01 01:26:36,455 [http-nio-8999-exec-8] DEBUG [c.tduck.cloud.account.mapper.UserMapper.selectById] BaseJdbcLogger.java:137 - ==>  Preparing: SELECT id,name,avatar,gender,phone_number,email,password,reg_channel,last_login_channel,last_login_time,last_login_ip,deleted,password_type,create_time,update_time FROM ac_user WHERE id=?
2026-04-01 01:26:36,455 [http-nio-8999-exec-8] DEBUG [c.tduck.cloud.account.mapper.UserMapper.selectById] BaseJdbcLogger.java:137 - ==> Parameters: 15675(Long)
2026-04-01 01:26:36,456 [http-nio-8999-exec-8] DEBUG [c.tduck.cloud.account.mapper.UserMapper.selectById] BaseJdbcLogger.java:137 - <==      Total: 1
2026-04-01 01:26:39,901 [http-nio-8999-exec-10] DEBUG [c.t.c.form.mapper.UserFormSettingMapper.selectList] BaseJdbcLogger.java:137 - ==>  Preparing: SELECT id,form_key,settings,create_time,update_time FROM fm_user_form_setting WHERE (form_key = ?)
2026-04-01 01:26:39,903 [http-nio-8999-exec-10] DEBUG [c.t.c.form.mapper.UserFormSettingMapper.selectList] BaseJdbcLogger.java:137 - ==> Parameters: uoYDJYbq(String)
2026-04-01 01:26:39,903 [http-nio-8999-exec-9] DEBUG [c.t.cloud.form.mapper.UserFormMapper.selectList] BaseJdbcLogger.java:137 - ==>  Preparing: SELECT id,form_key,name,description,source_type,source_id,user_id,status,type,is_deleted,is_folder,folder_id,create_time,update_time FROM fm_user_form WHERE (form_key = ?)
2026-04-01 01:26:39,904 [http-nio-8999-exec-10] DEBUG [c.t.c.form.mapper.UserFormSettingMapper.selectList] BaseJdbcLogger.java:137 - <==      Total: 0
2026-04-01 01:26:39,904 [http-nio-8999-exec-9] DEBUG [c.t.cloud.form.mapper.UserFormMapper.selectList] BaseJdbcLogger.java:137 - ==> Parameters: uoYDJYbq(String)
2026-04-01 01:26:39,905 [http-nio-8999-exec-9] DEBUG [c.t.cloud.form.mapper.UserFormMapper.selectList] BaseJdbcLogger.java:137 - <==      Total: 1
2026-04-01 01:26:39,905 [http-nio-8999-exec-9] DEBUG [c.t.c.form.mapper.UserFormSettingMapper.selectList] BaseJdbcLogger.java:137 - ==>  Preparing: SELECT id,form_key,settings,create_time,update_time FROM fm_user_form_setting WHERE (form_key = ?)
2026-04-01 01:26:39,906 [http-nio-8999-exec-9] DEBUG [c.t.c.form.mapper.UserFormSettingMapper.selectList] BaseJdbcLogger.java:137 - ==> Parameters: uoYDJYbq(String)
2026-04-01 01:26:39,908 [http-nio-8999-exec-9] DEBUG [c.t.c.form.mapper.UserFormSettingMapper.selectList] BaseJdbcLogger.java:137 - <==      Total: 0
2026-04-01 01:26:40,144 [http-nio-8999-exec-5] DEBUG [c.t.c.account.mapper.UserTokenMapper.selectList] BaseJdbcLogger.java:137 - ==>  Preparing: SELECT id,type,user_id,expire_time,token,create_time,update_time FROM ac_user_token WHERE (token = ?)
2026-04-01 01:26:40,144 [http-nio-8999-exec-5] DEBUG [c.t.c.account.mapper.UserTokenMapper.selectList] BaseJdbcLogger.java:137 - ==> Parameters: eyJ0eXAiOiJKV1QiLCJhbGciOiJIUzUxMiJ9.eyJzdWIiOiIxIiwiaWF0IjoxNzc0OTcwNDY1LCJleHAiOjE3NzU1NzUyNjV9.rSa7xztbzxT3Wja0kU1R-YKAw4-vVaXIuy4HwHkkjst6NIJJ9VBqFz7Ylu7eZ6gyc-YdIwPL_wNdicigapwFqw(String)
2026-04-01 01:26:40,146 [http-nio-8999-exec-5] DEBUG [c.t.c.account.mapper.UserTokenMapper.selectList] BaseJdbcLogger.java:137 - <==      Total: 1
2026-04-01 01:26:40,147 [http-nio-8999-exec-5] DEBUG [c.t.cloud.form.mapper.UserFormMapper.selectList] BaseJdbcLogger.java:137 - ==>  Preparing: SELECT id,form_key,name,description,source_type,source_id,user_id,status,type,is_deleted,is_folder,folder_id,create_time,update_time FROM fm_user_form WHERE (form_key = ?)
2026-04-01 01:26:40,147 [http-nio-8999-exec-5] DEBUG [c.t.cloud.form.mapper.UserFormMapper.selectList] BaseJdbcLogger.java:137 - ==> Parameters: uoYDJYbq(String)
2026-04-01 01:26:40,148 [http-nio-8999-exec-5] DEBUG [c.t.cloud.form.mapper.UserFormMapper.selectList] BaseJdbcLogger.java:137 - <==      Total: 1
2026-04-01 01:26:40,149 [http-nio-8999-exec-5] DEBUG [c.tduck.cloud.account.mapper.UserMapper.selectById] BaseJdbcLogger.java:137 - ==>  Preparing: SELECT id,name,avatar,gender,phone_number,email,password,reg_channel,last_login_channel,last_login_time,last_login_ip,deleted,password_type,create_time,update_time FROM ac_user WHERE id=?
2026-04-01 01:26:40,149 [http-nio-8999-exec-5] DEBUG [c.tduck.cloud.account.mapper.UserMapper.selectById] BaseJdbcLogger.java:137 - ==> Parameters: 1(Long)
2026-04-01 01:26:40,151 [http-nio-8999-exec-5] DEBUG [c.tduck.cloud.account.mapper.UserMapper.selectById] BaseJdbcLogger.java:137 - <==      Total: 1
2026-04-01 01:26:40,152 [http-nio-8999-exec-5] DEBUG [c.tduck.cloud.account.mapper.UserMapper.selectById] BaseJdbcLogger.java:137 - ==>  Preparing: SELECT id,name,avatar,gender,phone_number,email,password,reg_channel,last_login_channel,last_login_time,last_login_ip,deleted,password_type,create_time,update_time FROM ac_user WHERE id=?
2026-04-01 01:26:40,152 [http-nio-8999-exec-5] DEBUG [c.tduck.cloud.account.mapper.UserMapper.selectById] BaseJdbcLogger.java:137 - ==> Parameters: 1(Long)
2026-04-01 01:26:40,154 [http-nio-8999-exec-5] DEBUG [c.tduck.cloud.account.mapper.UserMapper.selectById] BaseJdbcLogger.java:137 - <==      Total: 1
2026-04-01 01:26:40,224 [http-nio-8999-exec-4] DEBUG [c.t.c.account.mapper.UserTokenMapper.selectList] BaseJdbcLogger.java:137 - ==>  Preparing: SELECT id,type,user_id,expire_time,token,create_time,update_time FROM ac_user_token WHERE (token = ?)
2026-04-01 01:26:40,224 [http-nio-8999-exec-1] DEBUG [c.t.cloud.form.mapper.UserFormMapper.selectList] BaseJdbcLogger.java:137 - ==>  Preparing: SELECT id,form_key,name,description,source_type,source_id,user_id,status,type,is_deleted,is_folder,folder_id,create_time,update_time FROM fm_user_form WHERE (form_key = ?)
2026-04-01 01:26:40,224 [http-nio-8999-exec-2] DEBUG [c.t.c.f.mapper.UserFormViewCountMapper.selectList] BaseJdbcLogger.java:137 - ==>  Preparing: SELECT id,form_key,count,create_time,update_time FROM fm_user_form_view_count WHERE (form_key = ?)
2026-04-01 01:26:40,225 [http-nio-8999-exec-1] DEBUG [c.t.cloud.form.mapper.UserFormMapper.selectList] BaseJdbcLogger.java:137 - ==> Parameters: uoYDJYbq(String)
2026-04-01 01:26:40,225 [http-nio-8999-exec-4] DEBUG [c.t.c.account.mapper.UserTokenMapper.selectList] BaseJdbcLogger.java:137 - ==> Parameters: eyJ0eXAiOiJKV1QiLCJhbGciOiJIUzUxMiJ9.eyJzdWIiOiIxIiwiaWF0IjoxNzc0OTcwNDY1LCJleHAiOjE3NzU1NzUyNjV9.rSa7xztbzxT3Wja0kU1R-YKAw4-vVaXIuy4HwHkkjst6NIJJ9VBqFz7Ylu7eZ6gyc-YdIwPL_wNdicigapwFqw(String)
2026-04-01 01:26:40,225 [http-nio-8999-exec-2] DEBUG [c.t.c.f.mapper.UserFormViewCountMapper.selectList] BaseJdbcLogger.java:137 - ==> Parameters: uoYDJYbq(String)
2026-04-01 01:26:40,226 [http-nio-8999-exec-4] DEBUG [c.t.c.account.mapper.UserTokenMapper.selectList] BaseJdbcLogger.java:137 - <==      Total: 1
2026-04-01 01:26:40,226 [http-nio-8999-exec-1] DEBUG [c.t.cloud.form.mapper.UserFormMapper.selectList] BaseJdbcLogger.java:137 - <==      Total: 1
2026-04-01 01:26:40,226 [http-nio-8999-exec-2] DEBUG [c.t.c.f.mapper.UserFormViewCountMapper.selectList] BaseJdbcLogger.java:137 - <==      Total: 1
2026-04-01 01:26:40,226 [http-nio-8999-exec-1] DEBUG [c.tduck.cloud.account.mapper.UserMapper.selectById] BaseJdbcLogger.java:137 - ==>  Preparing: SELECT id,name,avatar,gender,phone_number,email,password,reg_channel,last_login_channel,last_login_time,last_login_ip,deleted,password_type,create_time,update_time FROM ac_user WHERE id=?
2026-04-01 01:26:40,227 [http-nio-8999-exec-1] DEBUG [c.tduck.cloud.account.mapper.UserMapper.selectById] BaseJdbcLogger.java:137 - ==> Parameters: 1(Long)
2026-04-01 01:26:40,227 [http-nio-8999-exec-4] DEBUG [c.t.c.f.mapper.UserFormViewCountMapper.selectList] BaseJdbcLogger.java:137 - ==>  Preparing: SELECT id,form_key,count,create_time,update_time FROM fm_user_form_view_count WHERE (form_key = ?)
2026-04-01 01:26:40,228 [http-nio-8999-exec-4] DEBUG [c.t.c.f.mapper.UserFormViewCountMapper.selectList] BaseJdbcLogger.java:137 - ==> Parameters: uoYDJYbq(String)
2026-04-01 01:26:40,228 [http-nio-8999-exec-1] DEBUG [c.tduck.cloud.account.mapper.UserMapper.selectById] BaseJdbcLogger.java:137 - <==      Total: 1
2026-04-01 01:26:40,228 [http-nio-8999-exec-4] DEBUG [c.t.c.f.mapper.UserFormViewCountMapper.selectList] BaseJdbcLogger.java:137 - <==      Total: 1
2026-04-01 01:26:40,230 [http-nio-8999-exec-1] DEBUG [c.tduck.cloud.account.mapper.UserMapper.selectById] BaseJdbcLogger.java:137 - ==>  Preparing: SELECT id,name,avatar,gender,phone_number,email,password,reg_channel,last_login_channel,last_login_time,last_login_ip,deleted,password_type,create_time,update_time FROM ac_user WHERE id=?
2026-04-01 01:26:40,230 [http-nio-8999-exec-4] DEBUG [c.t.c.form.mapper.UserFormDataMapper.selectMaps] BaseJdbcLogger.java:137 - ==>  Preparing: SELECT AVG(complete_time) as avgCompleteTime, count(1) as completeCount FROM fm_user_form_data WHERE (form_key = ?)
2026-04-01 01:26:40,231 [http-nio-8999-exec-4] DEBUG [c.t.c.form.mapper.UserFormDataMapper.selectMaps] BaseJdbcLogger.java:137 - ==> Parameters: uoYDJYbq(String)
2026-04-01 01:26:40,231 [http-nio-8999-exec-1] DEBUG [c.tduck.cloud.account.mapper.UserMapper.selectById] BaseJdbcLogger.java:137 - ==> Parameters: 1(Long)
2026-04-01 01:26:40,231 [http-nio-8999-exec-4] DEBUG [c.t.c.form.mapper.UserFormDataMapper.selectMaps] BaseJdbcLogger.java:137 - <==      Total: 1
2026-04-01 01:26:40,232 [http-nio-8999-exec-1] DEBUG [c.tduck.cloud.account.mapper.UserMapper.selectById] BaseJdbcLogger.java:137 - <==      Total: 1
2026-04-01 01:26:40,233 [http-nio-8999-exec-1] DEBUG [c.t.c.form.mapper.UserFormItemMapper.selectList] BaseJdbcLogger.java:137 - ==>  Preparing: SELECT id,form_key,form_item_id,type,label,is_display_type,is_hide_type,is_special_type,show_label,default_value,required,placeholder,sort,span,scheme,reg_list,create_time,update_time FROM fm_user_form_item WHERE (is_hide_type <> ? AND form_key = ?)
2026-04-01 01:26:40,235 [http-nio-8999-exec-1] DEBUG [c.t.c.form.mapper.UserFormItemMapper.selectList] BaseJdbcLogger.java:137 - ==> Parameters: 1(Integer), uoYDJYbq(String)
2026-04-01 01:26:40,237 [http-nio-8999-exec-1] DEBUG [c.t.c.form.mapper.UserFormItemMapper.selectList] BaseJdbcLogger.java:137 - <==      Total: 2
2026-04-01 01:26:40,238 [http-nio-8999-exec-1] DEBUG [c.t.c.form.mapper.UserFormThemeMapper.selectList] BaseJdbcLogger.java:137 - ==>  Preparing: SELECT id,form_key,logo_img,logo_position,head_img_url,theme_color,submit_btn_text,background_color,background_img,show_title,show_describe,show_number,show_submit_btn,create_time,update_time FROM fm_user_form_theme WHERE (form_key = ?)
2026-04-01 01:26:40,238 [http-nio-8999-exec-1] DEBUG [c.t.c.form.mapper.UserFormThemeMapper.selectList] BaseJdbcLogger.java:137 - ==> Parameters: uoYDJYbq(String)
2026-04-01 01:26:40,240 [http-nio-8999-exec-1] DEBUG [c.t.c.form.mapper.UserFormThemeMapper.selectList] BaseJdbcLogger.java:137 - <==      Total: 1
2026-04-01 01:26:40,241 [http-nio-8999-exec-1] DEBUG [c.t.c.form.mapper.UserFormLogicMapper.selectList] BaseJdbcLogger.java:137 - ==>  Preparing: SELECT id,form_key,scheme,create_time,update_time FROM fm_user_form_logic WHERE (form_key = ?)
2026-04-01 01:26:40,242 [http-nio-8999-exec-1] DEBUG [c.t.c.form.mapper.UserFormLogicMapper.selectList] BaseJdbcLogger.java:137 - ==> Parameters: uoYDJYbq(String)
2026-04-01 01:26:40,243 [http-nio-8999-exec-1] DEBUG [c.t.c.form.mapper.UserFormLogicMapper.selectList] BaseJdbcLogger.java:137 - <==      Total: 0
2026-04-01 01:27:00,701 [http-nio-8999-exec-6] DEBUG [c.t.cloud.form.mapper.UserFormMapper.selectList] BaseJdbcLogger.java:137 - ==>  Preparing: SELECT id,form_key,name,description,source_type,source_id,user_id,status,type,is_deleted,is_folder,folder_id,create_time,update_time FROM fm_user_form WHERE (form_key = ?)
2026-04-01 01:27:00,703 [http-nio-8999-exec-6] DEBUG [c.t.cloud.form.mapper.UserFormMapper.selectList] BaseJdbcLogger.java:137 - ==> Parameters: uoYDJYbq(String)
2026-04-01 01:27:00,704 [http-nio-8999-exec-6] DEBUG [c.t.cloud.form.mapper.UserFormMapper.selectList] BaseJdbcLogger.java:137 - <==      Total: 1
2026-04-01 01:27:00,705 [http-nio-8999-exec-6] DEBUG [c.t.c.form.mapper.UserFormSettingMapper.selectList] BaseJdbcLogger.java:137 - ==>  Preparing: SELECT id,form_key,settings,create_time,update_time FROM fm_user_form_setting WHERE (form_key = ?)
2026-04-01 01:27:00,705 [http-nio-8999-exec-6] DEBUG [c.t.c.form.mapper.UserFormSettingMapper.selectList] BaseJdbcLogger.java:137 - ==> Parameters: uoYDJYbq(String)
2026-04-01 01:27:00,706 [http-nio-8999-exec-6] DEBUG [c.t.c.form.mapper.UserFormSettingMapper.selectList] BaseJdbcLogger.java:137 - <==      Total: 0
2026-04-01 01:27:00,706 [http-nio-8999-exec-6] INFO  [c.t.c.api.web.controller.UserFormResultController] UserFormResultController.java:170 - 未登录用户公开提交问卷，使用提交的用户信息：userName=11, userEmail=121@qq.com
2026-04-01 01:27:00,715 [http-nio-8999-exec-6] DEBUG [c.t.cloud.form.mapper.UserFormDataMapper.insert] BaseJdbcLogger.java:137 - ==>  Preparing: INSERT INTO fm_user_form_data ( form_key, serial_number, original_data, submit_ua, submit_os, submit_browser, submit_request_ip, submit_address, complete_time, wx_user_info, user_name, user_email, create_time, update_time ) VALUES ( ?, ?, ?, ?, ?, ?, ?, ?, ?, ?, ?, ?, ?, ? )
2026-04-01 01:27:00,717 [http-nio-8999-exec-6] DEBUG [c.t.cloud.form.mapper.UserFormDataMapper.insert] BaseJdbcLogger.java:137 - ==> Parameters: uoYDJYbq(String), 1(Long), {"radio1745781393844":2,"radio1745781393844label":"选项二","select1745781395218":1,"select1745781395218label":"选项一"}(String), {"ua":"Mozilla/5.0 (Windows NT 10.0; Win64; x64) AppleWebKit/537.36 (KHTML, like Gecko) Chrome/146.0.0.0 Safari/537.36","browser":{"name":"Chrome","version":"146.0.0.0","major":"146"},"engine":{"name":"Blink","version":"146.0.0.0"},"os":{"name":"Windows","version":"10"},"device":{},"cpu":{"architecture":"amd64"}}(String), Windows(String), Chrome(String), 127.0.0.1(String), 内网IP(String), 21082(Long), {}(String), 11(String), 121@qq.com(String), 2026-04-01T01:27:00.715(LocalDateTime), 2026-04-01T01:27:00.715(LocalDateTime)
2026-04-01 01:27:00,718 [http-nio-8999-exec-6] DEBUG [c.t.cloud.form.mapper.UserFormDataMapper.insert] BaseJdbcLogger.java:137 - <==    Updates: 1
2026-04-01 01:27:00,731 [pool-2-thread-1] DEBUG [c.t.c.form.mapper.UserFormSettingMapper.selectList] BaseJdbcLogger.java:137 - ==>  Preparing: SELECT id,form_key,settings,create_time,update_time FROM fm_user_form_setting WHERE (form_key = ?)
2026-04-01 01:27:00,731 [pool-2-thread-1] DEBUG [c.t.c.form.mapper.UserFormSettingMapper.selectList] BaseJdbcLogger.java:137 - ==> Parameters: uoYDJYbq(String)
2026-04-01 01:27:00,733 [pool-2-thread-1] DEBUG [c.t.c.form.mapper.UserFormSettingMapper.selectList] BaseJdbcLogger.java:137 - <==      Total: 0
2026-04-01 01:27:00,735 [task-1] DEBUG [c.t.c.w.mapper.WebhookConfigMapper.selectList] BaseJdbcLogger.java:137 - ==>  Preparing: SELECT id,hook_name,source_type,source_id,url,request_type,enabled,other_options,create_time,update_time FROM webhook_config WHERE (source_type = ? AND source_id = ?)
2026-04-01 01:27:00,735 [task-1] DEBUG [c.t.c.w.mapper.WebhookConfigMapper.selectList] BaseJdbcLogger.java:137 - ==> Parameters: form(String), uoYDJYbq(String)
2026-04-01 01:27:00,749 [task-1] DEBUG [c.t.c.w.mapper.WebhookConfigMapper.selectList] BaseJdbcLogger.java:137 - <==      Total: 0
2026-04-01 01:27:00,751 [task-1] DEBUG [c.t.c.w.service.listener.AddWebhookEventListener] AddWebhookEventListener.java:49 - Webhook配置不存在，忽略事件:uoYDJYbq
2026-04-01 01:27:02,813 [http-nio-8999-exec-8] DEBUG [c.t.c.account.mapper.UserTokenMapper.selectList] BaseJdbcLogger.java:137 - ==>  Preparing: SELECT id,type,user_id,expire_time,token,create_time,update_time FROM ac_user_token WHERE (token = ?)
2026-04-01 01:27:02,813 [http-nio-8999-exec-8] DEBUG [c.t.c.account.mapper.UserTokenMapper.selectList] BaseJdbcLogger.java:137 - ==> Parameters: eyJ0eXAiOiJKV1QiLCJhbGciOiJIUzUxMiJ9.eyJzdWIiOiIxIiwiaWF0IjoxNzc0OTcwNDY1LCJleHAiOjE3NzU1NzUyNjV9.rSa7xztbzxT3Wja0kU1R-YKAw4-vVaXIuy4HwHkkjst6NIJJ9VBqFz7Ylu7eZ6gyc-YdIwPL_wNdicigapwFqw(String)
2026-04-01 01:27:02,815 [http-nio-8999-exec-8] DEBUG [c.t.c.account.mapper.UserTokenMapper.selectList] BaseJdbcLogger.java:137 - <==      Total: 1
2026-04-01 01:27:02,819 [http-nio-8999-exec-8] DEBUG [c.t.c.f.mapper.UserFormMapper.selectPage_mpCount] BaseJdbcLogger.java:137 - ==>  Preparing: SELECT COUNT(*) AS total FROM fm_user_form WHERE (user_id = ? AND is_deleted = ? AND folder_id = ?)
2026-04-01 01:27:02,820 [http-nio-8999-exec-8] DEBUG [c.t.c.f.mapper.UserFormMapper.selectPage_mpCount] BaseJdbcLogger.java:137 - ==> Parameters: 1(Long), 0(Integer), 0(Long)
2026-04-01 01:27:02,821 [http-nio-8999-exec-8] DEBUG [c.t.c.f.mapper.UserFormMapper.selectPage_mpCount] BaseJdbcLogger.java:137 - <==      Total: 1
2026-04-01 01:27:02,822 [http-nio-8999-exec-8] DEBUG [c.t.cloud.form.mapper.UserFormMapper.selectPage] BaseJdbcLogger.java:137 - ==>  Preparing: SELECT id,form_key,name,description,source_type,source_id,user_id,status,type,is_deleted,is_folder,folder_id,create_time,update_time FROM fm_user_form WHERE (user_id = ? AND is_deleted = ? AND folder_id = ?) ORDER BY is_folder DESC,create_time DESC LIMIT ?
2026-04-01 01:27:02,822 [http-nio-8999-exec-8] DEBUG [c.t.cloud.form.mapper.UserFormMapper.selectPage] BaseJdbcLogger.java:137 - ==> Parameters: 1(Long), 0(Integer), 0(Long), 12(Long)
2026-04-01 01:27:02,823 [http-nio-8999-exec-8] DEBUG [c.t.cloud.form.mapper.UserFormMapper.selectPage] BaseJdbcLogger.java:137 - <==      Total: 2
2026-04-01 01:27:04,608 [http-nio-8999-exec-3] DEBUG [c.t.c.account.mapper.UserTokenMapper.selectList] BaseJdbcLogger.java:137 - ==>  Preparing: SELECT id,type,user_id,expire_time,token,create_time,update_time FROM ac_user_token WHERE (token = ?)
2026-04-01 01:27:04,608 [http-nio-8999-exec-3] DEBUG [c.t.c.account.mapper.UserTokenMapper.selectList] BaseJdbcLogger.java:137 - ==> Parameters: eyJ0eXAiOiJKV1QiLCJhbGciOiJIUzUxMiJ9.eyJzdWIiOiIxIiwiaWF0IjoxNzc0OTcwNDY1LCJleHAiOjE3NzU1NzUyNjV9.rSa7xztbzxT3Wja0kU1R-YKAw4-vVaXIuy4HwHkkjst6NIJJ9VBqFz7Ylu7eZ6gyc-YdIwPL_wNdicigapwFqw(String)
2026-04-01 01:27:04,610 [http-nio-8999-exec-3] DEBUG [c.t.c.account.mapper.UserTokenMapper.selectList] BaseJdbcLogger.java:137 - <==      Total: 1
2026-04-01 01:27:04,611 [http-nio-8999-exec-3] DEBUG [c.t.cloud.form.mapper.UserFormMapper.selectList] BaseJdbcLogger.java:137 - ==>  Preparing: SELECT id,form_key,name,description,source_type,source_id,user_id,status,type,is_deleted,is_folder,folder_id,create_time,update_time FROM fm_user_form WHERE (form_key = ?)
2026-04-01 01:27:04,612 [http-nio-8999-exec-3] DEBUG [c.t.cloud.form.mapper.UserFormMapper.selectList] BaseJdbcLogger.java:137 - ==> Parameters: 4VLobos0(String)
2026-04-01 01:27:04,613 [http-nio-8999-exec-3] DEBUG [c.t.cloud.form.mapper.UserFormMapper.selectList] BaseJdbcLogger.java:137 - <==      Total: 1
2026-04-01 01:27:04,614 [http-nio-8999-exec-3] DEBUG [c.t.c.form.mapper.UserFormItemMapper.selectList] BaseJdbcLogger.java:137 - ==>  Preparing: SELECT id,form_key,form_item_id,type,label,is_display_type,is_hide_type,is_special_type,show_label,default_value,required,placeholder,sort,span,scheme,reg_list,create_time,update_time FROM fm_user_form_item WHERE (form_key = ? AND is_display_type = ?)
2026-04-01 01:27:04,614 [http-nio-8999-exec-3] DEBUG [c.t.c.form.mapper.UserFormItemMapper.selectList] BaseJdbcLogger.java:137 - ==> Parameters: 4VLobos0(String), 0(Integer)
2026-04-01 01:27:04,616 [http-nio-8999-exec-3] DEBUG [c.t.c.form.mapper.UserFormItemMapper.selectList] BaseJdbcLogger.java:137 - <==      Total: 1
2026-04-01 01:27:04,925 [http-nio-8999-exec-2] DEBUG [c.t.c.account.mapper.UserTokenMapper.selectList] BaseJdbcLogger.java:137 - ==>  Preparing: SELECT id,type,user_id,expire_time,token,create_time,update_time FROM ac_user_token WHERE (token = ?)
2026-04-01 01:27:04,926 [http-nio-8999-exec-5] DEBUG [c.t.c.account.mapper.UserTokenMapper.selectList] BaseJdbcLogger.java:137 - ==>  Preparing: SELECT id,type,user_id,expire_time,token,create_time,update_time FROM ac_user_token WHERE (token = ?)
2026-04-01 01:27:04,926 [http-nio-8999-exec-10] DEBUG [c.t.c.account.mapper.UserTokenMapper.selectList] BaseJdbcLogger.java:137 - ==>  Preparing: SELECT id,type,user_id,expire_time,token,create_time,update_time FROM ac_user_token WHERE (token = ?)
2026-04-01 01:27:04,926 [http-nio-8999-exec-9] DEBUG [c.t.c.account.mapper.UserTokenMapper.selectList] BaseJdbcLogger.java:137 - ==>  Preparing: SELECT id,type,user_id,expire_time,token,create_time,update_time FROM ac_user_token WHERE (token = ?)
2026-04-01 01:27:04,926 [http-nio-8999-exec-2] DEBUG [c.t.c.account.mapper.UserTokenMapper.selectList] BaseJdbcLogger.java:137 - ==> Parameters: eyJ0eXAiOiJKV1QiLCJhbGciOiJIUzUxMiJ9.eyJzdWIiOiIxIiwiaWF0IjoxNzc0OTcwNDY1LCJleHAiOjE3NzU1NzUyNjV9.rSa7xztbzxT3Wja0kU1R-YKAw4-vVaXIuy4HwHkkjst6NIJJ9VBqFz7Ylu7eZ6gyc-YdIwPL_wNdicigapwFqw(String)
2026-04-01 01:27:04,926 [http-nio-8999-exec-5] DEBUG [c.t.c.account.mapper.UserTokenMapper.selectList] BaseJdbcLogger.java:137 - ==> Parameters: eyJ0eXAiOiJKV1QiLCJhbGciOiJIUzUxMiJ9.eyJzdWIiOiIxIiwiaWF0IjoxNzc0OTcwNDY1LCJleHAiOjE3NzU1NzUyNjV9.rSa7xztbzxT3Wja0kU1R-YKAw4-vVaXIuy4HwHkkjst6NIJJ9VBqFz7Ylu7eZ6gyc-YdIwPL_wNdicigapwFqw(String)
2026-04-01 01:27:04,926 [http-nio-8999-exec-9] DEBUG [c.t.c.account.mapper.UserTokenMapper.selectList] BaseJdbcLogger.java:137 - ==> Parameters: eyJ0eXAiOiJKV1QiLCJhbGciOiJIUzUxMiJ9.eyJzdWIiOiIxIiwiaWF0IjoxNzc0OTcwNDY1LCJleHAiOjE3NzU1NzUyNjV9.rSa7xztbzxT3Wja0kU1R-YKAw4-vVaXIuy4HwHkkjst6NIJJ9VBqFz7Ylu7eZ6gyc-YdIwPL_wNdicigapwFqw(String)
2026-04-01 01:27:04,926 [http-nio-8999-exec-10] DEBUG [c.t.c.account.mapper.UserTokenMapper.selectList] BaseJdbcLogger.java:137 - ==> Parameters: eyJ0eXAiOiJKV1QiLCJhbGciOiJIUzUxMiJ9.eyJzdWIiOiIxIiwiaWF0IjoxNzc0OTcwNDY1LCJleHAiOjE3NzU1NzUyNjV9.rSa7xztbzxT3Wja0kU1R-YKAw4-vVaXIuy4HwHkkjst6NIJJ9VBqFz7Ylu7eZ6gyc-YdIwPL_wNdicigapwFqw(String)
2026-04-01 01:27:04,927 [http-nio-8999-exec-5] DEBUG [c.t.c.account.mapper.UserTokenMapper.selectList] BaseJdbcLogger.java:137 - <==      Total: 1
2026-04-01 01:27:04,927 [http-nio-8999-exec-2] DEBUG [c.t.c.account.mapper.UserTokenMapper.selectList] BaseJdbcLogger.java:137 - <==      Total: 1
2026-04-01 01:27:04,927 [http-nio-8999-exec-9] DEBUG [c.t.c.account.mapper.UserTokenMapper.selectList] BaseJdbcLogger.java:137 - <==      Total: 1
2026-04-01 01:27:04,927 [http-nio-8999-exec-10] DEBUG [c.t.c.account.mapper.UserTokenMapper.selectList] BaseJdbcLogger.java:137 - <==      Total: 1
2026-04-01 01:27:04,929 [http-nio-8999-exec-9] DEBUG [c.t.c.f.mapper.UserFormDataMapper.selectCountBySql] BaseJdbcLogger.java:137 - ==>  Preparing: select count(1) from fm_user_form_data where form_key = '4VLobos0'
2026-04-01 01:27:04,929 [http-nio-8999-exec-2] DEBUG [c.t.c.f.m.FormTemplateCategoryMapper.selectList] BaseJdbcLogger.java:137 - ==>  Preparing: SELECT id,name,sort,create_time,update_time FROM fm_form_template_category ORDER BY sort DESC
2026-04-01 01:27:04,929 [http-nio-8999-exec-5] DEBUG [c.t.c.form.mapper.UserFormSettingMapper.selectList] BaseJdbcLogger.java:137 - ==>  Preparing: SELECT id,form_key,settings,create_time,update_time FROM fm_user_form_setting WHERE (form_key = ?)
2026-04-01 01:27:04,929 [http-nio-8999-exec-10] DEBUG [c.t.cloud.form.mapper.UserFormMapper.selectList] BaseJdbcLogger.java:137 - ==>  Preparing: SELECT id,form_key,name,description,source_type,source_id,user_id,status,type,is_deleted,is_folder,folder_id,create_time,update_time FROM fm_user_form WHERE (form_key = ?)
2026-04-01 01:27:04,929 [http-nio-8999-exec-2] DEBUG [c.t.c.f.m.FormTemplateCategoryMapper.selectList] BaseJdbcLogger.java:137 - ==> Parameters: 
2026-04-01 01:27:04,929 [http-nio-8999-exec-9] DEBUG [c.t.c.f.mapper.UserFormDataMapper.selectCountBySql] BaseJdbcLogger.java:137 - ==> Parameters: 
2026-04-01 01:27:04,929 [http-nio-8999-exec-5] DEBUG [c.t.c.form.mapper.UserFormSettingMapper.selectList] BaseJdbcLogger.java:137 - ==> Parameters: 4VLobos0(String)
2026-04-01 01:27:04,929 [http-nio-8999-exec-10] DEBUG [c.t.cloud.form.mapper.UserFormMapper.selectList] BaseJdbcLogger.java:137 - ==> Parameters: 4VLobos0(String)
2026-04-01 01:27:04,929 [http-nio-8999-exec-9] DEBUG [c.t.c.f.mapper.UserFormDataMapper.selectCountBySql] BaseJdbcLogger.java:137 - <==      Total: 1
2026-04-01 01:27:04,929 [http-nio-8999-exec-5] DEBUG [c.t.c.form.mapper.UserFormSettingMapper.selectList] BaseJdbcLogger.java:137 - <==      Total: 0
2026-04-01 01:27:04,930 [http-nio-8999-exec-9] DEBUG [c.t.c.f.mapper.UserFormDataMapper.selectRowsBySql] BaseJdbcLogger.java:137 - ==>  Preparing: select * from fm_user_form_data where form_key = '4VLobos0' ORDER BY id DESC limit 0,10
2026-04-01 01:27:04,930 [http-nio-8999-exec-10] DEBUG [c.t.cloud.form.mapper.UserFormMapper.selectList] BaseJdbcLogger.java:137 - <==      Total: 1
2026-04-01 01:27:04,930 [http-nio-8999-exec-2] DEBUG [c.t.c.f.m.FormTemplateCategoryMapper.selectList] BaseJdbcLogger.java:137 - <==      Total: 2
2026-04-01 01:27:04,931 [http-nio-8999-exec-9] DEBUG [c.t.c.f.mapper.UserFormDataMapper.selectRowsBySql] BaseJdbcLogger.java:137 - ==> Parameters: 
2026-04-01 01:27:04,932 [http-nio-8999-exec-9] DEBUG [c.t.c.f.mapper.UserFormDataMapper.selectRowsBySql] BaseJdbcLogger.java:137 - <==      Total: 0
2026-04-01 01:27:08,425 [http-nio-8999-exec-4] DEBUG [c.t.c.account.mapper.UserTokenMapper.selectList] BaseJdbcLogger.java:137 - ==>  Preparing: SELECT id,type,user_id,expire_time,token,create_time,update_time FROM ac_user_token WHERE (token = ?)
2026-04-01 01:27:08,425 [http-nio-8999-exec-4] DEBUG [c.t.c.account.mapper.UserTokenMapper.selectList] BaseJdbcLogger.java:137 - ==> Parameters: eyJ0eXAiOiJKV1QiLCJhbGciOiJIUzUxMiJ9.eyJzdWIiOiIxIiwiaWF0IjoxNzc0OTcwNDY1LCJleHAiOjE3NzU1NzUyNjV9.rSa7xztbzxT3Wja0kU1R-YKAw4-vVaXIuy4HwHkkjst6NIJJ9VBqFz7Ylu7eZ6gyc-YdIwPL_wNdicigapwFqw(String)
2026-04-01 01:27:08,427 [http-nio-8999-exec-4] DEBUG [c.t.c.account.mapper.UserTokenMapper.selectList] BaseJdbcLogger.java:137 - <==      Total: 1
2026-04-01 01:27:08,430 [http-nio-8999-exec-4] DEBUG [c.t.c.f.mapper.UserFormMapper.selectPage_mpCount] BaseJdbcLogger.java:137 - ==>  Preparing: SELECT COUNT(*) AS total FROM fm_user_form WHERE (user_id = ? AND is_deleted = ? AND folder_id = ?)
2026-04-01 01:27:08,430 [http-nio-8999-exec-4] DEBUG [c.t.c.f.mapper.UserFormMapper.selectPage_mpCount] BaseJdbcLogger.java:137 - ==> Parameters: 1(Long), 0(Integer), 0(Long)
2026-04-01 01:27:08,431 [http-nio-8999-exec-4] DEBUG [c.t.c.f.mapper.UserFormMapper.selectPage_mpCount] BaseJdbcLogger.java:137 - <==      Total: 1
2026-04-01 01:27:08,432 [http-nio-8999-exec-4] DEBUG [c.t.cloud.form.mapper.UserFormMapper.selectPage] BaseJdbcLogger.java:137 - ==>  Preparing: SELECT id,form_key,name,description,source_type,source_id,user_id,status,type,is_deleted,is_folder,folder_id,create_time,update_time FROM fm_user_form WHERE (user_id = ? AND is_deleted = ? AND folder_id = ?) ORDER BY is_folder DESC,create_time DESC LIMIT ?
2026-04-01 01:27:08,433 [http-nio-8999-exec-4] DEBUG [c.t.cloud.form.mapper.UserFormMapper.selectPage] BaseJdbcLogger.java:137 - ==> Parameters: 1(Long), 0(Integer), 0(Long), 12(Long)
2026-04-01 01:27:08,435 [http-nio-8999-exec-4] DEBUG [c.t.cloud.form.mapper.UserFormMapper.selectPage] BaseJdbcLogger.java:137 - <==      Total: 2
2026-04-01 01:27:10,049 [http-nio-8999-exec-6] DEBUG [c.t.c.account.mapper.UserTokenMapper.selectList] BaseJdbcLogger.java:137 - ==>  Preparing: SELECT id,type,user_id,expire_time,token,create_time,update_time FROM ac_user_token WHERE (token = ?)
2026-04-01 01:27:10,050 [http-nio-8999-exec-6] DEBUG [c.t.c.account.mapper.UserTokenMapper.selectList] BaseJdbcLogger.java:137 - ==> Parameters: eyJ0eXAiOiJKV1QiLCJhbGciOiJIUzUxMiJ9.eyJzdWIiOiIxIiwiaWF0IjoxNzc0OTcwNDY1LCJleHAiOjE3NzU1NzUyNjV9.rSa7xztbzxT3Wja0kU1R-YKAw4-vVaXIuy4HwHkkjst6NIJJ9VBqFz7Ylu7eZ6gyc-YdIwPL_wNdicigapwFqw(String)
2026-04-01 01:27:10,052 [http-nio-8999-exec-6] DEBUG [c.t.c.account.mapper.UserTokenMapper.selectList] BaseJdbcLogger.java:137 - <==      Total: 1
2026-04-01 01:27:10,052 [http-nio-8999-exec-6] DEBUG [c.t.cloud.form.mapper.UserFormMapper.selectList] BaseJdbcLogger.java:137 - ==>  Preparing: SELECT id,form_key,name,description,source_type,source_id,user_id,status,type,is_deleted,is_folder,folder_id,create_time,update_time FROM fm_user_form WHERE (form_key = ?)
2026-04-01 01:27:10,054 [http-nio-8999-exec-6] DEBUG [c.t.cloud.form.mapper.UserFormMapper.selectList] BaseJdbcLogger.java:137 - ==> Parameters: 4VLobos0(String)
2026-04-01 01:27:10,055 [http-nio-8999-exec-6] DEBUG [c.t.cloud.form.mapper.UserFormMapper.selectList] BaseJdbcLogger.java:137 - <==      Total: 1
2026-04-01 01:27:10,057 [http-nio-8999-exec-6] DEBUG [c.t.c.form.mapper.UserFormItemMapper.selectList] BaseJdbcLogger.java:137 - ==>  Preparing: SELECT id,form_key,form_item_id,type,label,is_display_type,is_hide_type,is_special_type,show_label,default_value,required,placeholder,sort,span,scheme,reg_list,create_time,update_time FROM fm_user_form_item WHERE (form_key = ? AND is_display_type = ?)
2026-04-01 01:27:10,058 [http-nio-8999-exec-6] DEBUG [c.t.c.form.mapper.UserFormItemMapper.selectList] BaseJdbcLogger.java:137 - ==> Parameters: 4VLobos0(String), 0(Integer)
2026-04-01 01:27:10,059 [http-nio-8999-exec-6] DEBUG [c.t.c.form.mapper.UserFormItemMapper.selectList] BaseJdbcLogger.java:137 - <==      Total: 1
2026-04-01 01:27:10,369 [http-nio-8999-exec-8] DEBUG [c.t.c.account.mapper.UserTokenMapper.selectList] BaseJdbcLogger.java:137 - ==>  Preparing: SELECT id,type,user_id,expire_time,token,create_time,update_time FROM ac_user_token WHERE (token = ?)
2026-04-01 01:27:10,369 [http-nio-8999-exec-3] DEBUG [c.t.c.account.mapper.UserTokenMapper.selectList] BaseJdbcLogger.java:137 - ==>  Preparing: SELECT id,type,user_id,expire_time,token,create_time,update_time FROM ac_user_token WHERE (token = ?)
2026-04-01 01:27:10,369 [http-nio-8999-exec-7] DEBUG [c.t.c.account.mapper.UserTokenMapper.selectList] BaseJdbcLogger.java:137 - ==>  Preparing: SELECT id,type,user_id,expire_time,token,create_time,update_time FROM ac_user_token WHERE (token = ?)
2026-04-01 01:27:10,369 [http-nio-8999-exec-5] DEBUG [c.t.c.account.mapper.UserTokenMapper.selectList] BaseJdbcLogger.java:137 - ==>  Preparing: SELECT id,type,user_id,expire_time,token,create_time,update_time FROM ac_user_token WHERE (token = ?)
2026-04-01 01:27:10,370 [http-nio-8999-exec-7] DEBUG [c.t.c.account.mapper.UserTokenMapper.selectList] BaseJdbcLogger.java:137 - ==> Parameters: eyJ0eXAiOiJKV1QiLCJhbGciOiJIUzUxMiJ9.eyJzdWIiOiIxIiwiaWF0IjoxNzc0OTcwNDY1LCJleHAiOjE3NzU1NzUyNjV9.rSa7xztbzxT3Wja0kU1R-YKAw4-vVaXIuy4HwHkkjst6NIJJ9VBqFz7Ylu7eZ6gyc-YdIwPL_wNdicigapwFqw(String)
2026-04-01 01:27:10,370 [http-nio-8999-exec-3] DEBUG [c.t.c.account.mapper.UserTokenMapper.selectList] BaseJdbcLogger.java:137 - ==> Parameters: eyJ0eXAiOiJKV1QiLCJhbGciOiJIUzUxMiJ9.eyJzdWIiOiIxIiwiaWF0IjoxNzc0OTcwNDY1LCJleHAiOjE3NzU1NzUyNjV9.rSa7xztbzxT3Wja0kU1R-YKAw4-vVaXIuy4HwHkkjst6NIJJ9VBqFz7Ylu7eZ6gyc-YdIwPL_wNdicigapwFqw(String)
2026-04-01 01:27:10,370 [http-nio-8999-exec-8] DEBUG [c.t.c.account.mapper.UserTokenMapper.selectList] BaseJdbcLogger.java:137 - ==> Parameters: eyJ0eXAiOiJKV1QiLCJhbGciOiJIUzUxMiJ9.eyJzdWIiOiIxIiwiaWF0IjoxNzc0OTcwNDY1LCJleHAiOjE3NzU1NzUyNjV9.rSa7xztbzxT3Wja0kU1R-YKAw4-vVaXIuy4HwHkkjst6NIJJ9VBqFz7Ylu7eZ6gyc-YdIwPL_wNdicigapwFqw(String)
2026-04-01 01:27:10,370 [http-nio-8999-exec-5] DEBUG [c.t.c.account.mapper.UserTokenMapper.selectList] BaseJdbcLogger.java:137 - ==> Parameters: eyJ0eXAiOiJKV1QiLCJhbGciOiJIUzUxMiJ9.eyJzdWIiOiIxIiwiaWF0IjoxNzc0OTcwNDY1LCJleHAiOjE3NzU1NzUyNjV9.rSa7xztbzxT3Wja0kU1R-YKAw4-vVaXIuy4HwHkkjst6NIJJ9VBqFz7Ylu7eZ6gyc-YdIwPL_wNdicigapwFqw(String)
2026-04-01 01:27:10,371 [http-nio-8999-exec-7] DEBUG [c.t.c.account.mapper.UserTokenMapper.selectList] BaseJdbcLogger.java:137 - <==      Total: 1
2026-04-01 01:27:10,371 [http-nio-8999-exec-3] DEBUG [c.t.c.account.mapper.UserTokenMapper.selectList] BaseJdbcLogger.java:137 - <==      Total: 1
2026-04-01 01:27:10,371 [http-nio-8999-exec-8] DEBUG [c.t.c.account.mapper.UserTokenMapper.selectList] BaseJdbcLogger.java:137 - <==      Total: 1
2026-04-01 01:27:10,371 [http-nio-8999-exec-5] DEBUG [c.t.c.account.mapper.UserTokenMapper.selectList] BaseJdbcLogger.java:137 - <==      Total: 1
2026-04-01 01:27:10,372 [http-nio-8999-exec-8] DEBUG [c.t.c.f.mapper.UserFormDataMapper.selectCountBySql] BaseJdbcLogger.java:137 - ==>  Preparing: select count(1) from fm_user_form_data where form_key = '4VLobos0'
2026-04-01 01:27:10,372 [http-nio-8999-exec-5] DEBUG [c.t.c.f.m.FormTemplateCategoryMapper.selectList] BaseJdbcLogger.java:137 - ==>  Preparing: SELECT id,name,sort,create_time,update_time FROM fm_form_template_category ORDER BY sort DESC
2026-04-01 01:27:10,372 [http-nio-8999-exec-3] DEBUG [c.t.c.form.mapper.UserFormSettingMapper.selectList] BaseJdbcLogger.java:137 - ==>  Preparing: SELECT id,form_key,settings,create_time,update_time FROM fm_user_form_setting WHERE (form_key = ?)
2026-04-01 01:27:10,372 [http-nio-8999-exec-7] DEBUG [c.t.cloud.form.mapper.UserFormMapper.selectList] BaseJdbcLogger.java:137 - ==>  Preparing: SELECT id,form_key,name,description,source_type,source_id,user_id,status,type,is_deleted,is_folder,folder_id,create_time,update_time FROM fm_user_form WHERE (form_key = ?)
2026-04-01 01:27:10,372 [http-nio-8999-exec-8] DEBUG [c.t.c.f.mapper.UserFormDataMapper.selectCountBySql] BaseJdbcLogger.java:137 - ==> Parameters: 
2026-04-01 01:27:10,373 [http-nio-8999-exec-5] DEBUG [c.t.c.f.m.FormTemplateCategoryMapper.selectList] BaseJdbcLogger.java:137 - ==> Parameters: 
2026-04-01 01:27:10,373 [http-nio-8999-exec-3] DEBUG [c.t.c.form.mapper.UserFormSettingMapper.selectList] BaseJdbcLogger.java:137 - ==> Parameters: 4VLobos0(String)
2026-04-01 01:27:10,373 [http-nio-8999-exec-7] DEBUG [c.t.cloud.form.mapper.UserFormMapper.selectList] BaseJdbcLogger.java:137 - ==> Parameters: 4VLobos0(String)
2026-04-01 01:27:10,373 [http-nio-8999-exec-8] DEBUG [c.t.c.f.mapper.UserFormDataMapper.selectCountBySql] BaseJdbcLogger.java:137 - <==      Total: 1
2026-04-01 01:27:10,374 [http-nio-8999-exec-5] DEBUG [c.t.c.f.m.FormTemplateCategoryMapper.selectList] BaseJdbcLogger.java:137 - <==      Total: 2
2026-04-01 01:27:10,374 [http-nio-8999-exec-7] DEBUG [c.t.cloud.form.mapper.UserFormMapper.selectList] BaseJdbcLogger.java:137 - <==      Total: 1
2026-04-01 01:27:10,374 [http-nio-8999-exec-3] DEBUG [c.t.c.form.mapper.UserFormSettingMapper.selectList] BaseJdbcLogger.java:137 - <==      Total: 0
2026-04-01 01:27:10,374 [http-nio-8999-exec-8] DEBUG [c.t.c.f.mapper.UserFormDataMapper.selectRowsBySql] BaseJdbcLogger.java:137 - ==>  Preparing: select * from fm_user_form_data where form_key = '4VLobos0' ORDER BY id DESC limit 0,10
2026-04-01 01:27:10,374 [http-nio-8999-exec-8] DEBUG [c.t.c.f.mapper.UserFormDataMapper.selectRowsBySql] BaseJdbcLogger.java:137 - ==> Parameters: 
2026-04-01 01:27:10,375 [http-nio-8999-exec-8] DEBUG [c.t.c.f.mapper.UserFormDataMapper.selectRowsBySql] BaseJdbcLogger.java:137 - <==      Total: 0
2026-04-01 01:27:18,956 [http-nio-8999-exec-10] DEBUG [c.t.c.account.mapper.UserTokenMapper.selectList] BaseJdbcLogger.java:137 - ==>  Preparing: SELECT id,type,user_id,expire_time,token,create_time,update_time FROM ac_user_token WHERE (token = ?)
2026-04-01 01:27:18,956 [http-nio-8999-exec-9] DEBUG [c.t.c.account.mapper.UserTokenMapper.selectList] BaseJdbcLogger.java:137 - ==>  Preparing: SELECT id,type,user_id,expire_time,token,create_time,update_time FROM ac_user_token WHERE (token = ?)
2026-04-01 01:27:18,958 [http-nio-8999-exec-10] DEBUG [c.t.c.account.mapper.UserTokenMapper.selectList] BaseJdbcLogger.java:137 - ==> Parameters: eyJ0eXAiOiJKV1QiLCJhbGciOiJIUzUxMiJ9.eyJzdWIiOiIxIiwiaWF0IjoxNzc0OTcwNDY1LCJleHAiOjE3NzU1NzUyNjV9.rSa7xztbzxT3Wja0kU1R-YKAw4-vVaXIuy4HwHkkjst6NIJJ9VBqFz7Ylu7eZ6gyc-YdIwPL_wNdicigapwFqw(String)
2026-04-01 01:27:18,958 [http-nio-8999-exec-9] DEBUG [c.t.c.account.mapper.UserTokenMapper.selectList] BaseJdbcLogger.java:137 - ==> Parameters: eyJ0eXAiOiJKV1QiLCJhbGciOiJIUzUxMiJ9.eyJzdWIiOiIxIiwiaWF0IjoxNzc0OTcwNDY1LCJleHAiOjE3NzU1NzUyNjV9.rSa7xztbzxT3Wja0kU1R-YKAw4-vVaXIuy4HwHkkjst6NIJJ9VBqFz7Ylu7eZ6gyc-YdIwPL_wNdicigapwFqw(String)
2026-04-01 01:27:18,959 [http-nio-8999-exec-10] DEBUG [c.t.c.account.mapper.UserTokenMapper.selectList] BaseJdbcLogger.java:137 - <==      Total: 1
2026-04-01 01:27:18,959 [http-nio-8999-exec-9] DEBUG [c.t.c.account.mapper.UserTokenMapper.selectList] BaseJdbcLogger.java:137 - <==      Total: 1
2026-04-01 01:27:18,960 [http-nio-8999-exec-10] DEBUG [c.t.c.f.m.FormTemplateCategoryMapper.selectList] BaseJdbcLogger.java:137 - ==>  Preparing: SELECT id,name,sort,create_time,update_time FROM fm_form_template_category ORDER BY sort DESC
2026-04-01 01:27:18,960 [http-nio-8999-exec-9] DEBUG [c.t.cloud.form.mapper.UserFormMapper.selectList] BaseJdbcLogger.java:137 - ==>  Preparing: SELECT id,form_key,name,description,source_type,source_id,user_id,status,type,is_deleted,is_folder,folder_id,create_time,update_time FROM fm_user_form WHERE (form_key = ?)
2026-04-01 01:27:18,961 [http-nio-8999-exec-10] DEBUG [c.t.c.f.m.FormTemplateCategoryMapper.selectList] BaseJdbcLogger.java:137 - ==> Parameters: 
2026-04-01 01:27:18,961 [http-nio-8999-exec-9] DEBUG [c.t.cloud.form.mapper.UserFormMapper.selectList] BaseJdbcLogger.java:137 - ==> Parameters: 4VLobos0(String)
2026-04-01 01:27:18,961 [http-nio-8999-exec-9] DEBUG [c.t.cloud.form.mapper.UserFormMapper.selectList] BaseJdbcLogger.java:137 - <==      Total: 1
2026-04-01 01:27:18,962 [http-nio-8999-exec-9] DEBUG [c.tduck.cloud.account.mapper.UserMapper.selectById] BaseJdbcLogger.java:137 - ==>  Preparing: SELECT id,name,avatar,gender,phone_number,email,password,reg_channel,last_login_channel,last_login_time,last_login_ip,deleted,password_type,create_time,update_time FROM ac_user WHERE id=?
2026-04-01 01:27:18,962 [http-nio-8999-exec-10] DEBUG [c.t.c.f.m.FormTemplateCategoryMapper.selectList] BaseJdbcLogger.java:137 - <==      Total: 2
2026-04-01 01:27:18,962 [http-nio-8999-exec-9] DEBUG [c.tduck.cloud.account.mapper.UserMapper.selectById] BaseJdbcLogger.java:137 - ==> Parameters: 1(Long)
2026-04-01 01:27:18,963 [http-nio-8999-exec-9] DEBUG [c.tduck.cloud.account.mapper.UserMapper.selectById] BaseJdbcLogger.java:137 - <==      Total: 1
2026-04-01 01:27:18,964 [http-nio-8999-exec-9] DEBUG [c.tduck.cloud.account.mapper.UserMapper.selectById] BaseJdbcLogger.java:137 - ==>  Preparing: SELECT id,name,avatar,gender,phone_number,email,password,reg_channel,last_login_channel,last_login_time,last_login_ip,deleted,password_type,create_time,update_time FROM ac_user WHERE id=?
2026-04-01 01:27:18,964 [http-nio-8999-exec-9] DEBUG [c.tduck.cloud.account.mapper.UserMapper.selectById] BaseJdbcLogger.java:137 - ==> Parameters: 1(Long)
2026-04-01 01:27:18,968 [http-nio-8999-exec-9] DEBUG [c.tduck.cloud.account.mapper.UserMapper.selectById] BaseJdbcLogger.java:137 - <==      Total: 1
2026-04-01 01:27:22,406 [http-nio-8999-exec-1] DEBUG [c.t.c.account.mapper.UserTokenMapper.selectList] BaseJdbcLogger.java:137 - ==>  Preparing: SELECT id,type,user_id,expire_time,token,create_time,update_time FROM ac_user_token WHERE (token = ?)
2026-04-01 01:27:22,407 [http-nio-8999-exec-1] DEBUG [c.t.c.account.mapper.UserTokenMapper.selectList] BaseJdbcLogger.java:137 - ==> Parameters: eyJ0eXAiOiJKV1QiLCJhbGciOiJIUzUxMiJ9.eyJzdWIiOiIxIiwiaWF0IjoxNzc0OTcwNDY1LCJleHAiOjE3NzU1NzUyNjV9.rSa7xztbzxT3Wja0kU1R-YKAw4-vVaXIuy4HwHkkjst6NIJJ9VBqFz7Ylu7eZ6gyc-YdIwPL_wNdicigapwFqw(String)
2026-04-01 01:27:22,408 [http-nio-8999-exec-1] DEBUG [c.t.c.account.mapper.UserTokenMapper.selectList] BaseJdbcLogger.java:137 - <==      Total: 1
2026-04-01 01:27:22,411 [http-nio-8999-exec-1] DEBUG [c.t.c.w.mapper.WebhookConfigMapper.selectList] BaseJdbcLogger.java:137 - ==>  Preparing: SELECT id,hook_name,source_type,source_id,url,request_type,enabled,other_options,create_time,update_time FROM webhook_config WHERE (source_type = ? AND source_id = ?)
2026-04-01 01:27:22,411 [http-nio-8999-exec-1] DEBUG [c.t.c.w.mapper.WebhookConfigMapper.selectList] BaseJdbcLogger.java:137 - ==> Parameters: form(String), 4VLobos0(String)
2026-04-01 01:27:22,413 [http-nio-8999-exec-1] DEBUG [c.t.c.w.mapper.WebhookConfigMapper.selectList] BaseJdbcLogger.java:137 - <==      Total: 0
2026-04-01 01:27:22,719 [http-nio-8999-exec-5] DEBUG [c.t.c.account.mapper.UserTokenMapper.selectList] BaseJdbcLogger.java:137 - ==>  Preparing: SELECT id,type,user_id,expire_time,token,create_time,update_time FROM ac_user_token WHERE (token = ?)
2026-04-01 01:27:22,720 [http-nio-8999-exec-7] DEBUG [c.t.c.account.mapper.UserTokenMapper.selectList] BaseJdbcLogger.java:137 - ==>  Preparing: SELECT id,type,user_id,expire_time,token,create_time,update_time FROM ac_user_token WHERE (token = ?)
2026-04-01 01:27:22,720 [http-nio-8999-exec-6] DEBUG [c.t.c.account.mapper.UserTokenMapper.selectList] BaseJdbcLogger.java:137 - ==>  Preparing: SELECT id,type,user_id,expire_time,token,create_time,update_time FROM ac_user_token WHERE (token = ?)
2026-04-01 01:27:22,720 [http-nio-8999-exec-3] DEBUG [c.t.c.account.mapper.UserTokenMapper.selectList] BaseJdbcLogger.java:137 - ==>  Preparing: SELECT id,type,user_id,expire_time,token,create_time,update_time FROM ac_user_token WHERE (token = ?)
2026-04-01 01:27:22,720 [http-nio-8999-exec-4] DEBUG [c.t.c.account.mapper.UserTokenMapper.selectList] BaseJdbcLogger.java:137 - ==>  Preparing: SELECT id,type,user_id,expire_time,token,create_time,update_time FROM ac_user_token WHERE (token = ?)
2026-04-01 01:27:22,720 [http-nio-8999-exec-5] DEBUG [c.t.c.account.mapper.UserTokenMapper.selectList] BaseJdbcLogger.java:137 - ==> Parameters: eyJ0eXAiOiJKV1QiLCJhbGciOiJIUzUxMiJ9.eyJzdWIiOiIxIiwiaWF0IjoxNzc0OTcwNDY1LCJleHAiOjE3NzU1NzUyNjV9.rSa7xztbzxT3Wja0kU1R-YKAw4-vVaXIuy4HwHkkjst6NIJJ9VBqFz7Ylu7eZ6gyc-YdIwPL_wNdicigapwFqw(String)
2026-04-01 01:27:22,720 [http-nio-8999-exec-6] DEBUG [c.t.c.account.mapper.UserTokenMapper.selectList] BaseJdbcLogger.java:137 - ==> Parameters: eyJ0eXAiOiJKV1QiLCJhbGciOiJIUzUxMiJ9.eyJzdWIiOiIxIiwiaWF0IjoxNzc0OTcwNDY1LCJleHAiOjE3NzU1NzUyNjV9.rSa7xztbzxT3Wja0kU1R-YKAw4-vVaXIuy4HwHkkjst6NIJJ9VBqFz7Ylu7eZ6gyc-YdIwPL_wNdicigapwFqw(String)
2026-04-01 01:27:22,720 [http-nio-8999-exec-7] DEBUG [c.t.c.account.mapper.UserTokenMapper.selectList] BaseJdbcLogger.java:137 - ==> Parameters: eyJ0eXAiOiJKV1QiLCJhbGciOiJIUzUxMiJ9.eyJzdWIiOiIxIiwiaWF0IjoxNzc0OTcwNDY1LCJleHAiOjE3NzU1NzUyNjV9.rSa7xztbzxT3Wja0kU1R-YKAw4-vVaXIuy4HwHkkjst6NIJJ9VBqFz7Ylu7eZ6gyc-YdIwPL_wNdicigapwFqw(String)
2026-04-01 01:27:22,720 [http-nio-8999-exec-3] DEBUG [c.t.c.account.mapper.UserTokenMapper.selectList] BaseJdbcLogger.java:137 - ==> Parameters: eyJ0eXAiOiJKV1QiLCJhbGciOiJIUzUxMiJ9.eyJzdWIiOiIxIiwiaWF0IjoxNzc0OTcwNDY1LCJleHAiOjE3NzU1NzUyNjV9.rSa7xztbzxT3Wja0kU1R-YKAw4-vVaXIuy4HwHkkjst6NIJJ9VBqFz7Ylu7eZ6gyc-YdIwPL_wNdicigapwFqw(String)
2026-04-01 01:27:22,720 [http-nio-8999-exec-4] DEBUG [c.t.c.account.mapper.UserTokenMapper.selectList] BaseJdbcLogger.java:137 - ==> Parameters: eyJ0eXAiOiJKV1QiLCJhbGciOiJIUzUxMiJ9.eyJzdWIiOiIxIiwiaWF0IjoxNzc0OTcwNDY1LCJleHAiOjE3NzU1NzUyNjV9.rSa7xztbzxT3Wja0kU1R-YKAw4-vVaXIuy4HwHkkjst6NIJJ9VBqFz7Ylu7eZ6gyc-YdIwPL_wNdicigapwFqw(String)
2026-04-01 01:27:22,721 [http-nio-8999-exec-5] DEBUG [c.t.c.account.mapper.UserTokenMapper.selectList] BaseJdbcLogger.java:137 - <==      Total: 1
2026-04-01 01:27:22,721 [http-nio-8999-exec-6] DEBUG [c.t.c.account.mapper.UserTokenMapper.selectList] BaseJdbcLogger.java:137 - <==      Total: 1
2026-04-01 01:27:22,721 [http-nio-8999-exec-4] DEBUG [c.t.c.account.mapper.UserTokenMapper.selectList] BaseJdbcLogger.java:137 - <==      Total: 1
2026-04-01 01:27:22,721 [http-nio-8999-exec-3] DEBUG [c.t.c.account.mapper.UserTokenMapper.selectList] BaseJdbcLogger.java:137 - <==      Total: 1
2026-04-01 01:27:22,721 [http-nio-8999-exec-7] DEBUG [c.t.c.account.mapper.UserTokenMapper.selectList] BaseJdbcLogger.java:137 - <==      Total: 1
2026-04-01 01:27:22,723 [http-nio-8999-exec-6] DEBUG [c.t.c.f.m.FormTemplateCategoryMapper.selectList] BaseJdbcLogger.java:137 - ==>  Preparing: SELECT id,name,sort,create_time,update_time FROM fm_form_template_category ORDER BY sort DESC
2026-04-01 01:27:22,723 [http-nio-8999-exec-7] DEBUG [c.t.c.form.mapper.UserFormSettingMapper.selectList] BaseJdbcLogger.java:137 - ==>  Preparing: SELECT id,form_key,settings,create_time,update_time FROM fm_user_form_setting WHERE (form_key = ?)
2026-04-01 01:27:22,723 [http-nio-8999-exec-5] DEBUG [c.t.c.form.mapper.UserFormSettingMapper.selectList] BaseJdbcLogger.java:137 - ==>  Preparing: SELECT id,form_key,settings,create_time,update_time FROM fm_user_form_setting WHERE (form_key = ?)
2026-04-01 01:27:22,724 [http-nio-8999-exec-6] DEBUG [c.t.c.f.m.FormTemplateCategoryMapper.selectList] BaseJdbcLogger.java:137 - ==> Parameters: 
2026-04-01 01:27:22,724 [http-nio-8999-exec-4] DEBUG [c.t.cloud.form.mapper.UserFormMapper.selectList] BaseJdbcLogger.java:137 - ==>  Preparing: SELECT id,form_key,name,description,source_type,source_id,user_id,status,type,is_deleted,is_folder,folder_id,create_time,update_time FROM fm_user_form WHERE (form_key = ?)
2026-04-01 01:27:22,724 [http-nio-8999-exec-7] DEBUG [c.t.c.form.mapper.UserFormSettingMapper.selectList] BaseJdbcLogger.java:137 - ==> Parameters: 4VLobos0(String)
2026-04-01 01:27:22,724 [http-nio-8999-exec-5] DEBUG [c.t.c.form.mapper.UserFormSettingMapper.selectList] BaseJdbcLogger.java:137 - ==> Parameters: 4VLobos0(String)
2026-04-01 01:27:22,724 [http-nio-8999-exec-4] DEBUG [c.t.cloud.form.mapper.UserFormMapper.selectList] BaseJdbcLogger.java:137 - ==> Parameters: 4VLobos0(String)
2026-04-01 01:27:22,724 [http-nio-8999-exec-5] DEBUG [c.t.c.form.mapper.UserFormSettingMapper.selectList] BaseJdbcLogger.java:137 - <==      Total: 0
2026-04-01 01:27:22,725 [http-nio-8999-exec-4] DEBUG [c.t.cloud.form.mapper.UserFormMapper.selectList] BaseJdbcLogger.java:137 - <==      Total: 1
2026-04-01 01:27:22,724 [http-nio-8999-exec-6] DEBUG [c.t.c.f.m.FormTemplateCategoryMapper.selectList] BaseJdbcLogger.java:137 - <==      Total: 2
2026-04-01 01:27:22,725 [http-nio-8999-exec-7] DEBUG [c.t.c.form.mapper.UserFormSettingMapper.selectList] BaseJdbcLogger.java:137 - <==      Total: 0
2026-04-01 01:27:22,725 [http-nio-8999-exec-3] ERROR [c.t.c.api.web.controller.UserFormSettingController] UserFormSettingController.java:111 - 获取微信通知二维码失败
java.lang.NullPointerException: null
	at me.chanjar.weixin.mp.api.impl.BaseWxMpServiceImpl.getWxMpConfigStorage(BaseWxMpServiceImpl.java:423)
	at com.tduck.cloud.api.web.controller.UserFormSettingController.getWxNotifyQrCode(UserFormSettingController.java:99)
	at sun.reflect.NativeMethodAccessorImpl.invoke0(Native Method)
	at sun.reflect.NativeMethodAccessorImpl.invoke(NativeMethodAccessorImpl.java:62)
	at sun.reflect.DelegatingMethodAccessorImpl.invoke(DelegatingMethodAccessorImpl.java:43)
	at java.lang.reflect.Method.invoke(Method.java:498)
	at org.springframework.web.method.support.InvocableHandlerMethod.doInvoke(InvocableHandlerMethod.java:205)
	at org.springframework.web.method.support.InvocableHandlerMethod.invokeForRequest(InvocableHandlerMethod.java:150)
	at org.springframework.web.servlet.mvc.method.annotation.ServletInvocableHandlerMethod.invokeAndHandle(ServletInvocableHandlerMethod.java:117)
	at org.springframework.web.servlet.mvc.method.annotation.RequestMappingHandlerAdapter.invokeHandlerMethod(RequestMappingHandlerAdapter.java:895)
	at org.springframework.web.servlet.mvc.method.annotation.RequestMappingHandlerAdapter.handleInternal(RequestMappingHandlerAdapter.java:808)
	at org.springframework.web.servlet.mvc.method.AbstractHandlerMethodAdapter.handle(AbstractHandlerMethodAdapter.java:87)
	at org.springframework.web.servlet.DispatcherServlet.doDispatch(DispatcherServlet.java:1071)
	at org.springframework.web.servlet.DispatcherServlet.doService(DispatcherServlet.java:964)
	at org.springframework.web.servlet.FrameworkServlet.processRequest(FrameworkServlet.java:1006)
	at org.springframework.web.servlet.FrameworkServlet.doGet(FrameworkServlet.java:898)
	at javax.servlet.http.HttpServlet.service(HttpServlet.java:670)
	at org.springframework.web.servlet.FrameworkServlet.service(FrameworkServlet.java:883)
	at javax.servlet.http.HttpServlet.service(HttpServlet.java:779)
	at org.apache.catalina.core.ApplicationFilterChain.internalDoFilter(ApplicationFilterChain.java:227)
	at org.apache.catalina.core.ApplicationFilterChain.doFilter(ApplicationFilterChain.java:162)
	at org.apache.tomcat.websocket.server.WsFilter.doFilter(WsFilter.java:53)
	at org.apache.catalina.core.ApplicationFilterChain.internalDoFilter(ApplicationFilterChain.java:189)
	at org.apache.catalina.core.ApplicationFilterChain.doFilter(ApplicationFilterChain.java:162)
	at org.springframework.web.servlet.resource.ResourceUrlEncodingFilter.doFilter(ResourceUrlEncodingFilter.java:67)
	at org.apache.catalina.core.ApplicationFilterChain.internalDoFilter(ApplicationFilterChain.java:189)
	at org.apache.catalina.core.ApplicationFilterChain.doFilter(ApplicationFilterChain.java:162)
	at org.springframework.web.filter.CorsFilter.doFilterInternal(CorsFilter.java:91)
	at org.springframework.web.filter.OncePerRequestFilter.doFilter(OncePerRequestFilter.java:117)
	at org.apache.catalina.core.ApplicationFilterChain.internalDoFilter(ApplicationFilterChain.java:189)
	at org.apache.catalina.core.ApplicationFilterChain.doFilter(ApplicationFilterChain.java:162)
	at org.springframework.web.filter.RequestContextFilter.doFilterInternal(RequestContextFilter.java:100)
	at org.springframework.web.filter.OncePerRequestFilter.doFilter(OncePerRequestFilter.java:117)
	at org.apache.catalina.core.ApplicationFilterChain.internalDoFilter(ApplicationFilterChain.java:189)
	at org.apache.catalina.core.ApplicationFilterChain.doFilter(ApplicationFilterChain.java:162)
	at org.springframework.web.filter.FormContentFilter.doFilterInternal(FormContentFilter.java:93)
	at org.springframework.web.filter.OncePerRequestFilter.doFilter(OncePerRequestFilter.java:117)
	at org.apache.catalina.core.ApplicationFilterChain.internalDoFilter(ApplicationFilterChain.java:189)
	at org.apache.catalina.core.ApplicationFilterChain.doFilter(ApplicationFilterChain.java:162)
	at org.springframework.web.filter.CharacterEncodingFilter.doFilterInternal(CharacterEncodingFilter.java:201)
	at org.springframework.web.filter.OncePerRequestFilter.doFilter(OncePerRequestFilter.java:117)
	at org.apache.catalina.core.ApplicationFilterChain.internalDoFilter(ApplicationFilterChain.java:189)
	at org.apache.catalina.core.ApplicationFilterChain.doFilter(ApplicationFilterChain.java:162)
	at org.apache.catalina.core.StandardWrapperValve.invoke(StandardWrapperValve.java:177)
	at org.apache.catalina.core.StandardContextValve.invoke(StandardContextValve.java:97)
	at org.apache.catalina.authenticator.AuthenticatorBase.invoke(AuthenticatorBase.java:541)
	at org.apache.catalina.core.StandardHostValve.invoke(StandardHostValve.java:135)
	at org.apache.catalina.valves.ErrorReportValve.invoke(ErrorReportValve.java:92)
	at org.apache.catalina.core.StandardEngineValve.invoke(StandardEngineValve.java:78)
	at org.apache.catalina.connector.CoyoteAdapter.service(CoyoteAdapter.java:360)
	at org.apache.coyote.http11.Http11Processor.service(Http11Processor.java:399)
	at org.apache.coyote.AbstractProcessorLight.process(AbstractProcessorLight.java:65)
	at org.apache.coyote.AbstractProtocol$ConnectionHandler.process(AbstractProtocol.java:891)
	at org.apache.tomcat.util.net.NioEndpoint$SocketProcessor.doRun(NioEndpoint.java:1784)
	at org.apache.tomcat.util.net.SocketProcessorBase.run(SocketProcessorBase.java:49)
	at org.apache.tomcat.util.threads.ThreadPoolExecutor.runWorker(ThreadPoolExecutor.java:1191)
	at org.apache.tomcat.util.threads.ThreadPoolExecutor$Worker.run(ThreadPoolExecutor.java:659)
	at org.apache.tomcat.util.threads.TaskThread$WrappingRunnable.run(TaskThread.java:61)
	at java.lang.Thread.run(Thread.java:748)
2026-04-01 01:27:23,043 [http-nio-8999-exec-2] DEBUG [c.t.c.account.mapper.UserTokenMapper.selectList] BaseJdbcLogger.java:137 - ==>  Preparing: SELECT id,type,user_id,expire_time,token,create_time,update_time FROM ac_user_token WHERE (token = ?)
2026-04-01 01:27:23,043 [http-nio-8999-exec-8] DEBUG [c.t.c.account.mapper.UserTokenMapper.selectList] BaseJdbcLogger.java:137 - ==>  Preparing: SELECT id,type,user_id,expire_time,token,create_time,update_time FROM ac_user_token WHERE (token = ?)
2026-04-01 01:27:23,044 [http-nio-8999-exec-2] DEBUG [c.t.c.account.mapper.UserTokenMapper.selectList] BaseJdbcLogger.java:137 - ==> Parameters: eyJ0eXAiOiJKV1QiLCJhbGciOiJIUzUxMiJ9.eyJzdWIiOiIxIiwiaWF0IjoxNzc0OTcwNDY1LCJleHAiOjE3NzU1NzUyNjV9.rSa7xztbzxT3Wja0kU1R-YKAw4-vVaXIuy4HwHkkjst6NIJJ9VBqFz7Ylu7eZ6gyc-YdIwPL_wNdicigapwFqw(String)
2026-04-01 01:27:23,044 [http-nio-8999-exec-8] DEBUG [c.t.c.account.mapper.UserTokenMapper.selectList] BaseJdbcLogger.java:137 - ==> Parameters: eyJ0eXAiOiJKV1QiLCJhbGciOiJIUzUxMiJ9.eyJzdWIiOiIxIiwiaWF0IjoxNzc0OTcwNDY1LCJleHAiOjE3NzU1NzUyNjV9.rSa7xztbzxT3Wja0kU1R-YKAw4-vVaXIuy4HwHkkjst6NIJJ9VBqFz7Ylu7eZ6gyc-YdIwPL_wNdicigapwFqw(String)
2026-04-01 01:27:23,045 [http-nio-8999-exec-2] DEBUG [c.t.c.account.mapper.UserTokenMapper.selectList] BaseJdbcLogger.java:137 - <==      Total: 1
2026-04-01 01:27:23,045 [http-nio-8999-exec-8] DEBUG [c.t.c.account.mapper.UserTokenMapper.selectList] BaseJdbcLogger.java:137 - <==      Total: 1
2026-04-01 01:27:23,047 [http-nio-8999-exec-2] DEBUG [c.t.c.form.mapper.UserFormSettingMapper.selectList] BaseJdbcLogger.java:137 - ==>  Preparing: SELECT id,form_key,settings,create_time,update_time FROM fm_user_form_setting WHERE (form_key = ?)
2026-04-01 01:27:23,047 [http-nio-8999-exec-8] DEBUG [c.t.c.form.mapper.UserFormSettingMapper.selectList] BaseJdbcLogger.java:137 - ==>  Preparing: SELECT id,form_key,settings,create_time,update_time FROM fm_user_form_setting WHERE (form_key = ?)
2026-04-01 01:27:23,047 [http-nio-8999-exec-2] DEBUG [c.t.c.form.mapper.UserFormSettingMapper.selectList] BaseJdbcLogger.java:137 - ==> Parameters: 4VLobos0(String)
2026-04-01 01:27:23,047 [http-nio-8999-exec-8] DEBUG [c.t.c.form.mapper.UserFormSettingMapper.selectList] BaseJdbcLogger.java:137 - ==> Parameters: 4VLobos0(String)
2026-04-01 01:27:23,048 [http-nio-8999-exec-2] DEBUG [c.t.c.form.mapper.UserFormSettingMapper.selectList] BaseJdbcLogger.java:137 - <==      Total: 0
2026-04-01 01:27:23,054 [http-nio-8999-exec-8] DEBUG [c.t.c.form.mapper.UserFormSettingMapper.selectList] BaseJdbcLogger.java:137 - <==      Total: 0
2026-04-01 01:27:32,212 [http-nio-8999-exec-1] DEBUG [c.t.c.account.mapper.UserTokenMapper.selectList] BaseJdbcLogger.java:137 - ==>  Preparing: SELECT id,type,user_id,expire_time,token,create_time,update_time FROM ac_user_token WHERE (token = ?)
2026-04-01 01:27:32,212 [http-nio-8999-exec-10] DEBUG [c.t.c.account.mapper.UserTokenMapper.selectList] BaseJdbcLogger.java:137 - ==>  Preparing: SELECT id,type,user_id,expire_time,token,create_time,update_time FROM ac_user_token WHERE (token = ?)
2026-04-01 01:27:32,213 [http-nio-8999-exec-10] DEBUG [c.t.c.account.mapper.UserTokenMapper.selectList] BaseJdbcLogger.java:137 - ==> Parameters: eyJ0eXAiOiJKV1QiLCJhbGciOiJIUzUxMiJ9.eyJzdWIiOiIxIiwiaWF0IjoxNzc0OTcwNDY1LCJleHAiOjE3NzU1NzUyNjV9.rSa7xztbzxT3Wja0kU1R-YKAw4-vVaXIuy4HwHkkjst6NIJJ9VBqFz7Ylu7eZ6gyc-YdIwPL_wNdicigapwFqw(String)
2026-04-01 01:27:32,213 [http-nio-8999-exec-1] DEBUG [c.t.c.account.mapper.UserTokenMapper.selectList] BaseJdbcLogger.java:137 - ==> Parameters: eyJ0eXAiOiJKV1QiLCJhbGciOiJIUzUxMiJ9.eyJzdWIiOiIxIiwiaWF0IjoxNzc0OTcwNDY1LCJleHAiOjE3NzU1NzUyNjV9.rSa7xztbzxT3Wja0kU1R-YKAw4-vVaXIuy4HwHkkjst6NIJJ9VBqFz7Ylu7eZ6gyc-YdIwPL_wNdicigapwFqw(String)
2026-04-01 01:27:32,214 [http-nio-8999-exec-1] DEBUG [c.t.c.account.mapper.UserTokenMapper.selectList] BaseJdbcLogger.java:137 - <==      Total: 1
2026-04-01 01:27:32,214 [http-nio-8999-exec-10] DEBUG [c.t.c.account.mapper.UserTokenMapper.selectList] BaseJdbcLogger.java:137 - <==      Total: 1
2026-04-01 01:27:32,215 [http-nio-8999-exec-10] DEBUG [c.t.c.f.m.FormTemplateCategoryMapper.selectList] BaseJdbcLogger.java:137 - ==>  Preparing: SELECT id,name,sort,create_time,update_time FROM fm_form_template_category ORDER BY sort DESC
2026-04-01 01:27:32,215 [http-nio-8999-exec-1] DEBUG [c.t.cloud.form.mapper.UserFormMapper.selectList] BaseJdbcLogger.java:137 - ==>  Preparing: SELECT id,form_key,name,description,source_type,source_id,user_id,status,type,is_deleted,is_folder,folder_id,create_time,update_time FROM fm_user_form WHERE (form_key = ?)
2026-04-01 01:27:32,216 [http-nio-8999-exec-10] DEBUG [c.t.c.f.m.FormTemplateCategoryMapper.selectList] BaseJdbcLogger.java:137 - ==> Parameters: 
2026-04-01 01:27:32,216 [http-nio-8999-exec-1] DEBUG [c.t.cloud.form.mapper.UserFormMapper.selectList] BaseJdbcLogger.java:137 - ==> Parameters: 4VLobos0(String)
2026-04-01 01:27:32,216 [http-nio-8999-exec-1] DEBUG [c.t.cloud.form.mapper.UserFormMapper.selectList] BaseJdbcLogger.java:137 - <==      Total: 1
2026-04-01 01:27:32,216 [http-nio-8999-exec-10] DEBUG [c.t.c.f.m.FormTemplateCategoryMapper.selectList] BaseJdbcLogger.java:137 - <==      Total: 2
2026-04-01 01:27:32,218 [http-nio-8999-exec-1] DEBUG [c.tduck.cloud.account.mapper.UserMapper.selectById] BaseJdbcLogger.java:137 - ==>  Preparing: SELECT id,name,avatar,gender,phone_number,email,password,reg_channel,last_login_channel,last_login_time,last_login_ip,deleted,password_type,create_time,update_time FROM ac_user WHERE id=?
2026-04-01 01:27:32,218 [http-nio-8999-exec-1] DEBUG [c.tduck.cloud.account.mapper.UserMapper.selectById] BaseJdbcLogger.java:137 - ==> Parameters: 1(Long)
2026-04-01 01:27:32,219 [http-nio-8999-exec-1] DEBUG [c.tduck.cloud.account.mapper.UserMapper.selectById] BaseJdbcLogger.java:137 - <==      Total: 1
2026-04-01 01:27:32,220 [http-nio-8999-exec-1] DEBUG [c.tduck.cloud.account.mapper.UserMapper.selectById] BaseJdbcLogger.java:137 - ==>  Preparing: SELECT id,name,avatar,gender,phone_number,email,password,reg_channel,last_login_channel,last_login_time,last_login_ip,deleted,password_type,create_time,update_time FROM ac_user WHERE id=?
2026-04-01 01:27:32,221 [http-nio-8999-exec-1] DEBUG [c.tduck.cloud.account.mapper.UserMapper.selectById] BaseJdbcLogger.java:137 - ==> Parameters: 1(Long)
2026-04-01 01:27:32,222 [http-nio-8999-exec-1] DEBUG [c.tduck.cloud.account.mapper.UserMapper.selectById] BaseJdbcLogger.java:137 - <==      Total: 1
2026-04-01 01:27:33,841 [http-nio-8999-exec-7] DEBUG [c.t.c.account.mapper.UserTokenMapper.selectList] BaseJdbcLogger.java:137 - ==>  Preparing: SELECT id,type,user_id,expire_time,token,create_time,update_time FROM ac_user_token WHERE (token = ?)
2026-04-01 01:27:33,841 [http-nio-8999-exec-7] DEBUG [c.t.c.account.mapper.UserTokenMapper.selectList] BaseJdbcLogger.java:137 - ==> Parameters: eyJ0eXAiOiJKV1QiLCJhbGciOiJIUzUxMiJ9.eyJzdWIiOiIxIiwiaWF0IjoxNzc0OTcwNDY1LCJleHAiOjE3NzU1NzUyNjV9.rSa7xztbzxT3Wja0kU1R-YKAw4-vVaXIuy4HwHkkjst6NIJJ9VBqFz7Ylu7eZ6gyc-YdIwPL_wNdicigapwFqw(String)
2026-04-01 01:27:33,842 [http-nio-8999-exec-7] DEBUG [c.t.c.account.mapper.UserTokenMapper.selectList] BaseJdbcLogger.java:137 - <==      Total: 1
2026-04-01 01:27:33,843 [http-nio-8999-exec-7] DEBUG [c.t.cloud.form.mapper.UserFormMapper.selectList] BaseJdbcLogger.java:137 - ==>  Preparing: SELECT id,form_key,name,description,source_type,source_id,user_id,status,type,is_deleted,is_folder,folder_id,create_time,update_time FROM fm_user_form WHERE (form_key = ?)
2026-04-01 01:27:33,845 [http-nio-8999-exec-7] DEBUG [c.t.cloud.form.mapper.UserFormMapper.selectList] BaseJdbcLogger.java:137 - ==> Parameters: 4VLobos0(String)
2026-04-01 01:27:33,846 [http-nio-8999-exec-7] DEBUG [c.t.cloud.form.mapper.UserFormMapper.selectList] BaseJdbcLogger.java:137 - <==      Total: 1
2026-04-01 01:27:33,847 [http-nio-8999-exec-7] DEBUG [c.t.c.form.mapper.UserFormItemMapper.selectList] BaseJdbcLogger.java:137 - ==>  Preparing: SELECT id,form_key,form_item_id,type,label,is_display_type,is_hide_type,is_special_type,show_label,default_value,required,placeholder,sort,span,scheme,reg_list,create_time,update_time FROM fm_user_form_item WHERE (form_key = ? AND is_display_type = ?)
2026-04-01 01:27:33,848 [http-nio-8999-exec-7] DEBUG [c.t.c.form.mapper.UserFormItemMapper.selectList] BaseJdbcLogger.java:137 - ==> Parameters: 4VLobos0(String), 0(Integer)
2026-04-01 01:27:33,849 [http-nio-8999-exec-7] DEBUG [c.t.c.form.mapper.UserFormItemMapper.selectList] BaseJdbcLogger.java:137 - <==      Total: 1
2026-04-01 01:27:34,152 [http-nio-8999-exec-3] DEBUG [c.t.c.account.mapper.UserTokenMapper.selectList] BaseJdbcLogger.java:137 - ==>  Preparing: SELECT id,type,user_id,expire_time,token,create_time,update_time FROM ac_user_token WHERE (token = ?)
2026-04-01 01:27:34,152 [http-nio-8999-exec-5] DEBUG [c.t.c.account.mapper.UserTokenMapper.selectList] BaseJdbcLogger.java:137 - ==>  Preparing: SELECT id,type,user_id,expire_time,token,create_time,update_time FROM ac_user_token WHERE (token = ?)
2026-04-01 01:27:34,152 [http-nio-8999-exec-4] DEBUG [c.t.c.account.mapper.UserTokenMapper.selectList] BaseJdbcLogger.java:137 - ==>  Preparing: SELECT id,type,user_id,expire_time,token,create_time,update_time FROM ac_user_token WHERE (token = ?)
2026-04-01 01:27:34,152 [http-nio-8999-exec-6] DEBUG [c.t.c.account.mapper.UserTokenMapper.selectList] BaseJdbcLogger.java:137 - ==>  Preparing: SELECT id,type,user_id,expire_time,token,create_time,update_time FROM ac_user_token WHERE (token = ?)
2026-04-01 01:27:34,152 [http-nio-8999-exec-6] DEBUG [c.t.c.account.mapper.UserTokenMapper.selectList] BaseJdbcLogger.java:137 - ==> Parameters: eyJ0eXAiOiJKV1QiLCJhbGciOiJIUzUxMiJ9.eyJzdWIiOiIxIiwiaWF0IjoxNzc0OTcwNDY1LCJleHAiOjE3NzU1NzUyNjV9.rSa7xztbzxT3Wja0kU1R-YKAw4-vVaXIuy4HwHkkjst6NIJJ9VBqFz7Ylu7eZ6gyc-YdIwPL_wNdicigapwFqw(String)
2026-04-01 01:27:34,152 [http-nio-8999-exec-5] DEBUG [c.t.c.account.mapper.UserTokenMapper.selectList] BaseJdbcLogger.java:137 - ==> Parameters: eyJ0eXAiOiJKV1QiLCJhbGciOiJIUzUxMiJ9.eyJzdWIiOiIxIiwiaWF0IjoxNzc0OTcwNDY1LCJleHAiOjE3NzU1NzUyNjV9.rSa7xztbzxT3Wja0kU1R-YKAw4-vVaXIuy4HwHkkjst6NIJJ9VBqFz7Ylu7eZ6gyc-YdIwPL_wNdicigapwFqw(String)
2026-04-01 01:27:34,152 [http-nio-8999-exec-3] DEBUG [c.t.c.account.mapper.UserTokenMapper.selectList] BaseJdbcLogger.java:137 - ==> Parameters: eyJ0eXAiOiJKV1QiLCJhbGciOiJIUzUxMiJ9.eyJzdWIiOiIxIiwiaWF0IjoxNzc0OTcwNDY1LCJleHAiOjE3NzU1NzUyNjV9.rSa7xztbzxT3Wja0kU1R-YKAw4-vVaXIuy4HwHkkjst6NIJJ9VBqFz7Ylu7eZ6gyc-YdIwPL_wNdicigapwFqw(String)
2026-04-01 01:27:34,152 [http-nio-8999-exec-4] DEBUG [c.t.c.account.mapper.UserTokenMapper.selectList] BaseJdbcLogger.java:137 - ==> Parameters: eyJ0eXAiOiJKV1QiLCJhbGciOiJIUzUxMiJ9.eyJzdWIiOiIxIiwiaWF0IjoxNzc0OTcwNDY1LCJleHAiOjE3NzU1NzUyNjV9.rSa7xztbzxT3Wja0kU1R-YKAw4-vVaXIuy4HwHkkjst6NIJJ9VBqFz7Ylu7eZ6gyc-YdIwPL_wNdicigapwFqw(String)
2026-04-01 01:27:34,155 [http-nio-8999-exec-6] DEBUG [c.t.c.account.mapper.UserTokenMapper.selectList] BaseJdbcLogger.java:137 - <==      Total: 1
2026-04-01 01:27:34,155 [http-nio-8999-exec-5] DEBUG [c.t.c.account.mapper.UserTokenMapper.selectList] BaseJdbcLogger.java:137 - <==      Total: 1
2026-04-01 01:27:34,155 [http-nio-8999-exec-4] DEBUG [c.t.c.account.mapper.UserTokenMapper.selectList] BaseJdbcLogger.java:137 - <==      Total: 1
2026-04-01 01:27:34,155 [http-nio-8999-exec-3] DEBUG [c.t.c.account.mapper.UserTokenMapper.selectList] BaseJdbcLogger.java:137 - <==      Total: 1
2026-04-01 01:27:34,155 [http-nio-8999-exec-3] DEBUG [c.t.c.f.m.FormTemplateCategoryMapper.selectList] BaseJdbcLogger.java:137 - ==>  Preparing: SELECT id,name,sort,create_time,update_time FROM fm_form_template_category ORDER BY sort DESC
2026-04-01 01:27:34,155 [http-nio-8999-exec-6] DEBUG [c.t.c.f.mapper.UserFormDataMapper.selectCountBySql] BaseJdbcLogger.java:137 - ==>  Preparing: select count(1) from fm_user_form_data where form_key = '4VLobos0'
2026-04-01 01:27:34,156 [http-nio-8999-exec-5] DEBUG [c.t.cloud.form.mapper.UserFormMapper.selectList] BaseJdbcLogger.java:137 - ==>  Preparing: SELECT id,form_key,name,description,source_type,source_id,user_id,status,type,is_deleted,is_folder,folder_id,create_time,update_time FROM fm_user_form WHERE (form_key = ?)
2026-04-01 01:27:34,156 [http-nio-8999-exec-4] DEBUG [c.t.c.form.mapper.UserFormSettingMapper.selectList] BaseJdbcLogger.java:137 - ==>  Preparing: SELECT id,form_key,settings,create_time,update_time FROM fm_user_form_setting WHERE (form_key = ?)
2026-04-01 01:27:34,156 [http-nio-8999-exec-6] DEBUG [c.t.c.f.mapper.UserFormDataMapper.selectCountBySql] BaseJdbcLogger.java:137 - ==> Parameters: 
2026-04-01 01:27:34,156 [http-nio-8999-exec-3] DEBUG [c.t.c.f.m.FormTemplateCategoryMapper.selectList] BaseJdbcLogger.java:137 - ==> Parameters: 
2026-04-01 01:27:34,156 [http-nio-8999-exec-5] DEBUG [c.t.cloud.form.mapper.UserFormMapper.selectList] BaseJdbcLogger.java:137 - ==> Parameters: 4VLobos0(String)
2026-04-01 01:27:34,156 [http-nio-8999-exec-4] DEBUG [c.t.c.form.mapper.UserFormSettingMapper.selectList] BaseJdbcLogger.java:137 - ==> Parameters: 4VLobos0(String)
2026-04-01 01:27:34,157 [http-nio-8999-exec-4] DEBUG [c.t.c.form.mapper.UserFormSettingMapper.selectList] BaseJdbcLogger.java:137 - <==      Total: 0
2026-04-01 01:27:34,157 [http-nio-8999-exec-3] DEBUG [c.t.c.f.m.FormTemplateCategoryMapper.selectList] BaseJdbcLogger.java:137 - <==      Total: 2
2026-04-01 01:27:34,157 [http-nio-8999-exec-5] DEBUG [c.t.cloud.form.mapper.UserFormMapper.selectList] BaseJdbcLogger.java:137 - <==      Total: 1
2026-04-01 01:27:34,157 [http-nio-8999-exec-6] DEBUG [c.t.c.f.mapper.UserFormDataMapper.selectCountBySql] BaseJdbcLogger.java:137 - <==      Total: 1
2026-04-01 01:27:34,158 [http-nio-8999-exec-6] DEBUG [c.t.c.f.mapper.UserFormDataMapper.selectRowsBySql] BaseJdbcLogger.java:137 - ==>  Preparing: select * from fm_user_form_data where form_key = '4VLobos0' ORDER BY id DESC limit 0,10
2026-04-01 01:27:34,158 [http-nio-8999-exec-6] DEBUG [c.t.c.f.mapper.UserFormDataMapper.selectRowsBySql] BaseJdbcLogger.java:137 - ==> Parameters: 
2026-04-01 01:27:34,160 [http-nio-8999-exec-6] DEBUG [c.t.c.f.mapper.UserFormDataMapper.selectRowsBySql] BaseJdbcLogger.java:137 - <==      Total: 0
2026-04-01 01:27:38,100 [http-nio-8999-exec-2] DEBUG [c.t.c.account.mapper.UserTokenMapper.selectList] BaseJdbcLogger.java:137 - ==>  Preparing: SELECT id,type,user_id,expire_time,token,create_time,update_time FROM ac_user_token WHERE (token = ?)
2026-04-01 01:27:38,102 [http-nio-8999-exec-2] DEBUG [c.t.c.account.mapper.UserTokenMapper.selectList] BaseJdbcLogger.java:137 - ==> Parameters: eyJ0eXAiOiJKV1QiLCJhbGciOiJIUzUxMiJ9.eyJzdWIiOiIxIiwiaWF0IjoxNzc0OTcwNDY1LCJleHAiOjE3NzU1NzUyNjV9.rSa7xztbzxT3Wja0kU1R-YKAw4-vVaXIuy4HwHkkjst6NIJJ9VBqFz7Ylu7eZ6gyc-YdIwPL_wNdicigapwFqw(String)
2026-04-01 01:27:38,103 [http-nio-8999-exec-2] DEBUG [c.t.c.account.mapper.UserTokenMapper.selectList] BaseJdbcLogger.java:137 - <==      Total: 1
2026-04-01 01:27:38,105 [http-nio-8999-exec-2] DEBUG [c.t.c.f.mapper.UserFormViewCountMapper.selectList] BaseJdbcLogger.java:137 - ==>  Preparing: SELECT id,form_key,count,create_time,update_time FROM fm_user_form_view_count WHERE (form_key = ?)
2026-04-01 01:27:38,106 [http-nio-8999-exec-2] DEBUG [c.t.c.f.mapper.UserFormViewCountMapper.selectList] BaseJdbcLogger.java:137 - ==> Parameters: 4VLobos0(String)
2026-04-01 01:27:38,107 [http-nio-8999-exec-2] DEBUG [c.t.c.f.mapper.UserFormViewCountMapper.selectList] BaseJdbcLogger.java:137 - <==      Total: 0
2026-04-01 01:27:38,108 [http-nio-8999-exec-2] DEBUG [c.t.c.form.mapper.UserFormDataMapper.selectMaps] BaseJdbcLogger.java:137 - ==>  Preparing: SELECT AVG(complete_time) as avgCompleteTime, count(1) as completeCount FROM fm_user_form_data WHERE (form_key = ?)
2026-04-01 01:27:38,108 [http-nio-8999-exec-2] DEBUG [c.t.c.form.mapper.UserFormDataMapper.selectMaps] BaseJdbcLogger.java:137 - ==> Parameters: 4VLobos0(String)
2026-04-01 01:27:38,109 [http-nio-8999-exec-2] DEBUG [c.t.c.form.mapper.UserFormDataMapper.selectMaps] BaseJdbcLogger.java:137 - <==      Total: 1
2026-04-01 01:27:38,132 [http-nio-8999-exec-9] DEBUG [c.t.c.account.mapper.UserTokenMapper.selectList] BaseJdbcLogger.java:137 - ==>  Preparing: SELECT id,type,user_id,expire_time,token,create_time,update_time FROM ac_user_token WHERE (token = ?)
2026-04-01 01:27:38,132 [http-nio-8999-exec-10] DEBUG [c.t.c.account.mapper.UserTokenMapper.selectList] BaseJdbcLogger.java:137 - ==>  Preparing: SELECT id,type,user_id,expire_time,token,create_time,update_time FROM ac_user_token WHERE (token = ?)
2026-04-01 01:27:38,132 [http-nio-8999-exec-1] DEBUG [c.t.c.account.mapper.UserTokenMapper.selectList] BaseJdbcLogger.java:137 - ==>  Preparing: SELECT id,type,user_id,expire_time,token,create_time,update_time FROM ac_user_token WHERE (token = ?)
2026-04-01 01:27:38,132 [http-nio-8999-exec-8] DEBUG [c.t.c.account.mapper.UserTokenMapper.selectList] BaseJdbcLogger.java:137 - ==>  Preparing: SELECT id,type,user_id,expire_time,token,create_time,update_time FROM ac_user_token WHERE (token = ?)
2026-04-01 01:27:38,132 [http-nio-8999-exec-7] DEBUG [c.t.c.account.mapper.UserTokenMapper.selectList] BaseJdbcLogger.java:137 - ==>  Preparing: SELECT id,type,user_id,expire_time,token,create_time,update_time FROM ac_user_token WHERE (token = ?)
2026-04-01 01:27:38,133 [http-nio-8999-exec-1] DEBUG [c.t.c.account.mapper.UserTokenMapper.selectList] BaseJdbcLogger.java:137 - ==> Parameters: eyJ0eXAiOiJKV1QiLCJhbGciOiJIUzUxMiJ9.eyJzdWIiOiIxIiwiaWF0IjoxNzc0OTcwNDY1LCJleHAiOjE3NzU1NzUyNjV9.rSa7xztbzxT3Wja0kU1R-YKAw4-vVaXIuy4HwHkkjst6NIJJ9VBqFz7Ylu7eZ6gyc-YdIwPL_wNdicigapwFqw(String)
2026-04-01 01:27:38,133 [http-nio-8999-exec-8] DEBUG [c.t.c.account.mapper.UserTokenMapper.selectList] BaseJdbcLogger.java:137 - ==> Parameters: eyJ0eXAiOiJKV1QiLCJhbGciOiJIUzUxMiJ9.eyJzdWIiOiIxIiwiaWF0IjoxNzc0OTcwNDY1LCJleHAiOjE3NzU1NzUyNjV9.rSa7xztbzxT3Wja0kU1R-YKAw4-vVaXIuy4HwHkkjst6NIJJ9VBqFz7Ylu7eZ6gyc-YdIwPL_wNdicigapwFqw(String)
2026-04-01 01:27:38,133 [http-nio-8999-exec-7] DEBUG [c.t.c.account.mapper.UserTokenMapper.selectList] BaseJdbcLogger.java:137 - ==> Parameters: eyJ0eXAiOiJKV1QiLCJhbGciOiJIUzUxMiJ9.eyJzdWIiOiIxIiwiaWF0IjoxNzc0OTcwNDY1LCJleHAiOjE3NzU1NzUyNjV9.rSa7xztbzxT3Wja0kU1R-YKAw4-vVaXIuy4HwHkkjst6NIJJ9VBqFz7Ylu7eZ6gyc-YdIwPL_wNdicigapwFqw(String)
2026-04-01 01:27:38,133 [http-nio-8999-exec-10] DEBUG [c.t.c.account.mapper.UserTokenMapper.selectList] BaseJdbcLogger.java:137 - ==> Parameters: eyJ0eXAiOiJKV1QiLCJhbGciOiJIUzUxMiJ9.eyJzdWIiOiIxIiwiaWF0IjoxNzc0OTcwNDY1LCJleHAiOjE3NzU1NzUyNjV9.rSa7xztbzxT3Wja0kU1R-YKAw4-vVaXIuy4HwHkkjst6NIJJ9VBqFz7Ylu7eZ6gyc-YdIwPL_wNdicigapwFqw(String)
2026-04-01 01:27:38,134 [http-nio-8999-exec-8] DEBUG [c.t.c.account.mapper.UserTokenMapper.selectList] BaseJdbcLogger.java:137 - <==      Total: 1
2026-04-01 01:27:38,134 [http-nio-8999-exec-10] DEBUG [c.t.c.account.mapper.UserTokenMapper.selectList] BaseJdbcLogger.java:137 - <==      Total: 1
2026-04-01 01:27:38,134 [http-nio-8999-exec-1] DEBUG [c.t.c.account.mapper.UserTokenMapper.selectList] BaseJdbcLogger.java:137 - <==      Total: 1
2026-04-01 01:27:38,134 [http-nio-8999-exec-7] DEBUG [c.t.c.account.mapper.UserTokenMapper.selectList] BaseJdbcLogger.java:137 - <==      Total: 1
2026-04-01 01:27:38,135 [http-nio-8999-exec-8] DEBUG [c.t.c.f.m.F.selectFormReportDevice] BaseJdbcLogger.java:137 - ==>  Preparing: SELECT submit_os as os_name,COUNT(1) as count FROM fm_user_form_data WHERE form_key=? GROUP BY submit_os
2026-04-01 01:27:38,135 [http-nio-8999-exec-1] DEBUG [c.t.c.f.m.F.selectFormReportSituation] BaseJdbcLogger.java:137 - ==>  Preparing: SELECT date_format(create_time, '%Y-%m-%d') as create_time, COUNT(1) AS count FROM fm_user_form_data WHERE create_time >= YEARWEEK(now()) AND form_key = ? GROUP BY date_format(create_time, '%Y-%m-%d')
2026-04-01 01:27:38,133 [http-nio-8999-exec-9] DEBUG [c.t.c.account.mapper.UserTokenMapper.selectList] BaseJdbcLogger.java:137 - ==> Parameters: eyJ0eXAiOiJKV1QiLCJhbGciOiJIUzUxMiJ9.eyJzdWIiOiIxIiwiaWF0IjoxNzc0OTcwNDY1LCJleHAiOjE3NzU1NzUyNjV9.rSa7xztbzxT3Wja0kU1R-YKAw4-vVaXIuy4HwHkkjst6NIJJ9VBqFz7Ylu7eZ6gyc-YdIwPL_wNdicigapwFqw(String)
2026-04-01 01:27:38,135 [http-nio-8999-exec-10] DEBUG [c.t.c.f.m.FormTemplateCategoryMapper.selectList] BaseJdbcLogger.java:137 - ==>  Preparing: SELECT id,name,sort,create_time,update_time FROM fm_form_template_category ORDER BY sort DESC
2026-04-01 01:27:38,135 [http-nio-8999-exec-1] DEBUG [c.t.c.f.m.F.selectFormReportSituation] BaseJdbcLogger.java:137 - ==> Parameters: 4VLobos0(String)
2026-04-01 01:27:38,135 [http-nio-8999-exec-7] DEBUG [c.t.c.form.mapper.UserFormItemMapper.selectList] BaseJdbcLogger.java:137 - ==>  Preparing: SELECT id,form_key,form_item_id,type,label,is_display_type,is_hide_type,is_special_type,show_label,default_value,required,placeholder,sort,span,scheme,reg_list,create_time,update_time FROM fm_user_form_item WHERE (form_key = ?)
2026-04-01 01:27:38,135 [http-nio-8999-exec-8] DEBUG [c.t.c.f.m.F.selectFormReportDevice] BaseJdbcLogger.java:137 - ==> Parameters: 4VLobos0(String)
2026-04-01 01:27:38,136 [http-nio-8999-exec-10] DEBUG [c.t.c.f.m.FormTemplateCategoryMapper.selectList] BaseJdbcLogger.java:137 - ==> Parameters: 
2026-04-01 01:27:38,136 [http-nio-8999-exec-7] DEBUG [c.t.c.form.mapper.UserFormItemMapper.selectList] BaseJdbcLogger.java:137 - ==> Parameters: 4VLobos0(String)
2026-04-01 01:27:38,136 [http-nio-8999-exec-1] DEBUG [c.t.c.f.m.F.selectFormReportSituation] BaseJdbcLogger.java:137 - <==      Total: 0
2026-04-01 01:27:38,136 [http-nio-8999-exec-9] DEBUG [c.t.c.account.mapper.UserTokenMapper.selectList] BaseJdbcLogger.java:137 - <==      Total: 1
2026-04-01 01:27:38,136 [http-nio-8999-exec-10] DEBUG [c.t.c.f.m.FormTemplateCategoryMapper.selectList] BaseJdbcLogger.java:137 - <==      Total: 2
2026-04-01 01:27:38,136 [http-nio-8999-exec-7] DEBUG [c.t.c.form.mapper.UserFormItemMapper.selectList] BaseJdbcLogger.java:137 - <==      Total: 1
2026-04-01 01:27:38,137 [http-nio-8999-exec-8] DEBUG [c.t.c.f.m.F.selectFormReportDevice] BaseJdbcLogger.java:137 - <==      Total: 0
2026-04-01 01:27:38,137 [http-nio-8999-exec-9] DEBUG [c.t.c.f.m.F.selectFormReportSource] BaseJdbcLogger.java:137 - ==>  Preparing: SELECT submit_browser as browser_name,COUNT(1) as count FROM fm_user_form_data WHERE form_key=? GROUP BY submit_browser
2026-04-01 01:27:38,138 [http-nio-8999-exec-9] DEBUG [c.t.c.f.m.F.selectFormReportSource] BaseJdbcLogger.java:137 - ==> Parameters: 4VLobos0(String)
2026-04-01 01:27:38,138 [http-nio-8999-exec-7] DEBUG [c.t.c.form.mapper.UserFormDataMapper.selectList] BaseJdbcLogger.java:137 - ==>  Preparing: SELECT original_data FROM fm_user_form_data WHERE (form_key = ?)
2026-04-01 01:27:38,138 [http-nio-8999-exec-7] DEBUG [c.t.c.form.mapper.UserFormDataMapper.selectList] BaseJdbcLogger.java:137 - ==> Parameters: 4VLobos0(String)
2026-04-01 01:27:38,138 [http-nio-8999-exec-9] DEBUG [c.t.c.f.m.F.selectFormReportSource] BaseJdbcLogger.java:137 - <==      Total: 0
2026-04-01 01:27:38,140 [http-nio-8999-exec-7] DEBUG [c.t.c.form.mapper.UserFormDataMapper.selectList] BaseJdbcLogger.java:137 - <==      Total: 0
2026-04-01 01:27:38,450 [http-nio-8999-exec-4] DEBUG [c.t.c.account.mapper.UserTokenMapper.selectList] BaseJdbcLogger.java:137 - ==>  Preparing: SELECT id,type,user_id,expire_time,token,create_time,update_time FROM ac_user_token WHERE (token = ?)
2026-04-01 01:27:38,451 [http-nio-8999-exec-4] DEBUG [c.t.c.account.mapper.UserTokenMapper.selectList] BaseJdbcLogger.java:137 - ==> Parameters: eyJ0eXAiOiJKV1QiLCJhbGciOiJIUzUxMiJ9.eyJzdWIiOiIxIiwiaWF0IjoxNzc0OTcwNDY1LCJleHAiOjE3NzU1NzUyNjV9.rSa7xztbzxT3Wja0kU1R-YKAw4-vVaXIuy4HwHkkjst6NIJJ9VBqFz7Ylu7eZ6gyc-YdIwPL_wNdicigapwFqw(String)
2026-04-01 01:27:38,452 [http-nio-8999-exec-4] DEBUG [c.t.c.account.mapper.UserTokenMapper.selectList] BaseJdbcLogger.java:137 - <==      Total: 1
2026-04-01 01:27:38,453 [http-nio-8999-exec-4] DEBUG [c.t.c.f.m.F.selectFormReportPosition] BaseJdbcLogger.java:137 - ==>  Preparing: SELECT submit_address,COUNT(1) as count FROM fm_user_form_data WHERE form_key=?GROUP BY submit_address
2026-04-01 01:27:38,453 [http-nio-8999-exec-4] DEBUG [c.t.c.f.m.F.selectFormReportPosition] BaseJdbcLogger.java:137 - ==> Parameters: 4VLobos0(String)
2026-04-01 01:27:38,454 [http-nio-8999-exec-4] DEBUG [c.t.c.f.m.F.selectFormReportPosition] BaseJdbcLogger.java:137 - <==      Total: 0
2026-04-01 01:27:43,212 [http-nio-8999-exec-5] DEBUG [c.t.c.account.mapper.UserTokenMapper.selectList] BaseJdbcLogger.java:137 - ==>  Preparing: SELECT id,type,user_id,expire_time,token,create_time,update_time FROM ac_user_token WHERE (token = ?)
2026-04-01 01:27:43,212 [http-nio-8999-exec-6] DEBUG [c.t.c.account.mapper.UserTokenMapper.selectList] BaseJdbcLogger.java:137 - ==>  Preparing: SELECT id,type,user_id,expire_time,token,create_time,update_time FROM ac_user_token WHERE (token = ?)
2026-04-01 01:27:43,212 [http-nio-8999-exec-3] DEBUG [c.t.c.account.mapper.UserTokenMapper.selectList] BaseJdbcLogger.java:137 - ==>  Preparing: SELECT id,type,user_id,expire_time,token,create_time,update_time FROM ac_user_token WHERE (token = ?)
2026-04-01 01:27:43,212 [http-nio-8999-exec-5] DEBUG [c.t.c.account.mapper.UserTokenMapper.selectList] BaseJdbcLogger.java:137 - ==> Parameters: eyJ0eXAiOiJKV1QiLCJhbGciOiJIUzUxMiJ9.eyJzdWIiOiIxIiwiaWF0IjoxNzc0OTcwNDY1LCJleHAiOjE3NzU1NzUyNjV9.rSa7xztbzxT3Wja0kU1R-YKAw4-vVaXIuy4HwHkkjst6NIJJ9VBqFz7Ylu7eZ6gyc-YdIwPL_wNdicigapwFqw(String)
2026-04-01 01:27:43,212 [http-nio-8999-exec-6] DEBUG [c.t.c.account.mapper.UserTokenMapper.selectList] BaseJdbcLogger.java:137 - ==> Parameters: eyJ0eXAiOiJKV1QiLCJhbGciOiJIUzUxMiJ9.eyJzdWIiOiIxIiwiaWF0IjoxNzc0OTcwNDY1LCJleHAiOjE3NzU1NzUyNjV9.rSa7xztbzxT3Wja0kU1R-YKAw4-vVaXIuy4HwHkkjst6NIJJ9VBqFz7Ylu7eZ6gyc-YdIwPL_wNdicigapwFqw(String)
2026-04-01 01:27:43,212 [http-nio-8999-exec-3] DEBUG [c.t.c.account.mapper.UserTokenMapper.selectList] BaseJdbcLogger.java:137 - ==> Parameters: eyJ0eXAiOiJKV1QiLCJhbGciOiJIUzUxMiJ9.eyJzdWIiOiIxIiwiaWF0IjoxNzc0OTcwNDY1LCJleHAiOjE3NzU1NzUyNjV9.rSa7xztbzxT3Wja0kU1R-YKAw4-vVaXIuy4HwHkkjst6NIJJ9VBqFz7Ylu7eZ6gyc-YdIwPL_wNdicigapwFqw(String)
2026-04-01 01:27:43,213 [http-nio-8999-exec-6] DEBUG [c.t.c.account.mapper.UserTokenMapper.selectList] BaseJdbcLogger.java:137 - <==      Total: 1
2026-04-01 01:27:43,213 [http-nio-8999-exec-5] DEBUG [c.t.c.account.mapper.UserTokenMapper.selectList] BaseJdbcLogger.java:137 - <==      Total: 1
2026-04-01 01:27:43,213 [http-nio-8999-exec-3] DEBUG [c.t.c.account.mapper.UserTokenMapper.selectList] BaseJdbcLogger.java:137 - <==      Total: 1
2026-04-01 01:27:43,214 [http-nio-8999-exec-3] DEBUG [c.t.c.f.m.FormTemplateCategoryMapper.selectList] BaseJdbcLogger.java:137 - ==>  Preparing: SELECT id,name,sort,create_time,update_time FROM fm_form_template_category ORDER BY sort DESC
2026-04-01 01:27:43,215 [http-nio-8999-exec-3] DEBUG [c.t.c.f.m.FormTemplateCategoryMapper.selectList] BaseJdbcLogger.java:137 - ==> Parameters: 
2026-04-01 01:27:43,214 [http-nio-8999-exec-6] DEBUG [c.t.cloud.form.mapper.UserFormMapper.selectList] BaseJdbcLogger.java:137 - ==>  Preparing: SELECT id,form_key,name,description,source_type,source_id,user_id,status,type,is_deleted,is_folder,folder_id,create_time,update_time FROM fm_user_form WHERE (form_key = ?)
2026-04-01 01:27:43,214 [http-nio-8999-exec-5] DEBUG [c.t.c.form.mapper.UserFormItemMapper.selectList] BaseJdbcLogger.java:137 - ==>  Preparing: SELECT id,form_key,form_item_id,type,label,is_display_type,is_hide_type,is_special_type,show_label,default_value,required,placeholder,sort,span,scheme,reg_list,create_time,update_time FROM fm_user_form_item WHERE (form_key = ?)
2026-04-01 01:27:43,215 [http-nio-8999-exec-6] DEBUG [c.t.cloud.form.mapper.UserFormMapper.selectList] BaseJdbcLogger.java:137 - ==> Parameters: 4VLobos0(String)
2026-04-01 01:27:43,215 [http-nio-8999-exec-5] DEBUG [c.t.c.form.mapper.UserFormItemMapper.selectList] BaseJdbcLogger.java:137 - ==> Parameters: 4VLobos0(String)
2026-04-01 01:27:43,215 [http-nio-8999-exec-3] DEBUG [c.t.c.f.m.FormTemplateCategoryMapper.selectList] BaseJdbcLogger.java:137 - <==      Total: 2
2026-04-01 01:27:43,216 [http-nio-8999-exec-6] DEBUG [c.t.cloud.form.mapper.UserFormMapper.selectList] BaseJdbcLogger.java:137 - <==      Total: 1
2026-04-01 01:27:43,216 [http-nio-8999-exec-5] DEBUG [c.t.c.form.mapper.UserFormItemMapper.selectList] BaseJdbcLogger.java:137 - <==      Total: 1
2026-04-01 01:27:43,216 [http-nio-8999-exec-6] DEBUG [c.tduck.cloud.account.mapper.UserMapper.selectById] BaseJdbcLogger.java:137 - ==>  Preparing: SELECT id,name,avatar,gender,phone_number,email,password,reg_channel,last_login_channel,last_login_time,last_login_ip,deleted,password_type,create_time,update_time FROM ac_user WHERE id=?
2026-04-01 01:27:43,217 [http-nio-8999-exec-6] DEBUG [c.tduck.cloud.account.mapper.UserMapper.selectById] BaseJdbcLogger.java:137 - ==> Parameters: 1(Long)
2026-04-01 01:27:43,219 [http-nio-8999-exec-6] DEBUG [c.tduck.cloud.account.mapper.UserMapper.selectById] BaseJdbcLogger.java:137 - <==      Total: 1
2026-04-01 01:27:43,220 [http-nio-8999-exec-6] DEBUG [c.tduck.cloud.account.mapper.UserMapper.selectById] BaseJdbcLogger.java:137 - ==>  Preparing: SELECT id,name,avatar,gender,phone_number,email,password,reg_channel,last_login_channel,last_login_time,last_login_ip,deleted,password_type,create_time,update_time FROM ac_user WHERE id=?
2026-04-01 01:27:43,220 [http-nio-8999-exec-6] DEBUG [c.tduck.cloud.account.mapper.UserMapper.selectById] BaseJdbcLogger.java:137 - ==> Parameters: 1(Long)
2026-04-01 01:27:43,221 [http-nio-8999-exec-6] DEBUG [c.tduck.cloud.account.mapper.UserMapper.selectById] BaseJdbcLogger.java:137 - <==      Total: 1
2026-04-01 01:27:48,460 [http-nio-8999-exec-2] DEBUG [c.t.c.account.mapper.UserTokenMapper.selectList] BaseJdbcLogger.java:137 - ==>  Preparing: SELECT id,type,user_id,expire_time,token,create_time,update_time FROM ac_user_token WHERE (token = ?)
2026-04-01 01:27:48,460 [http-nio-8999-exec-2] DEBUG [c.t.c.account.mapper.UserTokenMapper.selectList] BaseJdbcLogger.java:137 - ==> Parameters: eyJ0eXAiOiJKV1QiLCJhbGciOiJIUzUxMiJ9.eyJzdWIiOiIxIiwiaWF0IjoxNzc0OTcwNDY1LCJleHAiOjE3NzU1NzUyNjV9.rSa7xztbzxT3Wja0kU1R-YKAw4-vVaXIuy4HwHkkjst6NIJJ9VBqFz7Ylu7eZ6gyc-YdIwPL_wNdicigapwFqw(String)
2026-04-01 01:27:48,461 [http-nio-8999-exec-2] DEBUG [c.t.c.account.mapper.UserTokenMapper.selectList] BaseJdbcLogger.java:137 - <==      Total: 1
2026-04-01 01:27:48,467 [http-nio-8999-exec-2] DEBUG [c.t.c.f.mapper.UserFormMapper.selectPage_mpCount] BaseJdbcLogger.java:137 - ==>  Preparing: SELECT COUNT(*) AS total FROM fm_user_form WHERE (user_id = ? AND is_deleted = ? AND folder_id = ?)
2026-04-01 01:27:48,468 [http-nio-8999-exec-2] DEBUG [c.t.c.f.mapper.UserFormMapper.selectPage_mpCount] BaseJdbcLogger.java:137 - ==> Parameters: 1(Long), 0(Integer), 0(Long)
2026-04-01 01:27:48,468 [http-nio-8999-exec-2] DEBUG [c.t.c.f.mapper.UserFormMapper.selectPage_mpCount] BaseJdbcLogger.java:137 - <==      Total: 1
2026-04-01 01:27:48,469 [http-nio-8999-exec-2] DEBUG [c.t.cloud.form.mapper.UserFormMapper.selectPage] BaseJdbcLogger.java:137 - ==>  Preparing: SELECT id,form_key,name,description,source_type,source_id,user_id,status,type,is_deleted,is_folder,folder_id,create_time,update_time FROM fm_user_form WHERE (user_id = ? AND is_deleted = ? AND folder_id = ?) ORDER BY is_folder DESC,create_time DESC LIMIT ?
2026-04-01 01:27:48,470 [http-nio-8999-exec-2] DEBUG [c.t.cloud.form.mapper.UserFormMapper.selectPage] BaseJdbcLogger.java:137 - ==> Parameters: 1(Long), 0(Integer), 0(Long), 12(Long)
2026-04-01 01:27:48,471 [http-nio-8999-exec-2] DEBUG [c.t.cloud.form.mapper.UserFormMapper.selectPage] BaseJdbcLogger.java:137 - <==      Total: 2
2026-04-01 01:27:54,092 [http-nio-8999-exec-8] DEBUG [c.t.c.account.mapper.UserTokenMapper.selectList] BaseJdbcLogger.java:137 - ==>  Preparing: SELECT id,type,user_id,expire_time,token,create_time,update_time FROM ac_user_token WHERE (token = ?)
2026-04-01 01:27:54,093 [http-nio-8999-exec-8] DEBUG [c.t.c.account.mapper.UserTokenMapper.selectList] BaseJdbcLogger.java:137 - ==> Parameters: eyJ0eXAiOiJKV1QiLCJhbGciOiJIUzUxMiJ9.eyJzdWIiOiIxIiwiaWF0IjoxNzc0OTcwNDY1LCJleHAiOjE3NzU1NzUyNjV9.rSa7xztbzxT3Wja0kU1R-YKAw4-vVaXIuy4HwHkkjst6NIJJ9VBqFz7Ylu7eZ6gyc-YdIwPL_wNdicigapwFqw(String)
2026-04-01 01:27:54,094 [http-nio-8999-exec-8] DEBUG [c.t.c.account.mapper.UserTokenMapper.selectList] BaseJdbcLogger.java:137 - <==      Total: 1
2026-04-01 01:27:54,148 [http-nio-8999-exec-8] DEBUG [c.t.c.account.mapper.UserMapper.selectPage_mpCount] BaseJdbcLogger.java:137 - ==>  Preparing: SELECT COUNT(*) AS total FROM ac_user
2026-04-01 01:27:54,148 [http-nio-8999-exec-8] DEBUG [c.t.c.account.mapper.UserMapper.selectPage_mpCount] BaseJdbcLogger.java:137 - ==> Parameters: 
2026-04-01 01:27:54,151 [http-nio-8999-exec-8] DEBUG [c.t.c.account.mapper.UserMapper.selectPage_mpCount] BaseJdbcLogger.java:137 - <==      Total: 1
2026-04-01 01:27:54,151 [http-nio-8999-exec-8] DEBUG [c.tduck.cloud.account.mapper.UserMapper.selectPage] BaseJdbcLogger.java:137 - ==>  Preparing: SELECT id,name,avatar,gender,phone_number,email,password,reg_channel,last_login_channel,last_login_time,last_login_ip,deleted,password_type,create_time,update_time FROM ac_user ORDER BY create_time DESC LIMIT ?
2026-04-01 01:27:54,152 [http-nio-8999-exec-8] DEBUG [c.tduck.cloud.account.mapper.UserMapper.selectPage] BaseJdbcLogger.java:137 - ==> Parameters: 10(Long)
2026-04-01 01:27:54,154 [http-nio-8999-exec-8] DEBUG [c.tduck.cloud.account.mapper.UserMapper.selectPage] BaseJdbcLogger.java:137 - <==      Total: 5
2026-04-01 01:27:56,691 [http-nio-8999-exec-1] DEBUG [c.t.c.account.mapper.UserTokenMapper.selectList] BaseJdbcLogger.java:137 - ==>  Preparing: SELECT id,type,user_id,expire_time,token,create_time,update_time FROM ac_user_token WHERE (token = ?)
2026-04-01 01:27:56,692 [http-nio-8999-exec-1] DEBUG [c.t.c.account.mapper.UserTokenMapper.selectList] BaseJdbcLogger.java:137 - ==> Parameters: eyJ0eXAiOiJKV1QiLCJhbGciOiJIUzUxMiJ9.eyJzdWIiOiIxIiwiaWF0IjoxNzc0OTcwNDY1LCJleHAiOjE3NzU1NzUyNjV9.rSa7xztbzxT3Wja0kU1R-YKAw4-vVaXIuy4HwHkkjst6NIJJ9VBqFz7Ylu7eZ6gyc-YdIwPL_wNdicigapwFqw(String)
2026-04-01 01:27:56,693 [http-nio-8999-exec-1] DEBUG [c.t.c.account.mapper.UserTokenMapper.selectList] BaseJdbcLogger.java:137 - <==      Total: 1
2026-04-01 01:27:56,694 [http-nio-8999-exec-1] DEBUG [c.t.c.e.mapper.SysEnvConfigMapper.selectList] BaseJdbcLogger.java:137 - ==>  Preparing: SELECT id,env_key,env_value,create_time,update_time FROM sys_env_config WHERE (env_key = ?)
2026-04-01 01:27:56,695 [http-nio-8999-exec-1] DEBUG [c.t.c.e.mapper.SysEnvConfigMapper.selectList] BaseJdbcLogger.java:137 - ==> Parameters: systemInfoConfig(String)
2026-04-01 01:27:56,696 [http-nio-8999-exec-1] DEBUG [c.t.c.e.mapper.SysEnvConfigMapper.selectList] BaseJdbcLogger.java:137 - <==      Total: 1
2026-04-01 01:27:58,742 [http-nio-8999-exec-9] DEBUG [c.t.c.account.mapper.UserTokenMapper.selectList] BaseJdbcLogger.java:137 - ==>  Preparing: SELECT id,type,user_id,expire_time,token,create_time,update_time FROM ac_user_token WHERE (token = ?)
2026-04-01 01:27:58,743 [http-nio-8999-exec-9] DEBUG [c.t.c.account.mapper.UserTokenMapper.selectList] BaseJdbcLogger.java:137 - ==> Parameters: eyJ0eXAiOiJKV1QiLCJhbGciOiJIUzUxMiJ9.eyJzdWIiOiIxIiwiaWF0IjoxNzc0OTcwNDY1LCJleHAiOjE3NzU1NzUyNjV9.rSa7xztbzxT3Wja0kU1R-YKAw4-vVaXIuy4HwHkkjst6NIJJ9VBqFz7Ylu7eZ6gyc-YdIwPL_wNdicigapwFqw(String)
2026-04-01 01:27:58,744 [http-nio-8999-exec-9] DEBUG [c.t.c.account.mapper.UserTokenMapper.selectList] BaseJdbcLogger.java:137 - <==      Total: 1
2026-04-01 01:27:58,748 [http-nio-8999-exec-9] DEBUG [c.t.c.account.mapper.UserMapper.selectPage_mpCount] BaseJdbcLogger.java:137 - ==>  Preparing: SELECT COUNT(*) AS total FROM ac_user
2026-04-01 01:27:58,748 [http-nio-8999-exec-9] DEBUG [c.t.c.account.mapper.UserMapper.selectPage_mpCount] BaseJdbcLogger.java:137 - ==> Parameters: 
2026-04-01 01:27:58,755 [http-nio-8999-exec-9] DEBUG [c.t.c.account.mapper.UserMapper.selectPage_mpCount] BaseJdbcLogger.java:137 - <==      Total: 1
2026-04-01 01:27:58,756 [http-nio-8999-exec-9] DEBUG [c.tduck.cloud.account.mapper.UserMapper.selectPage] BaseJdbcLogger.java:137 - ==>  Preparing: SELECT id,name,avatar,gender,phone_number,email,password,reg_channel,last_login_channel,last_login_time,last_login_ip,deleted,password_type,create_time,update_time FROM ac_user ORDER BY create_time DESC LIMIT ?
2026-04-01 01:27:58,756 [http-nio-8999-exec-9] DEBUG [c.tduck.cloud.account.mapper.UserMapper.selectPage] BaseJdbcLogger.java:137 - ==> Parameters: 10(Long)
2026-04-01 01:27:58,758 [http-nio-8999-exec-9] DEBUG [c.tduck.cloud.account.mapper.UserMapper.selectPage] BaseJdbcLogger.java:137 - <==      Total: 5
2026-04-01 01:27:59,555 [http-nio-8999-exec-7] DEBUG [c.t.c.account.mapper.UserTokenMapper.selectList] BaseJdbcLogger.java:137 - ==>  Preparing: SELECT id,type,user_id,expire_time,token,create_time,update_time FROM ac_user_token WHERE (token = ?)
2026-04-01 01:27:59,556 [http-nio-8999-exec-7] DEBUG [c.t.c.account.mapper.UserTokenMapper.selectList] BaseJdbcLogger.java:137 - ==> Parameters: eyJ0eXAiOiJKV1QiLCJhbGciOiJIUzUxMiJ9.eyJzdWIiOiIxIiwiaWF0IjoxNzc0OTcwNDY1LCJleHAiOjE3NzU1NzUyNjV9.rSa7xztbzxT3Wja0kU1R-YKAw4-vVaXIuy4HwHkkjst6NIJJ9VBqFz7Ylu7eZ6gyc-YdIwPL_wNdicigapwFqw(String)
2026-04-01 01:27:59,556 [http-nio-8999-exec-7] DEBUG [c.t.c.account.mapper.UserTokenMapper.selectList] BaseJdbcLogger.java:137 - <==      Total: 1
2026-04-01 01:27:59,559 [http-nio-8999-exec-7] DEBUG [c.t.c.e.mapper.SysEnvConfigMapper.selectList] BaseJdbcLogger.java:137 - ==>  Preparing: SELECT id,env_key,env_value,create_time,update_time FROM sys_env_config WHERE (env_key = ?)
2026-04-01 01:27:59,559 [http-nio-8999-exec-7] DEBUG [c.t.c.e.mapper.SysEnvConfigMapper.selectList] BaseJdbcLogger.java:137 - ==> Parameters: systemInfoConfig(String)
2026-04-01 01:27:59,560 [http-nio-8999-exec-7] DEBUG [c.t.c.e.mapper.SysEnvConfigMapper.selectList] BaseJdbcLogger.java:137 - <==      Total: 1
2026-04-01 01:28:01,535 [http-nio-8999-exec-4] DEBUG [c.t.c.account.mapper.UserTokenMapper.selectList] BaseJdbcLogger.java:137 - ==>  Preparing: SELECT id,type,user_id,expire_time,token,create_time,update_time FROM ac_user_token WHERE (token = ?)
2026-04-01 01:28:01,537 [http-nio-8999-exec-4] DEBUG [c.t.c.account.mapper.UserTokenMapper.selectList] BaseJdbcLogger.java:137 - ==> Parameters: eyJ0eXAiOiJKV1QiLCJhbGciOiJIUzUxMiJ9.eyJzdWIiOiIxIiwiaWF0IjoxNzc0OTcwNDY1LCJleHAiOjE3NzU1NzUyNjV9.rSa7xztbzxT3Wja0kU1R-YKAw4-vVaXIuy4HwHkkjst6NIJJ9VBqFz7Ylu7eZ6gyc-YdIwPL_wNdicigapwFqw(String)
2026-04-01 01:28:01,538 [http-nio-8999-exec-4] DEBUG [c.t.c.account.mapper.UserTokenMapper.selectList] BaseJdbcLogger.java:137 - <==      Total: 1
2026-04-01 01:28:01,539 [http-nio-8999-exec-4] DEBUG [c.t.c.e.mapper.SysEnvConfigMapper.selectList] BaseJdbcLogger.java:137 - ==>  Preparing: SELECT id,env_key,env_value,create_time,update_time FROM sys_env_config WHERE (env_key = ?)
2026-04-01 01:28:01,540 [http-nio-8999-exec-4] DEBUG [c.t.c.e.mapper.SysEnvConfigMapper.selectList] BaseJdbcLogger.java:137 - ==> Parameters: fileEnvConfig(String)
2026-04-01 01:28:01,541 [http-nio-8999-exec-4] DEBUG [c.t.c.e.mapper.SysEnvConfigMapper.selectList] BaseJdbcLogger.java:137 - <==      Total: 1
2026-04-01 01:28:05,226 [http-nio-8999-exec-3] DEBUG [c.t.c.account.mapper.UserTokenMapper.selectList] BaseJdbcLogger.java:137 - ==>  Preparing: SELECT id,type,user_id,expire_time,token,create_time,update_time FROM ac_user_token WHERE (token = ?)
2026-04-01 01:28:05,228 [http-nio-8999-exec-3] DEBUG [c.t.c.account.mapper.UserTokenMapper.selectList] BaseJdbcLogger.java:137 - ==> Parameters: eyJ0eXAiOiJKV1QiLCJhbGciOiJIUzUxMiJ9.eyJzdWIiOiIxIiwiaWF0IjoxNzc0OTcwNDY1LCJleHAiOjE3NzU1NzUyNjV9.rSa7xztbzxT3Wja0kU1R-YKAw4-vVaXIuy4HwHkkjst6NIJJ9VBqFz7Ylu7eZ6gyc-YdIwPL_wNdicigapwFqw(String)
2026-04-01 01:28:05,229 [http-nio-8999-exec-3] DEBUG [c.t.c.account.mapper.UserTokenMapper.selectList] BaseJdbcLogger.java:137 - <==      Total: 1
2026-04-01 01:28:05,229 [http-nio-8999-exec-3] DEBUG [c.t.c.e.mapper.SysEnvConfigMapper.selectList] BaseJdbcLogger.java:137 - ==>  Preparing: SELECT id,env_key,env_value,create_time,update_time FROM sys_env_config WHERE (env_key = ?)
2026-04-01 01:28:05,230 [http-nio-8999-exec-3] DEBUG [c.t.c.e.mapper.SysEnvConfigMapper.selectList] BaseJdbcLogger.java:137 - ==> Parameters: emailEnvConfig(String)
2026-04-01 01:28:05,231 [http-nio-8999-exec-3] DEBUG [c.t.c.e.mapper.SysEnvConfigMapper.selectList] BaseJdbcLogger.java:137 - <==      Total: 0
2026-04-01 01:28:08,886 [http-nio-8999-exec-5] DEBUG [c.t.c.account.mapper.UserTokenMapper.selectList] BaseJdbcLogger.java:137 - ==>  Preparing: SELECT id,type,user_id,expire_time,token,create_time,update_time FROM ac_user_token WHERE (token = ?)
2026-04-01 01:28:08,887 [http-nio-8999-exec-5] DEBUG [c.t.c.account.mapper.UserTokenMapper.selectList] BaseJdbcLogger.java:137 - ==> Parameters: eyJ0eXAiOiJKV1QiLCJhbGciOiJIUzUxMiJ9.eyJzdWIiOiIxIiwiaWF0IjoxNzc0OTcwNDY1LCJleHAiOjE3NzU1NzUyNjV9.rSa7xztbzxT3Wja0kU1R-YKAw4-vVaXIuy4HwHkkjst6NIJJ9VBqFz7Ylu7eZ6gyc-YdIwPL_wNdicigapwFqw(String)
2026-04-01 01:28:08,888 [http-nio-8999-exec-5] DEBUG [c.t.c.account.mapper.UserTokenMapper.selectList] BaseJdbcLogger.java:137 - <==      Total: 1
2026-04-01 01:28:08,890 [http-nio-8999-exec-5] DEBUG [c.t.c.e.mapper.SysEnvConfigMapper.selectList] BaseJdbcLogger.java:137 - ==>  Preparing: SELECT id,env_key,env_value,create_time,update_time FROM sys_env_config WHERE (env_key = ?)
2026-04-01 01:28:08,891 [http-nio-8999-exec-5] DEBUG [c.t.c.e.mapper.SysEnvConfigMapper.selectList] BaseJdbcLogger.java:137 - ==> Parameters: smsEnvConfig(String)
2026-04-01 01:28:08,891 [http-nio-8999-exec-5] DEBUG [c.t.c.e.mapper.SysEnvConfigMapper.selectList] BaseJdbcLogger.java:137 - <==      Total: 0
2026-04-01 01:28:09,972 [http-nio-8999-exec-6] DEBUG [c.t.c.account.mapper.UserTokenMapper.selectList] BaseJdbcLogger.java:137 - ==>  Preparing: SELECT id,type,user_id,expire_time,token,create_time,update_time FROM ac_user_token WHERE (token = ?)
2026-04-01 01:28:09,972 [http-nio-8999-exec-6] DEBUG [c.t.c.account.mapper.UserTokenMapper.selectList] BaseJdbcLogger.java:137 - ==> Parameters: eyJ0eXAiOiJKV1QiLCJhbGciOiJIUzUxMiJ9.eyJzdWIiOiIxIiwiaWF0IjoxNzc0OTcwNDY1LCJleHAiOjE3NzU1NzUyNjV9.rSa7xztbzxT3Wja0kU1R-YKAw4-vVaXIuy4HwHkkjst6NIJJ9VBqFz7Ylu7eZ6gyc-YdIwPL_wNdicigapwFqw(String)
2026-04-01 01:28:09,973 [http-nio-8999-exec-6] DEBUG [c.t.c.account.mapper.UserTokenMapper.selectList] BaseJdbcLogger.java:137 - <==      Total: 1
2026-04-01 01:28:09,975 [http-nio-8999-exec-6] DEBUG [c.t.c.e.mapper.SysEnvConfigMapper.selectList] BaseJdbcLogger.java:137 - ==>  Preparing: SELECT id,env_key,env_value,create_time,update_time FROM sys_env_config WHERE (env_key = ?)
2026-04-01 01:28:09,975 [http-nio-8999-exec-6] DEBUG [c.t.c.e.mapper.SysEnvConfigMapper.selectList] BaseJdbcLogger.java:137 - ==> Parameters: wxMpEnvConfig(String)
2026-04-01 01:28:09,976 [http-nio-8999-exec-6] DEBUG [c.t.c.e.mapper.SysEnvConfigMapper.selectList] BaseJdbcLogger.java:137 - <==      Total: 0
2026-04-01 01:28:11,820 [http-nio-8999-exec-2] DEBUG [c.t.c.account.mapper.UserTokenMapper.selectList] BaseJdbcLogger.java:137 - ==>  Preparing: SELECT id,type,user_id,expire_time,token,create_time,update_time FROM ac_user_token WHERE (token = ?)
2026-04-01 01:28:11,820 [http-nio-8999-exec-2] DEBUG [c.t.c.account.mapper.UserTokenMapper.selectList] BaseJdbcLogger.java:137 - ==> Parameters: eyJ0eXAiOiJKV1QiLCJhbGciOiJIUzUxMiJ9.eyJzdWIiOiIxIiwiaWF0IjoxNzc0OTcwNDY1LCJleHAiOjE3NzU1NzUyNjV9.rSa7xztbzxT3Wja0kU1R-YKAw4-vVaXIuy4HwHkkjst6NIJJ9VBqFz7Ylu7eZ6gyc-YdIwPL_wNdicigapwFqw(String)
2026-04-01 01:28:11,822 [http-nio-8999-exec-2] DEBUG [c.t.c.account.mapper.UserTokenMapper.selectList] BaseJdbcLogger.java:137 - <==      Total: 1
2026-04-01 01:28:11,836 [http-nio-8999-exec-2] DEBUG [c.t.c.f.m.F.selectPage_mpCount] BaseJdbcLogger.java:137 - ==>  Preparing: SELECT COUNT(*) AS total FROM fm_form_template_category
2026-04-01 01:28:11,836 [http-nio-8999-exec-2] DEBUG [c.t.c.f.m.F.selectPage_mpCount] BaseJdbcLogger.java:137 - ==> Parameters: 
2026-04-01 01:28:11,838 [http-nio-8999-exec-2] DEBUG [c.t.c.f.m.F.selectPage_mpCount] BaseJdbcLogger.java:137 - <==      Total: 1
2026-04-01 01:28:11,839 [http-nio-8999-exec-2] DEBUG [c.t.c.f.m.FormTemplateCategoryMapper.selectPage] BaseJdbcLogger.java:137 - ==>  Preparing: SELECT id,name,sort,create_time,update_time FROM fm_form_template_category LIMIT ?
2026-04-01 01:28:11,839 [http-nio-8999-exec-2] DEBUG [c.t.c.f.m.FormTemplateCategoryMapper.selectPage] BaseJdbcLogger.java:137 - ==> Parameters: 10(Long)
2026-04-01 01:28:11,841 [http-nio-8999-exec-2] DEBUG [c.t.c.f.m.FormTemplateCategoryMapper.selectPage] BaseJdbcLogger.java:137 - <==      Total: 2
2026-04-01 01:28:13,881 [http-nio-8999-exec-10] DEBUG [c.t.c.account.mapper.UserTokenMapper.selectList] BaseJdbcLogger.java:137 - ==>  Preparing: SELECT id,type,user_id,expire_time,token,create_time,update_time FROM ac_user_token WHERE (token = ?)
2026-04-01 01:28:13,882 [http-nio-8999-exec-10] DEBUG [c.t.c.account.mapper.UserTokenMapper.selectList] BaseJdbcLogger.java:137 - ==> Parameters: eyJ0eXAiOiJKV1QiLCJhbGciOiJIUzUxMiJ9.eyJzdWIiOiIxIiwiaWF0IjoxNzc0OTcwNDY1LCJleHAiOjE3NzU1NzUyNjV9.rSa7xztbzxT3Wja0kU1R-YKAw4-vVaXIuy4HwHkkjst6NIJJ9VBqFz7Ylu7eZ6gyc-YdIwPL_wNdicigapwFqw(String)
2026-04-01 01:28:13,882 [http-nio-8999-exec-10] DEBUG [c.t.c.account.mapper.UserTokenMapper.selectList] BaseJdbcLogger.java:137 - <==      Total: 1
2026-04-01 01:28:13,885 [http-nio-8999-exec-10] DEBUG [c.t.c.e.mapper.SysEnvConfigMapper.selectList] BaseJdbcLogger.java:137 - ==>  Preparing: SELECT id,env_key,env_value,create_time,update_time FROM sys_env_config WHERE (env_key = ?)
2026-04-01 01:28:13,885 [http-nio-8999-exec-10] DEBUG [c.t.c.e.mapper.SysEnvConfigMapper.selectList] BaseJdbcLogger.java:137 - ==> Parameters: systemInfoConfig(String)
2026-04-01 01:28:13,886 [http-nio-8999-exec-10] DEBUG [c.t.c.e.mapper.SysEnvConfigMapper.selectList] BaseJdbcLogger.java:137 - <==      Total: 1
2026-04-01 01:28:15,781 [http-nio-8999-exec-8] DEBUG [c.t.c.account.mapper.UserTokenMapper.selectList] BaseJdbcLogger.java:137 - ==>  Preparing: SELECT id,type,user_id,expire_time,token,create_time,update_time FROM ac_user_token WHERE (token = ?)
2026-04-01 01:28:15,781 [http-nio-8999-exec-8] DEBUG [c.t.c.account.mapper.UserTokenMapper.selectList] BaseJdbcLogger.java:137 - ==> Parameters: eyJ0eXAiOiJKV1QiLCJhbGciOiJIUzUxMiJ9.eyJzdWIiOiIxIiwiaWF0IjoxNzc0OTcwNDY1LCJleHAiOjE3NzU1NzUyNjV9.rSa7xztbzxT3Wja0kU1R-YKAw4-vVaXIuy4HwHkkjst6NIJJ9VBqFz7Ylu7eZ6gyc-YdIwPL_wNdicigapwFqw(String)
2026-04-01 01:28:15,782 [http-nio-8999-exec-8] DEBUG [c.t.c.account.mapper.UserTokenMapper.selectList] BaseJdbcLogger.java:137 - <==      Total: 1
2026-04-01 01:28:15,784 [http-nio-8999-exec-8] DEBUG [c.t.c.f.m.F.selectPage_mpCount] BaseJdbcLogger.java:137 - ==>  Preparing: SELECT COUNT(*) AS total FROM fm_form_template_category
2026-04-01 01:28:15,786 [http-nio-8999-exec-8] DEBUG [c.t.c.f.m.F.selectPage_mpCount] BaseJdbcLogger.java:137 - ==> Parameters: 
2026-04-01 01:28:15,788 [http-nio-8999-exec-8] DEBUG [c.t.c.f.m.F.selectPage_mpCount] BaseJdbcLogger.java:137 - <==      Total: 1
2026-04-01 01:28:15,789 [http-nio-8999-exec-8] DEBUG [c.t.c.f.m.FormTemplateCategoryMapper.selectPage] BaseJdbcLogger.java:137 - ==>  Preparing: SELECT id,name,sort,create_time,update_time FROM fm_form_template_category LIMIT ?
2026-04-01 01:28:15,790 [http-nio-8999-exec-8] DEBUG [c.t.c.f.m.FormTemplateCategoryMapper.selectPage] BaseJdbcLogger.java:137 - ==> Parameters: 10(Long)
2026-04-01 01:28:15,790 [http-nio-8999-exec-8] DEBUG [c.t.c.f.m.FormTemplateCategoryMapper.selectPage] BaseJdbcLogger.java:137 - <==      Total: 2
2026-04-01 01:28:19,754 [http-nio-8999-exec-1] DEBUG [c.t.c.account.mapper.UserTokenMapper.selectList] BaseJdbcLogger.java:137 - ==>  Preparing: SELECT id,type,user_id,expire_time,token,create_time,update_time FROM ac_user_token WHERE (token = ?)
2026-04-01 01:28:19,755 [http-nio-8999-exec-1] DEBUG [c.t.c.account.mapper.UserTokenMapper.selectList] BaseJdbcLogger.java:137 - ==> Parameters: eyJ0eXAiOiJKV1QiLCJhbGciOiJIUzUxMiJ9.eyJzdWIiOiIxIiwiaWF0IjoxNzc0OTcwNDY1LCJleHAiOjE3NzU1NzUyNjV9.rSa7xztbzxT3Wja0kU1R-YKAw4-vVaXIuy4HwHkkjst6NIJJ9VBqFz7Ylu7eZ6gyc-YdIwPL_wNdicigapwFqw(String)
2026-04-01 01:28:19,757 [http-nio-8999-exec-1] DEBUG [c.t.c.account.mapper.UserTokenMapper.selectList] BaseJdbcLogger.java:137 - <==      Total: 1
2026-04-01 01:28:19,758 [http-nio-8999-exec-1] DEBUG [c.t.c.f.m.FormTemplateCategoryMapper.selectById] BaseJdbcLogger.java:137 - ==>  Preparing: SELECT id,name,sort,create_time,update_time FROM fm_form_template_category WHERE id=?
2026-04-01 01:28:19,758 [http-nio-8999-exec-1] DEBUG [c.t.c.f.m.FormTemplateCategoryMapper.selectById] BaseJdbcLogger.java:137 - ==> Parameters: 53(Long)
2026-04-01 01:28:19,758 [http-nio-8999-exec-1] DEBUG [c.t.c.f.m.FormTemplateCategoryMapper.selectById] BaseJdbcLogger.java:137 - <==      Total: 1
2026-04-01 01:28:33,035 [http-nio-8999-exec-9] DEBUG [c.t.c.account.mapper.UserTokenMapper.selectList] BaseJdbcLogger.java:137 - ==>  Preparing: SELECT id,type,user_id,expire_time,token,create_time,update_time FROM ac_user_token WHERE (token = ?)
2026-04-01 01:28:33,036 [http-nio-8999-exec-9] DEBUG [c.t.c.account.mapper.UserTokenMapper.selectList] BaseJdbcLogger.java:137 - ==> Parameters: eyJ0eXAiOiJKV1QiLCJhbGciOiJIUzUxMiJ9.eyJzdWIiOiIxIiwiaWF0IjoxNzc0OTcwNDY1LCJleHAiOjE3NzU1NzUyNjV9.rSa7xztbzxT3Wja0kU1R-YKAw4-vVaXIuy4HwHkkjst6NIJJ9VBqFz7Ylu7eZ6gyc-YdIwPL_wNdicigapwFqw(String)
2026-04-01 01:28:33,038 [http-nio-8999-exec-9] DEBUG [c.t.c.account.mapper.UserTokenMapper.selectList] BaseJdbcLogger.java:137 - <==      Total: 1
2026-04-01 01:28:33,041 [http-nio-8999-exec-9] DEBUG [c.t.c.f.m.FormTemplateCategoryMapper.updateById] BaseJdbcLogger.java:137 - ==>  Preparing: UPDATE fm_form_template_category SET name=?, sort=?, create_time=?, update_time=? WHERE id=?
2026-04-01 01:28:33,041 [http-nio-8999-exec-9] DEBUG [c.t.c.f.m.FormTemplateCategoryMapper.updateById] BaseJdbcLogger.java:137 - ==> Parameters: 模板一(String), 2(Integer), 2025-04-07T05:00:14(LocalDateTime), 2026-04-01T01:28:33.041(LocalDateTime), 53(Long)
2026-04-01 01:28:33,046 [http-nio-8999-exec-9] DEBUG [c.t.c.f.m.FormTemplateCategoryMapper.updateById] BaseJdbcLogger.java:137 - <==    Updates: 1
2026-04-01 01:28:33,281 [http-nio-8999-exec-7] DEBUG [c.t.c.account.mapper.UserTokenMapper.selectList] BaseJdbcLogger.java:137 - ==>  Preparing: SELECT id,type,user_id,expire_time,token,create_time,update_time FROM ac_user_token WHERE (token = ?)
2026-04-01 01:28:33,282 [http-nio-8999-exec-7] DEBUG [c.t.c.account.mapper.UserTokenMapper.selectList] BaseJdbcLogger.java:137 - ==> Parameters: eyJ0eXAiOiJKV1QiLCJhbGciOiJIUzUxMiJ9.eyJzdWIiOiIxIiwiaWF0IjoxNzc0OTcwNDY1LCJleHAiOjE3NzU1NzUyNjV9.rSa7xztbzxT3Wja0kU1R-YKAw4-vVaXIuy4HwHkkjst6NIJJ9VBqFz7Ylu7eZ6gyc-YdIwPL_wNdicigapwFqw(String)
2026-04-01 01:28:33,282 [http-nio-8999-exec-7] DEBUG [c.t.c.account.mapper.UserTokenMapper.selectList] BaseJdbcLogger.java:137 - <==      Total: 1
2026-04-01 01:28:33,284 [http-nio-8999-exec-7] DEBUG [c.t.c.f.m.F.selectPage_mpCount] BaseJdbcLogger.java:137 - ==>  Preparing: SELECT COUNT(*) AS total FROM fm_form_template_category
2026-04-01 01:28:33,284 [http-nio-8999-exec-7] DEBUG [c.t.c.f.m.F.selectPage_mpCount] BaseJdbcLogger.java:137 - ==> Parameters: 
2026-04-01 01:28:33,286 [http-nio-8999-exec-7] DEBUG [c.t.c.f.m.F.selectPage_mpCount] BaseJdbcLogger.java:137 - <==      Total: 1
2026-04-01 01:28:33,288 [http-nio-8999-exec-7] DEBUG [c.t.c.f.m.FormTemplateCategoryMapper.selectPage] BaseJdbcLogger.java:137 - ==>  Preparing: SELECT id,name,sort,create_time,update_time FROM fm_form_template_category LIMIT ?
2026-04-01 01:28:33,288 [http-nio-8999-exec-7] DEBUG [c.t.c.f.m.FormTemplateCategoryMapper.selectPage] BaseJdbcLogger.java:137 - ==> Parameters: 10(Long)
2026-04-01 01:28:33,290 [http-nio-8999-exec-7] DEBUG [c.t.c.f.m.FormTemplateCategoryMapper.selectPage] BaseJdbcLogger.java:137 - <==      Total: 2
2026-04-01 01:28:35,720 [http-nio-8999-exec-4] DEBUG [c.t.c.account.mapper.UserTokenMapper.selectList] BaseJdbcLogger.java:137 - ==>  Preparing: SELECT id,type,user_id,expire_time,token,create_time,update_time FROM ac_user_token WHERE (token = ?)
2026-04-01 01:28:35,720 [http-nio-8999-exec-4] DEBUG [c.t.c.account.mapper.UserTokenMapper.selectList] BaseJdbcLogger.java:137 - ==> Parameters: eyJ0eXAiOiJKV1QiLCJhbGciOiJIUzUxMiJ9.eyJzdWIiOiIxIiwiaWF0IjoxNzc0OTcwNDY1LCJleHAiOjE3NzU1NzUyNjV9.rSa7xztbzxT3Wja0kU1R-YKAw4-vVaXIuy4HwHkkjst6NIJJ9VBqFz7Ylu7eZ6gyc-YdIwPL_wNdicigapwFqw(String)
2026-04-01 01:28:35,721 [http-nio-8999-exec-4] DEBUG [c.t.c.account.mapper.UserTokenMapper.selectList] BaseJdbcLogger.java:137 - <==      Total: 1
2026-04-01 01:28:35,722 [http-nio-8999-exec-4] DEBUG [c.t.c.f.m.FormTemplateCategoryMapper.selectById] BaseJdbcLogger.java:137 - ==>  Preparing: SELECT id,name,sort,create_time,update_time FROM fm_form_template_category WHERE id=?
2026-04-01 01:28:35,722 [http-nio-8999-exec-4] DEBUG [c.t.c.f.m.FormTemplateCategoryMapper.selectById] BaseJdbcLogger.java:137 - ==> Parameters: 54(Long)
2026-04-01 01:28:35,723 [http-nio-8999-exec-4] DEBUG [c.t.c.f.m.FormTemplateCategoryMapper.selectById] BaseJdbcLogger.java:137 - <==      Total: 1
2026-04-01 01:28:40,745 [http-nio-8999-exec-3] DEBUG [c.t.c.account.mapper.UserTokenMapper.selectList] BaseJdbcLogger.java:137 - ==>  Preparing: SELECT id,type,user_id,expire_time,token,create_time,update_time FROM ac_user_token WHERE (token = ?)
2026-04-01 01:28:40,747 [http-nio-8999-exec-3] DEBUG [c.t.c.account.mapper.UserTokenMapper.selectList] BaseJdbcLogger.java:137 - ==> Parameters: eyJ0eXAiOiJKV1QiLCJhbGciOiJIUzUxMiJ9.eyJzdWIiOiIxIiwiaWF0IjoxNzc0OTcwNDY1LCJleHAiOjE3NzU1NzUyNjV9.rSa7xztbzxT3Wja0kU1R-YKAw4-vVaXIuy4HwHkkjst6NIJJ9VBqFz7Ylu7eZ6gyc-YdIwPL_wNdicigapwFqw(String)
2026-04-01 01:28:40,748 [http-nio-8999-exec-3] DEBUG [c.t.c.account.mapper.UserTokenMapper.selectList] BaseJdbcLogger.java:137 - <==      Total: 1
2026-04-01 01:28:40,749 [http-nio-8999-exec-3] DEBUG [c.t.c.f.m.FormTemplateCategoryMapper.updateById] BaseJdbcLogger.java:137 - ==>  Preparing: UPDATE fm_form_template_category SET name=?, sort=?, create_time=?, update_time=? WHERE id=?
2026-04-01 01:28:40,750 [http-nio-8999-exec-3] DEBUG [c.t.c.f.m.FormTemplateCategoryMapper.updateById] BaseJdbcLogger.java:137 - ==> Parameters: 模板2(String), 0(Integer), 2025-04-07T21:07:15(LocalDateTime), 2026-04-01T01:28:40.749(LocalDateTime), 54(Long)
2026-04-01 01:28:40,753 [http-nio-8999-exec-3] DEBUG [c.t.c.f.m.FormTemplateCategoryMapper.updateById] BaseJdbcLogger.java:137 - <==    Updates: 1
2026-04-01 01:28:40,984 [http-nio-8999-exec-5] DEBUG [c.t.c.account.mapper.UserTokenMapper.selectList] BaseJdbcLogger.java:137 - ==>  Preparing: SELECT id,type,user_id,expire_time,token,create_time,update_time FROM ac_user_token WHERE (token = ?)
2026-04-01 01:28:40,985 [http-nio-8999-exec-5] DEBUG [c.t.c.account.mapper.UserTokenMapper.selectList] BaseJdbcLogger.java:137 - ==> Parameters: eyJ0eXAiOiJKV1QiLCJhbGciOiJIUzUxMiJ9.eyJzdWIiOiIxIiwiaWF0IjoxNzc0OTcwNDY1LCJleHAiOjE3NzU1NzUyNjV9.rSa7xztbzxT3Wja0kU1R-YKAw4-vVaXIuy4HwHkkjst6NIJJ9VBqFz7Ylu7eZ6gyc-YdIwPL_wNdicigapwFqw(String)
2026-04-01 01:28:40,986 [http-nio-8999-exec-5] DEBUG [c.t.c.account.mapper.UserTokenMapper.selectList] BaseJdbcLogger.java:137 - <==      Total: 1
2026-04-01 01:28:40,989 [http-nio-8999-exec-5] DEBUG [c.t.c.f.m.F.selectPage_mpCount] BaseJdbcLogger.java:137 - ==>  Preparing: SELECT COUNT(*) AS total FROM fm_form_template_category
2026-04-01 01:28:40,990 [http-nio-8999-exec-5] DEBUG [c.t.c.f.m.F.selectPage_mpCount] BaseJdbcLogger.java:137 - ==> Parameters: 
2026-04-01 01:28:40,991 [http-nio-8999-exec-5] DEBUG [c.t.c.f.m.F.selectPage_mpCount] BaseJdbcLogger.java:137 - <==      Total: 1
2026-04-01 01:28:40,992 [http-nio-8999-exec-5] DEBUG [c.t.c.f.m.FormTemplateCategoryMapper.selectPage] BaseJdbcLogger.java:137 - ==>  Preparing: SELECT id,name,sort,create_time,update_time FROM fm_form_template_category LIMIT ?
2026-04-01 01:28:40,992 [http-nio-8999-exec-5] DEBUG [c.t.c.f.m.FormTemplateCategoryMapper.selectPage] BaseJdbcLogger.java:137 - ==> Parameters: 10(Long)
2026-04-01 01:28:40,993 [http-nio-8999-exec-5] DEBUG [c.t.c.f.m.FormTemplateCategoryMapper.selectPage] BaseJdbcLogger.java:137 - <==      Total: 2
2026-04-01 01:28:42,694 [http-nio-8999-exec-6] DEBUG [c.t.c.account.mapper.UserTokenMapper.selectList] BaseJdbcLogger.java:137 - ==>  Preparing: SELECT id,type,user_id,expire_time,token,create_time,update_time FROM ac_user_token WHERE (token = ?)
2026-04-01 01:28:42,695 [http-nio-8999-exec-6] DEBUG [c.t.c.account.mapper.UserTokenMapper.selectList] BaseJdbcLogger.java:137 - ==> Parameters: eyJ0eXAiOiJKV1QiLCJhbGciOiJIUzUxMiJ9.eyJzdWIiOiIxIiwiaWF0IjoxNzc0OTcwNDY1LCJleHAiOjE3NzU1NzUyNjV9.rSa7xztbzxT3Wja0kU1R-YKAw4-vVaXIuy4HwHkkjst6NIJJ9VBqFz7Ylu7eZ6gyc-YdIwPL_wNdicigapwFqw(String)
2026-04-01 01:28:42,697 [http-nio-8999-exec-6] DEBUG [c.t.c.account.mapper.UserTokenMapper.selectList] BaseJdbcLogger.java:137 - <==      Total: 1
2026-04-01 01:28:42,700 [http-nio-8999-exec-6] DEBUG [c.t.c.f.mapper.UserFormMapper.selectPage_mpCount] BaseJdbcLogger.java:137 - ==>  Preparing: SELECT COUNT(*) AS total FROM fm_user_form WHERE (user_id = ? AND is_deleted = ? AND folder_id = ?)
2026-04-01 01:28:42,701 [http-nio-8999-exec-6] DEBUG [c.t.c.f.mapper.UserFormMapper.selectPage_mpCount] BaseJdbcLogger.java:137 - ==> Parameters: 1(Long), 0(Integer), 0(Long)
2026-04-01 01:28:42,702 [http-nio-8999-exec-6] DEBUG [c.t.c.f.mapper.UserFormMapper.selectPage_mpCount] BaseJdbcLogger.java:137 - <==      Total: 1
2026-04-01 01:28:42,703 [http-nio-8999-exec-6] DEBUG [c.t.cloud.form.mapper.UserFormMapper.selectPage] BaseJdbcLogger.java:137 - ==>  Preparing: SELECT id,form_key,name,description,source_type,source_id,user_id,status,type,is_deleted,is_folder,folder_id,create_time,update_time FROM fm_user_form WHERE (user_id = ? AND is_deleted = ? AND folder_id = ?) ORDER BY is_folder DESC,create_time DESC LIMIT ?
2026-04-01 01:28:42,704 [http-nio-8999-exec-6] DEBUG [c.t.cloud.form.mapper.UserFormMapper.selectPage] BaseJdbcLogger.java:137 - ==> Parameters: 1(Long), 0(Integer), 0(Long), 12(Long)
2026-04-01 01:28:42,706 [http-nio-8999-exec-6] DEBUG [c.t.cloud.form.mapper.UserFormMapper.selectPage] BaseJdbcLogger.java:137 - <==      Total: 2
2026-04-01 01:28:46,100 [http-nio-8999-exec-10] DEBUG [c.t.c.f.mapper.UserFormMapper.selectPage_mpCount] BaseJdbcLogger.java:137 - ==>  Preparing: SELECT COUNT(*) AS total FROM fm_user_form WHERE (status = ? AND is_deleted = ?)
2026-04-01 01:28:46,101 [http-nio-8999-exec-10] DEBUG [c.t.c.f.mapper.UserFormMapper.selectPage_mpCount] BaseJdbcLogger.java:137 - ==> Parameters: 2(Integer), 0(Integer)
2026-04-01 01:28:46,102 [http-nio-8999-exec-10] DEBUG [c.t.c.f.mapper.UserFormMapper.selectPage_mpCount] BaseJdbcLogger.java:137 - <==      Total: 1
2026-04-01 01:28:46,103 [http-nio-8999-exec-10] DEBUG [c.t.cloud.form.mapper.UserFormMapper.selectPage] BaseJdbcLogger.java:137 - ==>  Preparing: SELECT id,form_key,name,description,source_type,source_id,user_id,status,type,is_deleted,is_folder,folder_id,create_time,update_time FROM fm_user_form WHERE (status = ? AND is_deleted = ?) ORDER BY create_time DESC LIMIT ?
2026-04-01 01:28:46,103 [http-nio-8999-exec-10] DEBUG [c.t.cloud.form.mapper.UserFormMapper.selectPage] BaseJdbcLogger.java:137 - ==> Parameters: 2(Integer), 0(Integer), 12(Long)
2026-04-01 01:28:46,104 [http-nio-8999-exec-10] DEBUG [c.t.cloud.form.mapper.UserFormMapper.selectPage] BaseJdbcLogger.java:137 - <==      Total: 3
2026-04-01 01:28:46,106 [http-nio-8999-exec-10] DEBUG [c.tduck.cloud.account.mapper.UserMapper.selectById] BaseJdbcLogger.java:137 - ==>  Preparing: SELECT id,name,avatar,gender,phone_number,email,password,reg_channel,last_login_channel,last_login_time,last_login_ip,deleted,password_type,create_time,update_time FROM ac_user WHERE id=?
2026-04-01 01:28:46,106 [http-nio-8999-exec-10] DEBUG [c.tduck.cloud.account.mapper.UserMapper.selectById] BaseJdbcLogger.java:137 - ==> Parameters: 1(Long)
2026-04-01 01:28:46,108 [http-nio-8999-exec-10] DEBUG [c.tduck.cloud.account.mapper.UserMapper.selectById] BaseJdbcLogger.java:137 - <==      Total: 1
2026-04-01 01:28:46,108 [http-nio-8999-exec-10] DEBUG [c.tduck.cloud.account.mapper.UserMapper.selectById] BaseJdbcLogger.java:137 - ==>  Preparing: SELECT id,name,avatar,gender,phone_number,email,password,reg_channel,last_login_channel,last_login_time,last_login_ip,deleted,password_type,create_time,update_time FROM ac_user WHERE id=?
2026-04-01 01:28:46,109 [http-nio-8999-exec-10] DEBUG [c.tduck.cloud.account.mapper.UserMapper.selectById] BaseJdbcLogger.java:137 - ==> Parameters: 1(Long)
2026-04-01 01:28:46,109 [http-nio-8999-exec-10] DEBUG [c.tduck.cloud.account.mapper.UserMapper.selectById] BaseJdbcLogger.java:137 - <==      Total: 1
2026-04-01 01:28:46,110 [http-nio-8999-exec-10] DEBUG [c.tduck.cloud.account.mapper.UserMapper.selectById] BaseJdbcLogger.java:137 - ==>  Preparing: SELECT id,name,avatar,gender,phone_number,email,password,reg_channel,last_login_channel,last_login_time,last_login_ip,deleted,password_type,create_time,update_time FROM ac_user WHERE id=?
2026-04-01 01:28:46,110 [http-nio-8999-exec-10] DEBUG [c.tduck.cloud.account.mapper.UserMapper.selectById] BaseJdbcLogger.java:137 - ==> Parameters: 1(Long)
2026-04-01 01:28:46,111 [http-nio-8999-exec-10] DEBUG [c.tduck.cloud.account.mapper.UserMapper.selectById] BaseJdbcLogger.java:137 - <==      Total: 1
2026-04-01 01:28:46,111 [http-nio-8999-exec-10] DEBUG [c.tduck.cloud.account.mapper.UserMapper.selectById] BaseJdbcLogger.java:137 - ==>  Preparing: SELECT id,name,avatar,gender,phone_number,email,password,reg_channel,last_login_channel,last_login_time,last_login_ip,deleted,password_type,create_time,update_time FROM ac_user WHERE id=?
2026-04-01 01:28:46,111 [http-nio-8999-exec-10] DEBUG [c.tduck.cloud.account.mapper.UserMapper.selectById] BaseJdbcLogger.java:137 - ==> Parameters: 1(Long)
2026-04-01 01:28:46,112 [http-nio-8999-exec-10] DEBUG [c.tduck.cloud.account.mapper.UserMapper.selectById] BaseJdbcLogger.java:137 - <==      Total: 1
2026-04-01 01:28:46,112 [http-nio-8999-exec-10] DEBUG [c.tduck.cloud.account.mapper.UserMapper.selectById] BaseJdbcLogger.java:137 - ==>  Preparing: SELECT id,name,avatar,gender,phone_number,email,password,reg_channel,last_login_channel,last_login_time,last_login_ip,deleted,password_type,create_time,update_time FROM ac_user WHERE id=?
2026-04-01 01:28:46,113 [http-nio-8999-exec-10] DEBUG [c.tduck.cloud.account.mapper.UserMapper.selectById] BaseJdbcLogger.java:137 - ==> Parameters: 15675(Long)
2026-04-01 01:28:46,113 [http-nio-8999-exec-10] DEBUG [c.tduck.cloud.account.mapper.UserMapper.selectById] BaseJdbcLogger.java:137 - <==      Total: 1
2026-04-01 01:28:46,114 [http-nio-8999-exec-10] DEBUG [c.tduck.cloud.account.mapper.UserMapper.selectById] BaseJdbcLogger.java:137 - ==>  Preparing: SELECT id,name,avatar,gender,phone_number,email,password,reg_channel,last_login_channel,last_login_time,last_login_ip,deleted,password_type,create_time,update_time FROM ac_user WHERE id=?
2026-04-01 01:28:46,114 [http-nio-8999-exec-10] DEBUG [c.tduck.cloud.account.mapper.UserMapper.selectById] BaseJdbcLogger.java:137 - ==> Parameters: 15675(Long)
2026-04-01 01:28:46,114 [http-nio-8999-exec-10] DEBUG [c.tduck.cloud.account.mapper.UserMapper.selectById] BaseJdbcLogger.java:137 - <==      Total: 1
2026-04-01 01:28:48,124 [http-nio-8999-exec-1] DEBUG [c.t.c.account.mapper.UserTokenMapper.selectList] BaseJdbcLogger.java:137 - ==>  Preparing: SELECT id,type,user_id,expire_time,token,create_time,update_time FROM ac_user_token WHERE (token = ?)
2026-04-01 01:28:48,124 [http-nio-8999-exec-1] DEBUG [c.t.c.account.mapper.UserTokenMapper.selectList] BaseJdbcLogger.java:137 - ==> Parameters: eyJ0eXAiOiJKV1QiLCJhbGciOiJIUzUxMiJ9.eyJzdWIiOiIxIiwiaWF0IjoxNzc0OTcwNDY1LCJleHAiOjE3NzU1NzUyNjV9.rSa7xztbzxT3Wja0kU1R-YKAw4-vVaXIuy4HwHkkjst6NIJJ9VBqFz7Ylu7eZ6gyc-YdIwPL_wNdicigapwFqw(String)
2026-04-01 01:28:48,126 [http-nio-8999-exec-1] DEBUG [c.t.c.account.mapper.UserTokenMapper.selectList] BaseJdbcLogger.java:137 - <==      Total: 1
2026-04-01 01:28:48,127 [http-nio-8999-exec-1] DEBUG [c.t.c.f.m.FormTemplateCategoryMapper.selectList] BaseJdbcLogger.java:137 - ==>  Preparing: SELECT id,name,sort,create_time,update_time FROM fm_form_template_category ORDER BY sort DESC
2026-04-01 01:28:48,128 [http-nio-8999-exec-1] DEBUG [c.t.c.f.m.FormTemplateCategoryMapper.selectList] BaseJdbcLogger.java:137 - ==> Parameters: 
2026-04-01 01:28:48,128 [http-nio-8999-exec-1] DEBUG [c.t.c.f.m.FormTemplateCategoryMapper.selectList] BaseJdbcLogger.java:137 - <==      Total: 2
2026-04-01 01:28:48,431 [http-nio-8999-exec-9] DEBUG [c.t.c.account.mapper.UserTokenMapper.selectList] BaseJdbcLogger.java:137 - ==>  Preparing: SELECT id,type,user_id,expire_time,token,create_time,update_time FROM ac_user_token WHERE (token = ?)
2026-04-01 01:28:48,431 [http-nio-8999-exec-9] DEBUG [c.t.c.account.mapper.UserTokenMapper.selectList] BaseJdbcLogger.java:137 - ==> Parameters: eyJ0eXAiOiJKV1QiLCJhbGciOiJIUzUxMiJ9.eyJzdWIiOiIxIiwiaWF0IjoxNzc0OTcwNDY1LCJleHAiOjE3NzU1NzUyNjV9.rSa7xztbzxT3Wja0kU1R-YKAw4-vVaXIuy4HwHkkjst6NIJJ9VBqFz7Ylu7eZ6gyc-YdIwPL_wNdicigapwFqw(String)
2026-04-01 01:28:48,433 [http-nio-8999-exec-9] DEBUG [c.t.c.account.mapper.UserTokenMapper.selectList] BaseJdbcLogger.java:137 - <==      Total: 1
2026-04-01 01:28:48,435 [http-nio-8999-exec-9] DEBUG [c.t.c.f.m.FormTemplateMapper.selectPage_mpCount] BaseJdbcLogger.java:137 - ==>  Preparing: SELECT COUNT(*) AS total FROM fm_form_template
2026-04-01 01:28:48,436 [http-nio-8999-exec-9] DEBUG [c.t.c.f.m.FormTemplateMapper.selectPage_mpCount] BaseJdbcLogger.java:137 - ==> Parameters: 
2026-04-01 01:28:48,438 [http-nio-8999-exec-9] DEBUG [c.t.c.f.m.FormTemplateMapper.selectPage_mpCount] BaseJdbcLogger.java:137 - <==      Total: 1
2026-04-01 01:28:48,438 [http-nio-8999-exec-9] DEBUG [c.t.c.form.mapper.FormTemplateMapper.selectPage] BaseJdbcLogger.java:137 - ==>  Preparing: SELECT id,form_key,name,cover_img,description,category_id,status,scheme,create_time,update_time FROM fm_form_template ORDER BY create_time DESC LIMIT ?
2026-04-01 01:28:48,438 [http-nio-8999-exec-9] DEBUG [c.t.c.form.mapper.FormTemplateMapper.selectPage] BaseJdbcLogger.java:137 - ==> Parameters: 12(Long)
2026-04-01 01:28:48,442 [http-nio-8999-exec-9] DEBUG [c.t.c.form.mapper.FormTemplateMapper.selectPage] BaseJdbcLogger.java:137 - <==      Total: 2
2026-04-01 01:28:50,058 [http-nio-8999-exec-7] DEBUG [c.t.c.account.mapper.UserTokenMapper.selectList] BaseJdbcLogger.java:137 - ==>  Preparing: SELECT id,type,user_id,expire_time,token,create_time,update_time FROM ac_user_token WHERE (token = ?)
2026-04-01 01:28:50,059 [http-nio-8999-exec-7] DEBUG [c.t.c.account.mapper.UserTokenMapper.selectList] BaseJdbcLogger.java:137 - ==> Parameters: eyJ0eXAiOiJKV1QiLCJhbGciOiJIUzUxMiJ9.eyJzdWIiOiIxIiwiaWF0IjoxNzc0OTcwNDY1LCJleHAiOjE3NzU1NzUyNjV9.rSa7xztbzxT3Wja0kU1R-YKAw4-vVaXIuy4HwHkkjst6NIJJ9VBqFz7Ylu7eZ6gyc-YdIwPL_wNdicigapwFqw(String)
2026-04-01 01:28:50,060 [http-nio-8999-exec-7] DEBUG [c.t.c.account.mapper.UserTokenMapper.selectList] BaseJdbcLogger.java:137 - <==      Total: 1
2026-04-01 01:28:50,064 [http-nio-8999-exec-7] DEBUG [c.t.c.f.m.FormTemplateMapper.selectPage_mpCount] BaseJdbcLogger.java:137 - ==>  Preparing: SELECT COUNT(*) AS total FROM fm_form_template WHERE (category_id = ?)
2026-04-01 01:28:50,065 [http-nio-8999-exec-7] DEBUG [c.t.c.f.m.FormTemplateMapper.selectPage_mpCount] BaseJdbcLogger.java:137 - ==> Parameters: 53(Long)
2026-04-01 01:28:50,066 [http-nio-8999-exec-7] DEBUG [c.t.c.f.m.FormTemplateMapper.selectPage_mpCount] BaseJdbcLogger.java:137 - <==      Total: 1
2026-04-01 01:28:51,474 [http-nio-8999-exec-4] DEBUG [c.t.c.account.mapper.UserTokenMapper.selectList] BaseJdbcLogger.java:137 - ==>  Preparing: SELECT id,type,user_id,expire_time,token,create_time,update_time FROM ac_user_token WHERE (token = ?)
2026-04-01 01:28:51,475 [http-nio-8999-exec-4] DEBUG [c.t.c.account.mapper.UserTokenMapper.selectList] BaseJdbcLogger.java:137 - ==> Parameters: eyJ0eXAiOiJKV1QiLCJhbGciOiJIUzUxMiJ9.eyJzdWIiOiIxIiwiaWF0IjoxNzc0OTcwNDY1LCJleHAiOjE3NzU1NzUyNjV9.rSa7xztbzxT3Wja0kU1R-YKAw4-vVaXIuy4HwHkkjst6NIJJ9VBqFz7Ylu7eZ6gyc-YdIwPL_wNdicigapwFqw(String)
2026-04-01 01:28:51,476 [http-nio-8999-exec-4] DEBUG [c.t.c.account.mapper.UserTokenMapper.selectList] BaseJdbcLogger.java:137 - <==      Total: 1
2026-04-01 01:28:51,478 [http-nio-8999-exec-4] DEBUG [c.t.c.f.m.FormTemplateMapper.selectPage_mpCount] BaseJdbcLogger.java:137 - ==>  Preparing: SELECT COUNT(*) AS total FROM fm_form_template WHERE (category_id = ?)
2026-04-01 01:28:51,479 [http-nio-8999-exec-4] DEBUG [c.t.c.f.m.FormTemplateMapper.selectPage_mpCount] BaseJdbcLogger.java:137 - ==> Parameters: 54(Long)
2026-04-01 01:28:51,480 [http-nio-8999-exec-4] DEBUG [c.t.c.f.m.FormTemplateMapper.selectPage_mpCount] BaseJdbcLogger.java:137 - <==      Total: 1
2026-04-01 01:28:51,480 [http-nio-8999-exec-4] DEBUG [c.t.c.form.mapper.FormTemplateMapper.selectPage] BaseJdbcLogger.java:137 - ==>  Preparing: SELECT id,form_key,name,cover_img,description,category_id,status,scheme,create_time,update_time FROM fm_form_template WHERE (category_id = ?) ORDER BY create_time DESC LIMIT ?
2026-04-01 01:28:51,480 [http-nio-8999-exec-4] DEBUG [c.t.c.form.mapper.FormTemplateMapper.selectPage] BaseJdbcLogger.java:137 - ==> Parameters: 54(Long), 12(Long)
2026-04-01 01:28:51,483 [http-nio-8999-exec-4] DEBUG [c.t.c.form.mapper.FormTemplateMapper.selectPage] BaseJdbcLogger.java:137 - <==      Total: 2
2026-04-01 01:29:22,490 [http-nio-8999-exec-3] DEBUG [c.t.c.account.mapper.UserTokenMapper.selectList] BaseJdbcLogger.java:137 - ==>  Preparing: SELECT id,type,user_id,expire_time,token,create_time,update_time FROM ac_user_token WHERE (token = ?)
2026-04-01 01:29:22,491 [http-nio-8999-exec-3] DEBUG [c.t.c.account.mapper.UserTokenMapper.selectList] BaseJdbcLogger.java:137 - ==> Parameters: eyJ0eXAiOiJKV1QiLCJhbGciOiJIUzUxMiJ9.eyJzdWIiOiIxIiwiaWF0IjoxNzc0OTcwNDY1LCJleHAiOjE3NzU1NzUyNjV9.rSa7xztbzxT3Wja0kU1R-YKAw4-vVaXIuy4HwHkkjst6NIJJ9VBqFz7Ylu7eZ6gyc-YdIwPL_wNdicigapwFqw(String)
2026-04-01 01:29:22,493 [http-nio-8999-exec-3] DEBUG [c.t.c.account.mapper.UserTokenMapper.selectList] BaseJdbcLogger.java:137 - <==      Total: 1
2026-04-01 01:29:22,495 [http-nio-8999-exec-3] DEBUG [c.t.c.f.m.FormTemplateMapper.selectPage_mpCount] BaseJdbcLogger.java:137 - ==>  Preparing: SELECT COUNT(*) AS total FROM fm_form_template WHERE (category_id = ?)
2026-04-01 01:29:22,496 [http-nio-8999-exec-3] DEBUG [c.t.c.f.m.FormTemplateMapper.selectPage_mpCount] BaseJdbcLogger.java:137 - ==> Parameters: 53(Long)
2026-04-01 01:29:22,497 [http-nio-8999-exec-3] DEBUG [c.t.c.f.m.FormTemplateMapper.selectPage_mpCount] BaseJdbcLogger.java:137 - <==      Total: 1
2026-04-01 01:29:23,689 [http-nio-8999-exec-5] DEBUG [c.t.c.account.mapper.UserTokenMapper.selectList] BaseJdbcLogger.java:137 - ==>  Preparing: SELECT id,type,user_id,expire_time,token,create_time,update_time FROM ac_user_token WHERE (token = ?)
2026-04-01 01:29:23,689 [http-nio-8999-exec-5] DEBUG [c.t.c.account.mapper.UserTokenMapper.selectList] BaseJdbcLogger.java:137 - ==> Parameters: eyJ0eXAiOiJKV1QiLCJhbGciOiJIUzUxMiJ9.eyJzdWIiOiIxIiwiaWF0IjoxNzc0OTcwNDY1LCJleHAiOjE3NzU1NzUyNjV9.rSa7xztbzxT3Wja0kU1R-YKAw4-vVaXIuy4HwHkkjst6NIJJ9VBqFz7Ylu7eZ6gyc-YdIwPL_wNdicigapwFqw(String)
2026-04-01 01:29:23,690 [http-nio-8999-exec-5] DEBUG [c.t.c.account.mapper.UserTokenMapper.selectList] BaseJdbcLogger.java:137 - <==      Total: 1
2026-04-01 01:29:23,692 [http-nio-8999-exec-5] DEBUG [c.t.c.f.m.FormTemplateMapper.selectPage_mpCount] BaseJdbcLogger.java:137 - ==>  Preparing: SELECT COUNT(*) AS total FROM fm_form_template WHERE (category_id = ?)
2026-04-01 01:29:23,692 [http-nio-8999-exec-5] DEBUG [c.t.c.f.m.FormTemplateMapper.selectPage_mpCount] BaseJdbcLogger.java:137 - ==> Parameters: 0(Long)
2026-04-01 01:29:23,693 [http-nio-8999-exec-5] DEBUG [c.t.c.f.m.FormTemplateMapper.selectPage_mpCount] BaseJdbcLogger.java:137 - <==      Total: 1
2026-04-01 01:29:27,430 [http-nio-8999-exec-6] DEBUG [c.t.c.account.mapper.UserTokenMapper.selectList] BaseJdbcLogger.java:137 - ==>  Preparing: SELECT id,type,user_id,expire_time,token,create_time,update_time FROM ac_user_token WHERE (token = ?)
2026-04-01 01:29:27,431 [http-nio-8999-exec-6] DEBUG [c.t.c.account.mapper.UserTokenMapper.selectList] BaseJdbcLogger.java:137 - ==> Parameters: eyJ0eXAiOiJKV1QiLCJhbGciOiJIUzUxMiJ9.eyJzdWIiOiIxIiwiaWF0IjoxNzc0OTcwNDY1LCJleHAiOjE3NzU1NzUyNjV9.rSa7xztbzxT3Wja0kU1R-YKAw4-vVaXIuy4HwHkkjst6NIJJ9VBqFz7Ylu7eZ6gyc-YdIwPL_wNdicigapwFqw(String)
2026-04-01 01:29:27,432 [http-nio-8999-exec-6] DEBUG [c.t.c.account.mapper.UserTokenMapper.selectList] BaseJdbcLogger.java:137 - <==      Total: 1
2026-04-01 01:29:27,434 [http-nio-8999-exec-6] DEBUG [c.t.c.f.m.FormTemplateMapper.selectPage_mpCount] BaseJdbcLogger.java:137 - ==>  Preparing: SELECT COUNT(*) AS total FROM fm_form_template WHERE (category_id = ?)
2026-04-01 01:29:27,434 [http-nio-8999-exec-6] DEBUG [c.t.c.f.m.FormTemplateMapper.selectPage_mpCount] BaseJdbcLogger.java:137 - ==> Parameters: 54(Long)
2026-04-01 01:29:27,435 [http-nio-8999-exec-6] DEBUG [c.t.c.f.m.FormTemplateMapper.selectPage_mpCount] BaseJdbcLogger.java:137 - <==      Total: 1
2026-04-01 01:29:27,436 [http-nio-8999-exec-6] DEBUG [c.t.c.form.mapper.FormTemplateMapper.selectPage] BaseJdbcLogger.java:137 - ==>  Preparing: SELECT id,form_key,name,cover_img,description,category_id,status,scheme,create_time,update_time FROM fm_form_template WHERE (category_id = ?) ORDER BY create_time DESC LIMIT ?
2026-04-01 01:29:27,436 [http-nio-8999-exec-6] DEBUG [c.t.c.form.mapper.FormTemplateMapper.selectPage] BaseJdbcLogger.java:137 - ==> Parameters: 54(Long), 12(Long)
2026-04-01 01:29:27,438 [http-nio-8999-exec-6] DEBUG [c.t.c.form.mapper.FormTemplateMapper.selectPage] BaseJdbcLogger.java:137 - <==      Total: 2
2026-04-01 01:29:30,585 [http-nio-8999-exec-8] DEBUG [c.t.c.account.mapper.UserTokenMapper.selectList] BaseJdbcLogger.java:137 - ==>  Preparing: SELECT id,type,user_id,expire_time,token,create_time,update_time FROM ac_user_token WHERE (token = ?)
2026-04-01 01:29:30,585 [http-nio-8999-exec-10] DEBUG [c.t.c.account.mapper.UserTokenMapper.selectList] BaseJdbcLogger.java:137 - ==>  Preparing: SELECT id,type,user_id,expire_time,token,create_time,update_time FROM ac_user_token WHERE (token = ?)
2026-04-01 01:29:30,586 [http-nio-8999-exec-8] DEBUG [c.t.c.account.mapper.UserTokenMapper.selectList] BaseJdbcLogger.java:137 - ==> Parameters: eyJ0eXAiOiJKV1QiLCJhbGciOiJIUzUxMiJ9.eyJzdWIiOiIxIiwiaWF0IjoxNzc0OTcwNDY1LCJleHAiOjE3NzU1NzUyNjV9.rSa7xztbzxT3Wja0kU1R-YKAw4-vVaXIuy4HwHkkjst6NIJJ9VBqFz7Ylu7eZ6gyc-YdIwPL_wNdicigapwFqw(String)
2026-04-01 01:29:30,586 [http-nio-8999-exec-10] DEBUG [c.t.c.account.mapper.UserTokenMapper.selectList] BaseJdbcLogger.java:137 - ==> Parameters: eyJ0eXAiOiJKV1QiLCJhbGciOiJIUzUxMiJ9.eyJzdWIiOiIxIiwiaWF0IjoxNzc0OTcwNDY1LCJleHAiOjE3NzU1NzUyNjV9.rSa7xztbzxT3Wja0kU1R-YKAw4-vVaXIuy4HwHkkjst6NIJJ9VBqFz7Ylu7eZ6gyc-YdIwPL_wNdicigapwFqw(String)
2026-04-01 01:29:30,587 [http-nio-8999-exec-8] DEBUG [c.t.c.account.mapper.UserTokenMapper.selectList] BaseJdbcLogger.java:137 - <==      Total: 1
2026-04-01 01:29:30,587 [http-nio-8999-exec-10] DEBUG [c.t.c.account.mapper.UserTokenMapper.selectList] BaseJdbcLogger.java:137 - <==      Total: 1
2026-04-01 01:29:30,590 [http-nio-8999-exec-8] DEBUG [c.t.c.f.m.FormTemplateCategoryMapper.selectList] BaseJdbcLogger.java:137 - ==>  Preparing: SELECT id,name,sort,create_time,update_time FROM fm_form_template_category ORDER BY sort DESC
2026-04-01 01:29:30,590 [http-nio-8999-exec-8] DEBUG [c.t.c.f.m.FormTemplateCategoryMapper.selectList] BaseJdbcLogger.java:137 - ==> Parameters: 
2026-04-01 01:29:30,590 [http-nio-8999-exec-10] DEBUG [c.t.c.f.m.FormTemplateMapper.selectPage_mpCount] BaseJdbcLogger.java:137 - ==>  Preparing: SELECT COUNT(*) AS total FROM fm_form_template
2026-04-01 01:29:30,591 [http-nio-8999-exec-10] DEBUG [c.t.c.f.m.FormTemplateMapper.selectPage_mpCount] BaseJdbcLogger.java:137 - ==> Parameters: 
2026-04-01 01:29:30,591 [http-nio-8999-exec-8] DEBUG [c.t.c.f.m.FormTemplateCategoryMapper.selectList] BaseJdbcLogger.java:137 - <==      Total: 2
2026-04-01 01:29:30,593 [http-nio-8999-exec-10] DEBUG [c.t.c.f.m.FormTemplateMapper.selectPage_mpCount] BaseJdbcLogger.java:137 - <==      Total: 1
2026-04-01 01:29:30,594 [http-nio-8999-exec-10] DEBUG [c.t.c.form.mapper.FormTemplateMapper.selectPage] BaseJdbcLogger.java:137 - ==>  Preparing: SELECT id,form_key,name,cover_img,description,category_id,status,scheme,create_time,update_time FROM fm_form_template ORDER BY create_time DESC LIMIT ?
2026-04-01 01:29:30,596 [http-nio-8999-exec-10] DEBUG [c.t.c.form.mapper.FormTemplateMapper.selectPage] BaseJdbcLogger.java:137 - ==> Parameters: 12(Long)
2026-04-01 01:29:30,598 [http-nio-8999-exec-10] DEBUG [c.t.c.form.mapper.FormTemplateMapper.selectPage] BaseJdbcLogger.java:137 - <==      Total: 2
2026-04-01 01:29:33,848 [http-nio-8999-exec-1] DEBUG [c.t.c.f.mapper.UserFormMapper.selectPage_mpCount] BaseJdbcLogger.java:137 - ==>  Preparing: SELECT COUNT(*) AS total FROM fm_user_form WHERE (status = ? AND is_deleted = ?)
2026-04-01 01:29:33,850 [http-nio-8999-exec-1] DEBUG [c.t.c.f.mapper.UserFormMapper.selectPage_mpCount] BaseJdbcLogger.java:137 - ==> Parameters: 2(Integer), 0(Integer)
2026-04-01 01:29:33,850 [http-nio-8999-exec-1] DEBUG [c.t.c.f.mapper.UserFormMapper.selectPage_mpCount] BaseJdbcLogger.java:137 - <==      Total: 1
2026-04-01 01:29:33,851 [http-nio-8999-exec-1] DEBUG [c.t.cloud.form.mapper.UserFormMapper.selectPage] BaseJdbcLogger.java:137 - ==>  Preparing: SELECT id,form_key,name,description,source_type,source_id,user_id,status,type,is_deleted,is_folder,folder_id,create_time,update_time FROM fm_user_form WHERE (status = ? AND is_deleted = ?) ORDER BY create_time DESC LIMIT ?
2026-04-01 01:29:33,852 [http-nio-8999-exec-1] DEBUG [c.t.cloud.form.mapper.UserFormMapper.selectPage] BaseJdbcLogger.java:137 - ==> Parameters: 2(Integer), 0(Integer), 12(Long)
2026-04-01 01:29:33,853 [http-nio-8999-exec-1] DEBUG [c.t.cloud.form.mapper.UserFormMapper.selectPage] BaseJdbcLogger.java:137 - <==      Total: 3
2026-04-01 01:29:33,854 [http-nio-8999-exec-1] DEBUG [c.tduck.cloud.account.mapper.UserMapper.selectById] BaseJdbcLogger.java:137 - ==>  Preparing: SELECT id,name,avatar,gender,phone_number,email,password,reg_channel,last_login_channel,last_login_time,last_login_ip,deleted,password_type,create_time,update_time FROM ac_user WHERE id=?
2026-04-01 01:29:33,854 [http-nio-8999-exec-1] DEBUG [c.tduck.cloud.account.mapper.UserMapper.selectById] BaseJdbcLogger.java:137 - ==> Parameters: 1(Long)
2026-04-01 01:29:33,855 [http-nio-8999-exec-1] DEBUG [c.tduck.cloud.account.mapper.UserMapper.selectById] BaseJdbcLogger.java:137 - <==      Total: 1
2026-04-01 01:29:33,855 [http-nio-8999-exec-1] DEBUG [c.tduck.cloud.account.mapper.UserMapper.selectById] BaseJdbcLogger.java:137 - ==>  Preparing: SELECT id,name,avatar,gender,phone_number,email,password,reg_channel,last_login_channel,last_login_time,last_login_ip,deleted,password_type,create_time,update_time FROM ac_user WHERE id=?
2026-04-01 01:29:33,856 [http-nio-8999-exec-1] DEBUG [c.tduck.cloud.account.mapper.UserMapper.selectById] BaseJdbcLogger.java:137 - ==> Parameters: 1(Long)
2026-04-01 01:29:33,856 [http-nio-8999-exec-1] DEBUG [c.tduck.cloud.account.mapper.UserMapper.selectById] BaseJdbcLogger.java:137 - <==      Total: 1
2026-04-01 01:29:33,857 [http-nio-8999-exec-1] DEBUG [c.tduck.cloud.account.mapper.UserMapper.selectById] BaseJdbcLogger.java:137 - ==>  Preparing: SELECT id,name,avatar,gender,phone_number,email,password,reg_channel,last_login_channel,last_login_time,last_login_ip,deleted,password_type,create_time,update_time FROM ac_user WHERE id=?
2026-04-01 01:29:33,857 [http-nio-8999-exec-1] DEBUG [c.tduck.cloud.account.mapper.UserMapper.selectById] BaseJdbcLogger.java:137 - ==> Parameters: 1(Long)
2026-04-01 01:29:33,857 [http-nio-8999-exec-1] DEBUG [c.tduck.cloud.account.mapper.UserMapper.selectById] BaseJdbcLogger.java:137 - <==      Total: 1
2026-04-01 01:29:33,858 [http-nio-8999-exec-1] DEBUG [c.tduck.cloud.account.mapper.UserMapper.selectById] BaseJdbcLogger.java:137 - ==>  Preparing: SELECT id,name,avatar,gender,phone_number,email,password,reg_channel,last_login_channel,last_login_time,last_login_ip,deleted,password_type,create_time,update_time FROM ac_user WHERE id=?
2026-04-01 01:29:33,858 [http-nio-8999-exec-1] DEBUG [c.tduck.cloud.account.mapper.UserMapper.selectById] BaseJdbcLogger.java:137 - ==> Parameters: 1(Long)
2026-04-01 01:29:33,859 [http-nio-8999-exec-1] DEBUG [c.tduck.cloud.account.mapper.UserMapper.selectById] BaseJdbcLogger.java:137 - <==      Total: 1
2026-04-01 01:29:33,859 [http-nio-8999-exec-1] DEBUG [c.tduck.cloud.account.mapper.UserMapper.selectById] BaseJdbcLogger.java:137 - ==>  Preparing: SELECT id,name,avatar,gender,phone_number,email,password,reg_channel,last_login_channel,last_login_time,last_login_ip,deleted,password_type,create_time,update_time FROM ac_user WHERE id=?
2026-04-01 01:29:33,860 [http-nio-8999-exec-1] DEBUG [c.tduck.cloud.account.mapper.UserMapper.selectById] BaseJdbcLogger.java:137 - ==> Parameters: 15675(Long)
2026-04-01 01:29:33,860 [http-nio-8999-exec-1] DEBUG [c.tduck.cloud.account.mapper.UserMapper.selectById] BaseJdbcLogger.java:137 - <==      Total: 1
2026-04-01 01:29:33,861 [http-nio-8999-exec-1] DEBUG [c.tduck.cloud.account.mapper.UserMapper.selectById] BaseJdbcLogger.java:137 - ==>  Preparing: SELECT id,name,avatar,gender,phone_number,email,password,reg_channel,last_login_channel,last_login_time,last_login_ip,deleted,password_type,create_time,update_time FROM ac_user WHERE id=?
2026-04-01 01:29:33,861 [http-nio-8999-exec-1] DEBUG [c.tduck.cloud.account.mapper.UserMapper.selectById] BaseJdbcLogger.java:137 - ==> Parameters: 15675(Long)
2026-04-01 01:29:33,862 [http-nio-8999-exec-1] DEBUG [c.tduck.cloud.account.mapper.UserMapper.selectById] BaseJdbcLogger.java:137 - <==      Total: 1
2026-04-01 01:29:35,457 [http-nio-8999-exec-7] DEBUG [c.t.c.account.mapper.UserTokenMapper.selectList] BaseJdbcLogger.java:137 - ==>  Preparing: SELECT id,type,user_id,expire_time,token,create_time,update_time FROM ac_user_token WHERE (token = ?)
2026-04-01 01:29:35,457 [http-nio-8999-exec-7] DEBUG [c.t.c.account.mapper.UserTokenMapper.selectList] BaseJdbcLogger.java:137 - ==> Parameters: eyJ0eXAiOiJKV1QiLCJhbGciOiJIUzUxMiJ9.eyJzdWIiOiIxIiwiaWF0IjoxNzc0OTcwNDY1LCJleHAiOjE3NzU1NzUyNjV9.rSa7xztbzxT3Wja0kU1R-YKAw4-vVaXIuy4HwHkkjst6NIJJ9VBqFz7Ylu7eZ6gyc-YdIwPL_wNdicigapwFqw(String)
2026-04-01 01:29:35,460 [http-nio-8999-exec-7] DEBUG [c.t.c.account.mapper.UserTokenMapper.selectList] BaseJdbcLogger.java:137 - <==      Total: 1
2026-04-01 01:29:35,462 [http-nio-8999-exec-7] DEBUG [c.t.c.f.mapper.UserFormMapper.selectPage_mpCount] BaseJdbcLogger.java:137 - ==>  Preparing: SELECT COUNT(*) AS total FROM fm_user_form WHERE (user_id = ? AND is_deleted = ? AND folder_id = ?)
2026-04-01 01:29:35,462 [http-nio-8999-exec-7] DEBUG [c.t.c.f.mapper.UserFormMapper.selectPage_mpCount] BaseJdbcLogger.java:137 - ==> Parameters: 1(Long), 0(Integer), 0(Long)
2026-04-01 01:29:35,463 [http-nio-8999-exec-7] DEBUG [c.t.c.f.mapper.UserFormMapper.selectPage_mpCount] BaseJdbcLogger.java:137 - <==      Total: 1
2026-04-01 01:29:35,463 [http-nio-8999-exec-7] DEBUG [c.t.cloud.form.mapper.UserFormMapper.selectPage] BaseJdbcLogger.java:137 - ==>  Preparing: SELECT id,form_key,name,description,source_type,source_id,user_id,status,type,is_deleted,is_folder,folder_id,create_time,update_time FROM fm_user_form WHERE (user_id = ? AND is_deleted = ? AND folder_id = ?) ORDER BY is_folder DESC,create_time DESC LIMIT ?
2026-04-01 01:29:35,464 [http-nio-8999-exec-7] DEBUG [c.t.cloud.form.mapper.UserFormMapper.selectPage] BaseJdbcLogger.java:137 - ==> Parameters: 1(Long), 0(Integer), 0(Long), 12(Long)
2026-04-01 01:29:35,465 [http-nio-8999-exec-7] DEBUG [c.t.cloud.form.mapper.UserFormMapper.selectPage] BaseJdbcLogger.java:137 - <==      Total: 2
2026-04-01 01:29:36,489 [http-nio-8999-exec-3] DEBUG [c.t.c.f.mapper.UserFormMapper.selectPage_mpCount] BaseJdbcLogger.java:137 - ==>  Preparing: SELECT COUNT(*) AS total FROM fm_user_form WHERE (status = ? AND is_deleted = ?)
2026-04-01 01:29:36,490 [http-nio-8999-exec-3] DEBUG [c.t.c.f.mapper.UserFormMapper.selectPage_mpCount] BaseJdbcLogger.java:137 - ==> Parameters: 2(Integer), 0(Integer)
2026-04-01 01:29:36,490 [http-nio-8999-exec-3] DEBUG [c.t.c.f.mapper.UserFormMapper.selectPage_mpCount] BaseJdbcLogger.java:137 - <==      Total: 1
2026-04-01 01:29:36,491 [http-nio-8999-exec-3] DEBUG [c.t.cloud.form.mapper.UserFormMapper.selectPage] BaseJdbcLogger.java:137 - ==>  Preparing: SELECT id,form_key,name,description,source_type,source_id,user_id,status,type,is_deleted,is_folder,folder_id,create_time,update_time FROM fm_user_form WHERE (status = ? AND is_deleted = ?) ORDER BY create_time DESC LIMIT ?
2026-04-01 01:29:36,491 [http-nio-8999-exec-3] DEBUG [c.t.cloud.form.mapper.UserFormMapper.selectPage] BaseJdbcLogger.java:137 - ==> Parameters: 2(Integer), 0(Integer), 12(Long)
2026-04-01 01:29:36,492 [http-nio-8999-exec-3] DEBUG [c.t.cloud.form.mapper.UserFormMapper.selectPage] BaseJdbcLogger.java:137 - <==      Total: 3
2026-04-01 01:29:36,493 [http-nio-8999-exec-3] DEBUG [c.tduck.cloud.account.mapper.UserMapper.selectById] BaseJdbcLogger.java:137 - ==>  Preparing: SELECT id,name,avatar,gender,phone_number,email,password,reg_channel,last_login_channel,last_login_time,last_login_ip,deleted,password_type,create_time,update_time FROM ac_user WHERE id=?
2026-04-01 01:29:36,493 [http-nio-8999-exec-3] DEBUG [c.tduck.cloud.account.mapper.UserMapper.selectById] BaseJdbcLogger.java:137 - ==> Parameters: 1(Long)
2026-04-01 01:29:36,494 [http-nio-8999-exec-3] DEBUG [c.tduck.cloud.account.mapper.UserMapper.selectById] BaseJdbcLogger.java:137 - <==      Total: 1
2026-04-01 01:29:36,494 [http-nio-8999-exec-3] DEBUG [c.tduck.cloud.account.mapper.UserMapper.selectById] BaseJdbcLogger.java:137 - ==>  Preparing: SELECT id,name,avatar,gender,phone_number,email,password,reg_channel,last_login_channel,last_login_time,last_login_ip,deleted,password_type,create_time,update_time FROM ac_user WHERE id=?
2026-04-01 01:29:36,495 [http-nio-8999-exec-3] DEBUG [c.tduck.cloud.account.mapper.UserMapper.selectById] BaseJdbcLogger.java:137 - ==> Parameters: 1(Long)
2026-04-01 01:29:36,495 [http-nio-8999-exec-3] DEBUG [c.tduck.cloud.account.mapper.UserMapper.selectById] BaseJdbcLogger.java:137 - <==      Total: 1
2026-04-01 01:29:36,495 [http-nio-8999-exec-3] DEBUG [c.tduck.cloud.account.mapper.UserMapper.selectById] BaseJdbcLogger.java:137 - ==>  Preparing: SELECT id,name,avatar,gender,phone_number,email,password,reg_channel,last_login_channel,last_login_time,last_login_ip,deleted,password_type,create_time,update_time FROM ac_user WHERE id=?
2026-04-01 01:29:36,495 [http-nio-8999-exec-3] DEBUG [c.tduck.cloud.account.mapper.UserMapper.selectById] BaseJdbcLogger.java:137 - ==> Parameters: 1(Long)
2026-04-01 01:29:36,497 [http-nio-8999-exec-3] DEBUG [c.tduck.cloud.account.mapper.UserMapper.selectById] BaseJdbcLogger.java:137 - <==      Total: 1
2026-04-01 01:29:36,497 [http-nio-8999-exec-3] DEBUG [c.tduck.cloud.account.mapper.UserMapper.selectById] BaseJdbcLogger.java:137 - ==>  Preparing: SELECT id,name,avatar,gender,phone_number,email,password,reg_channel,last_login_channel,last_login_time,last_login_ip,deleted,password_type,create_time,update_time FROM ac_user WHERE id=?
2026-04-01 01:29:36,498 [http-nio-8999-exec-3] DEBUG [c.tduck.cloud.account.mapper.UserMapper.selectById] BaseJdbcLogger.java:137 - ==> Parameters: 1(Long)
2026-04-01 01:29:36,498 [http-nio-8999-exec-3] DEBUG [c.tduck.cloud.account.mapper.UserMapper.selectById] BaseJdbcLogger.java:137 - <==      Total: 1
2026-04-01 01:29:36,499 [http-nio-8999-exec-3] DEBUG [c.tduck.cloud.account.mapper.UserMapper.selectById] BaseJdbcLogger.java:137 - ==>  Preparing: SELECT id,name,avatar,gender,phone_number,email,password,reg_channel,last_login_channel,last_login_time,last_login_ip,deleted,password_type,create_time,update_time FROM ac_user WHERE id=?
2026-04-01 01:29:36,499 [http-nio-8999-exec-3] DEBUG [c.tduck.cloud.account.mapper.UserMapper.selectById] BaseJdbcLogger.java:137 - ==> Parameters: 15675(Long)
2026-04-01 01:29:36,499 [http-nio-8999-exec-3] DEBUG [c.tduck.cloud.account.mapper.UserMapper.selectById] BaseJdbcLogger.java:137 - <==      Total: 1
2026-04-01 01:29:36,500 [http-nio-8999-exec-3] DEBUG [c.tduck.cloud.account.mapper.UserMapper.selectById] BaseJdbcLogger.java:137 - ==>  Preparing: SELECT id,name,avatar,gender,phone_number,email,password,reg_channel,last_login_channel,last_login_time,last_login_ip,deleted,password_type,create_time,update_time FROM ac_user WHERE id=?
2026-04-01 01:29:36,500 [http-nio-8999-exec-3] DEBUG [c.tduck.cloud.account.mapper.UserMapper.selectById] BaseJdbcLogger.java:137 - ==> Parameters: 15675(Long)
2026-04-01 01:29:36,501 [http-nio-8999-exec-3] DEBUG [c.tduck.cloud.account.mapper.UserMapper.selectById] BaseJdbcLogger.java:137 - <==      Total: 1
2026-04-01 01:31:01,455 [http-nio-8999-exec-8] DEBUG [c.tduck.cloud.account.mapper.UserMapper.selectList] BaseJdbcLogger.java:137 - ==>  Preparing: SELECT id,name,avatar,gender,phone_number,email,password,reg_channel,last_login_channel,last_login_time,last_login_ip,deleted,password_type,create_time,update_time FROM ac_user WHERE (email = ?)
2026-04-01 01:31:01,455 [http-nio-8999-exec-8] DEBUG [c.tduck.cloud.account.mapper.UserMapper.selectList] BaseJdbcLogger.java:137 - ==> Parameters: 12345@qq.com(String)
2026-04-01 01:31:01,456 [http-nio-8999-exec-8] DEBUG [c.tduck.cloud.account.mapper.UserMapper.selectList] BaseJdbcLogger.java:137 - <==      Total: 1
2026-04-01 01:31:01,525 [http-nio-8999-exec-8] DEBUG [c.tduck.cloud.account.mapper.UserMapper.updateById] BaseJdbcLogger.java:137 - ==>  Preparing: UPDATE ac_user SET name=?, avatar=?, gender=?, email=?, password=?, reg_channel=?, last_login_channel=?, last_login_time=?, last_login_ip=?, deleted=?, password_type=?, create_time=?, update_time=? WHERE id=?
2026-04-01 01:31:01,525 [http-nio-8999-exec-8] DEBUG [c.tduck.cloud.account.mapper.UserMapper.updateById] BaseJdbcLogger.java:137 - ==> Parameters: 郸俊杰(String), https://s1.locimg.com/2023/05/16/17db376b12ec4.png(String), 0(Integer), 12345@qq.com(String), $2a$10$l/dCVy1LHP.HeG3vaWPtQ.ul/ClqR4eshUSMgnK40idmLskLfqSW6(String), 2(Integer), 2(Integer), 2026-04-01T01:31:01.523(LocalDateTime), 127.0.0.1(String), false(Boolean), 1(Integer), 2025-04-07T04:52:27(LocalDateTime), 2026-04-01T01:31:01.525(LocalDateTime), 15674(Long)
2026-04-01 01:31:01,529 [http-nio-8999-exec-8] DEBUG [c.tduck.cloud.account.mapper.UserMapper.updateById] BaseJdbcLogger.java:137 - <==    Updates: 1
2026-04-01 01:31:01,536 [http-nio-8999-exec-8] DEBUG [c.t.cloud.account.mapper.UserTokenMapper.delete] BaseJdbcLogger.java:137 - ==>  Preparing: DELETE FROM ac_user_token WHERE (user_id = ? AND expire_time <= ?)
2026-04-01 01:31:01,537 [http-nio-8999-exec-8] DEBUG [c.t.cloud.account.mapper.UserTokenMapper.delete] BaseJdbcLogger.java:137 - ==> Parameters: 15674(Long), 2026-04-01T01:31:01.535(LocalDateTime)
2026-04-01 01:31:01,538 [http-nio-8999-exec-8] DEBUG [c.t.cloud.account.mapper.UserTokenMapper.delete] BaseJdbcLogger.java:137 - <==    Updates: 1
2026-04-01 01:31:01,540 [http-nio-8999-exec-8] DEBUG [c.t.cloud.account.mapper.UserTokenMapper.insert] BaseJdbcLogger.java:137 - ==>  Preparing: INSERT INTO ac_user_token ( user_id, expire_time, token, create_time, update_time ) VALUES ( ?, ?, ?, ?, ? )
2026-04-01 01:31:01,541 [http-nio-8999-exec-8] DEBUG [c.t.cloud.account.mapper.UserTokenMapper.insert] BaseJdbcLogger.java:137 - ==> Parameters: 15674(Long), 2026-04-08T01:31:01.535(LocalDateTime), eyJ0eXAiOiJKV1QiLCJhbGciOiJIUzUxMiJ9.eyJzdWIiOiIxNTY3NCIsImlhdCI6MTc3NDk3ODI2MSwiZXhwIjoxNzc1NTgzMDYxfQ.7BK0RB4cGfj0FUOwFb2LOUffGH4dVmjFu0g7agsEEM9IcfIDTdkvUKOQmX2vGAUm_2Ixb6WtBhKad4wXm37hYg(String), 2026-04-01T01:31:01.540(LocalDateTime), 2026-04-01T01:31:01.540(LocalDateTime)
2026-04-01 01:31:01,542 [http-nio-8999-exec-8] DEBUG [c.t.cloud.account.mapper.UserTokenMapper.insert] BaseJdbcLogger.java:137 - <==    Updates: 1
2026-04-01 01:31:01,696 [http-nio-8999-exec-10] DEBUG [c.t.c.account.mapper.UserTokenMapper.selectList] BaseJdbcLogger.java:137 - ==>  Preparing: SELECT id,type,user_id,expire_time,token,create_time,update_time FROM ac_user_token WHERE (token = ?)
2026-04-01 01:31:01,697 [http-nio-8999-exec-10] DEBUG [c.t.c.account.mapper.UserTokenMapper.selectList] BaseJdbcLogger.java:137 - ==> Parameters: eyJ0eXAiOiJKV1QiLCJhbGciOiJIUzUxMiJ9.eyJzdWIiOiIxNTY3NCIsImlhdCI6MTc3NDk3ODI2MSwiZXhwIjoxNzc1NTgzMDYxfQ.7BK0RB4cGfj0FUOwFb2LOUffGH4dVmjFu0g7agsEEM9IcfIDTdkvUKOQmX2vGAUm_2Ixb6WtBhKad4wXm37hYg(String)
2026-04-01 01:31:01,697 [http-nio-8999-exec-10] DEBUG [c.t.c.account.mapper.UserTokenMapper.selectList] BaseJdbcLogger.java:137 - <==      Total: 1
2026-04-01 01:31:01,699 [http-nio-8999-exec-10] DEBUG [c.t.c.f.mapper.UserFormMapper.selectPage_mpCount] BaseJdbcLogger.java:137 - ==>  Preparing: SELECT COUNT(*) AS total FROM fm_user_form WHERE (user_id = ? AND is_deleted = ? AND folder_id = ?)
2026-04-01 01:31:01,700 [http-nio-8999-exec-10] DEBUG [c.t.c.f.mapper.UserFormMapper.selectPage_mpCount] BaseJdbcLogger.java:137 - ==> Parameters: 15674(Long), 0(Integer), 0(Long)
2026-04-01 01:31:01,701 [http-nio-8999-exec-10] DEBUG [c.t.c.f.mapper.UserFormMapper.selectPage_mpCount] BaseJdbcLogger.java:137 - <==      Total: 1
2026-04-01 01:31:01,701 [http-nio-8999-exec-10] DEBUG [c.t.cloud.form.mapper.UserFormMapper.selectPage] BaseJdbcLogger.java:137 - ==>  Preparing: SELECT id,form_key,name,description,source_type,source_id,user_id,status,type,is_deleted,is_folder,folder_id,create_time,update_time FROM fm_user_form WHERE (user_id = ? AND is_deleted = ? AND folder_id = ?) ORDER BY is_folder DESC,create_time DESC LIMIT ?
2026-04-01 01:31:01,701 [http-nio-8999-exec-10] DEBUG [c.t.cloud.form.mapper.UserFormMapper.selectPage] BaseJdbcLogger.java:137 - ==> Parameters: 15674(Long), 0(Integer), 0(Long), 12(Long)
2026-04-01 01:31:01,702 [http-nio-8999-exec-10] DEBUG [c.t.cloud.form.mapper.UserFormMapper.selectPage] BaseJdbcLogger.java:137 - <==      Total: 1
2026-04-01 01:31:08,072 [http-nio-8999-exec-1] DEBUG [c.t.c.f.mapper.UserFormMapper.selectPage_mpCount] BaseJdbcLogger.java:137 - ==>  Preparing: SELECT COUNT(*) AS total FROM fm_user_form WHERE (status = ? AND is_deleted = ?)
2026-04-01 01:31:08,073 [http-nio-8999-exec-1] DEBUG [c.t.c.f.mapper.UserFormMapper.selectPage_mpCount] BaseJdbcLogger.java:137 - ==> Parameters: 2(Integer), 0(Integer)
2026-04-01 01:31:08,074 [http-nio-8999-exec-1] DEBUG [c.t.c.f.mapper.UserFormMapper.selectPage_mpCount] BaseJdbcLogger.java:137 - <==      Total: 1
2026-04-01 01:31:08,074 [http-nio-8999-exec-1] DEBUG [c.t.cloud.form.mapper.UserFormMapper.selectPage] BaseJdbcLogger.java:137 - ==>  Preparing: SELECT id,form_key,name,description,source_type,source_id,user_id,status,type,is_deleted,is_folder,folder_id,create_time,update_time FROM fm_user_form WHERE (status = ? AND is_deleted = ?) ORDER BY create_time DESC LIMIT ?
2026-04-01 01:31:08,075 [http-nio-8999-exec-1] DEBUG [c.t.cloud.form.mapper.UserFormMapper.selectPage] BaseJdbcLogger.java:137 - ==> Parameters: 2(Integer), 0(Integer), 12(Long)
2026-04-01 01:31:08,076 [http-nio-8999-exec-1] DEBUG [c.t.cloud.form.mapper.UserFormMapper.selectPage] BaseJdbcLogger.java:137 - <==      Total: 3
2026-04-01 01:31:08,077 [http-nio-8999-exec-1] DEBUG [c.tduck.cloud.account.mapper.UserMapper.selectById] BaseJdbcLogger.java:137 - ==>  Preparing: SELECT id,name,avatar,gender,phone_number,email,password,reg_channel,last_login_channel,last_login_time,last_login_ip,deleted,password_type,create_time,update_time FROM ac_user WHERE id=?
2026-04-01 01:31:08,077 [http-nio-8999-exec-1] DEBUG [c.tduck.cloud.account.mapper.UserMapper.selectById] BaseJdbcLogger.java:137 - ==> Parameters: 1(Long)
2026-04-01 01:31:08,077 [http-nio-8999-exec-1] DEBUG [c.tduck.cloud.account.mapper.UserMapper.selectById] BaseJdbcLogger.java:137 - <==      Total: 1
2026-04-01 01:31:08,077 [http-nio-8999-exec-1] DEBUG [c.tduck.cloud.account.mapper.UserMapper.selectById] BaseJdbcLogger.java:137 - ==>  Preparing: SELECT id,name,avatar,gender,phone_number,email,password,reg_channel,last_login_channel,last_login_time,last_login_ip,deleted,password_type,create_time,update_time FROM ac_user WHERE id=?
2026-04-01 01:31:08,077 [http-nio-8999-exec-1] DEBUG [c.tduck.cloud.account.mapper.UserMapper.selectById] BaseJdbcLogger.java:137 - ==> Parameters: 1(Long)
2026-04-01 01:31:08,078 [http-nio-8999-exec-1] DEBUG [c.tduck.cloud.account.mapper.UserMapper.selectById] BaseJdbcLogger.java:137 - <==      Total: 1
2026-04-01 01:31:08,078 [http-nio-8999-exec-1] DEBUG [c.tduck.cloud.account.mapper.UserMapper.selectById] BaseJdbcLogger.java:137 - ==>  Preparing: SELECT id,name,avatar,gender,phone_number,email,password,reg_channel,last_login_channel,last_login_time,last_login_ip,deleted,password_type,create_time,update_time FROM ac_user WHERE id=?
2026-04-01 01:31:08,079 [http-nio-8999-exec-1] DEBUG [c.tduck.cloud.account.mapper.UserMapper.selectById] BaseJdbcLogger.java:137 - ==> Parameters: 1(Long)
2026-04-01 01:31:08,079 [http-nio-8999-exec-1] DEBUG [c.tduck.cloud.account.mapper.UserMapper.selectById] BaseJdbcLogger.java:137 - <==      Total: 1
2026-04-01 01:31:08,079 [http-nio-8999-exec-1] DEBUG [c.tduck.cloud.account.mapper.UserMapper.selectById] BaseJdbcLogger.java:137 - ==>  Preparing: SELECT id,name,avatar,gender,phone_number,email,password,reg_channel,last_login_channel,last_login_time,last_login_ip,deleted,password_type,create_time,update_time FROM ac_user WHERE id=?
2026-04-01 01:31:08,080 [http-nio-8999-exec-1] DEBUG [c.tduck.cloud.account.mapper.UserMapper.selectById] BaseJdbcLogger.java:137 - ==> Parameters: 1(Long)
2026-04-01 01:31:08,080 [http-nio-8999-exec-1] DEBUG [c.tduck.cloud.account.mapper.UserMapper.selectById] BaseJdbcLogger.java:137 - <==      Total: 1
2026-04-01 01:31:08,080 [http-nio-8999-exec-1] DEBUG [c.tduck.cloud.account.mapper.UserMapper.selectById] BaseJdbcLogger.java:137 - ==>  Preparing: SELECT id,name,avatar,gender,phone_number,email,password,reg_channel,last_login_channel,last_login_time,last_login_ip,deleted,password_type,create_time,update_time FROM ac_user WHERE id=?
2026-04-01 01:31:08,082 [http-nio-8999-exec-1] DEBUG [c.tduck.cloud.account.mapper.UserMapper.selectById] BaseJdbcLogger.java:137 - ==> Parameters: 15675(Long)
2026-04-01 01:31:08,082 [http-nio-8999-exec-1] DEBUG [c.tduck.cloud.account.mapper.UserMapper.selectById] BaseJdbcLogger.java:137 - <==      Total: 1
2026-04-01 01:31:08,082 [http-nio-8999-exec-1] DEBUG [c.tduck.cloud.account.mapper.UserMapper.selectById] BaseJdbcLogger.java:137 - ==>  Preparing: SELECT id,name,avatar,gender,phone_number,email,password,reg_channel,last_login_channel,last_login_time,last_login_ip,deleted,password_type,create_time,update_time FROM ac_user WHERE id=?
2026-04-01 01:31:08,082 [http-nio-8999-exec-1] DEBUG [c.tduck.cloud.account.mapper.UserMapper.selectById] BaseJdbcLogger.java:137 - ==> Parameters: 15675(Long)
2026-04-01 01:31:08,083 [http-nio-8999-exec-1] DEBUG [c.tduck.cloud.account.mapper.UserMapper.selectById] BaseJdbcLogger.java:137 - <==      Total: 1
2026-04-01 01:31:11,036 [http-nio-8999-exec-3] DEBUG [c.t.c.account.mapper.UserTokenMapper.selectList] BaseJdbcLogger.java:137 - ==>  Preparing: SELECT id,type,user_id,expire_time,token,create_time,update_time FROM ac_user_token WHERE (token = ?)
2026-04-01 01:31:11,036 [http-nio-8999-exec-7] DEBUG [c.t.c.account.mapper.UserTokenMapper.selectList] BaseJdbcLogger.java:137 - ==>  Preparing: SELECT id,type,user_id,expire_time,token,create_time,update_time FROM ac_user_token WHERE (token = ?)
2026-04-01 01:31:11,038 [http-nio-8999-exec-3] DEBUG [c.t.c.account.mapper.UserTokenMapper.selectList] BaseJdbcLogger.java:137 - ==> Parameters: eyJ0eXAiOiJKV1QiLCJhbGciOiJIUzUxMiJ9.eyJzdWIiOiIxNTY3NCIsImlhdCI6MTc3NDk3ODI2MSwiZXhwIjoxNzc1NTgzMDYxfQ.7BK0RB4cGfj0FUOwFb2LOUffGH4dVmjFu0g7agsEEM9IcfIDTdkvUKOQmX2vGAUm_2Ixb6WtBhKad4wXm37hYg(String)
2026-04-01 01:31:11,038 [http-nio-8999-exec-7] DEBUG [c.t.c.account.mapper.UserTokenMapper.selectList] BaseJdbcLogger.java:137 - ==> Parameters: eyJ0eXAiOiJKV1QiLCJhbGciOiJIUzUxMiJ9.eyJzdWIiOiIxNTY3NCIsImlhdCI6MTc3NDk3ODI2MSwiZXhwIjoxNzc1NTgzMDYxfQ.7BK0RB4cGfj0FUOwFb2LOUffGH4dVmjFu0g7agsEEM9IcfIDTdkvUKOQmX2vGAUm_2Ixb6WtBhKad4wXm37hYg(String)
2026-04-01 01:31:11,039 [http-nio-8999-exec-3] DEBUG [c.t.c.account.mapper.UserTokenMapper.selectList] BaseJdbcLogger.java:137 - <==      Total: 1
2026-04-01 01:31:11,039 [http-nio-8999-exec-7] DEBUG [c.t.c.account.mapper.UserTokenMapper.selectList] BaseJdbcLogger.java:137 - <==      Total: 1
2026-04-01 01:31:11,040 [http-nio-8999-exec-7] DEBUG [c.t.c.f.m.FormTemplateCategoryMapper.selectList] BaseJdbcLogger.java:137 - ==>  Preparing: SELECT id,name,sort,create_time,update_time FROM fm_form_template_category ORDER BY sort DESC
2026-04-01 01:31:11,040 [http-nio-8999-exec-7] DEBUG [c.t.c.f.m.FormTemplateCategoryMapper.selectList] BaseJdbcLogger.java:137 - ==> Parameters: 
2026-04-01 01:31:11,041 [http-nio-8999-exec-3] DEBUG [c.t.c.f.m.FormTemplateMapper.selectPage_mpCount] BaseJdbcLogger.java:137 - ==>  Preparing: SELECT COUNT(*) AS total FROM fm_form_template
2026-04-01 01:31:11,041 [http-nio-8999-exec-7] DEBUG [c.t.c.f.m.FormTemplateCategoryMapper.selectList] BaseJdbcLogger.java:137 - <==      Total: 2
2026-04-01 01:31:11,041 [http-nio-8999-exec-3] DEBUG [c.t.c.f.m.FormTemplateMapper.selectPage_mpCount] BaseJdbcLogger.java:137 - ==> Parameters: 
2026-04-01 01:31:11,043 [http-nio-8999-exec-3] DEBUG [c.t.c.f.m.FormTemplateMapper.selectPage_mpCount] BaseJdbcLogger.java:137 - <==      Total: 1
2026-04-01 01:31:11,044 [http-nio-8999-exec-3] DEBUG [c.t.c.form.mapper.FormTemplateMapper.selectPage] BaseJdbcLogger.java:137 - ==>  Preparing: SELECT id,form_key,name,cover_img,description,category_id,status,scheme,create_time,update_time FROM fm_form_template ORDER BY create_time DESC LIMIT ?
2026-04-01 01:31:11,045 [http-nio-8999-exec-3] DEBUG [c.t.c.form.mapper.FormTemplateMapper.selectPage] BaseJdbcLogger.java:137 - ==> Parameters: 12(Long)
2026-04-01 01:31:11,047 [http-nio-8999-exec-3] DEBUG [c.t.c.form.mapper.FormTemplateMapper.selectPage] BaseJdbcLogger.java:137 - <==      Total: 2
2026-04-01 01:31:13,047 [http-nio-8999-exec-6] DEBUG [c.t.c.f.mapper.UserFormMapper.selectPage_mpCount] BaseJdbcLogger.java:137 - ==>  Preparing: SELECT COUNT(*) AS total FROM fm_user_form WHERE (status = ? AND is_deleted = ?)
2026-04-01 01:31:13,048 [http-nio-8999-exec-6] DEBUG [c.t.c.f.mapper.UserFormMapper.selectPage_mpCount] BaseJdbcLogger.java:137 - ==> Parameters: 2(Integer), 0(Integer)
2026-04-01 01:31:13,049 [http-nio-8999-exec-6] DEBUG [c.t.c.f.mapper.UserFormMapper.selectPage_mpCount] BaseJdbcLogger.java:137 - <==      Total: 1
2026-04-01 01:31:13,050 [http-nio-8999-exec-6] DEBUG [c.t.cloud.form.mapper.UserFormMapper.selectPage] BaseJdbcLogger.java:137 - ==>  Preparing: SELECT id,form_key,name,description,source_type,source_id,user_id,status,type,is_deleted,is_folder,folder_id,create_time,update_time FROM fm_user_form WHERE (status = ? AND is_deleted = ?) ORDER BY create_time DESC LIMIT ?
2026-04-01 01:31:13,050 [http-nio-8999-exec-6] DEBUG [c.t.cloud.form.mapper.UserFormMapper.selectPage] BaseJdbcLogger.java:137 - ==> Parameters: 2(Integer), 0(Integer), 12(Long)
2026-04-01 01:31:13,051 [http-nio-8999-exec-6] DEBUG [c.t.cloud.form.mapper.UserFormMapper.selectPage] BaseJdbcLogger.java:137 - <==      Total: 3
2026-04-01 01:31:13,051 [http-nio-8999-exec-6] DEBUG [c.tduck.cloud.account.mapper.UserMapper.selectById] BaseJdbcLogger.java:137 - ==>  Preparing: SELECT id,name,avatar,gender,phone_number,email,password,reg_channel,last_login_channel,last_login_time,last_login_ip,deleted,password_type,create_time,update_time FROM ac_user WHERE id=?
2026-04-01 01:31:13,052 [http-nio-8999-exec-6] DEBUG [c.tduck.cloud.account.mapper.UserMapper.selectById] BaseJdbcLogger.java:137 - ==> Parameters: 1(Long)
2026-04-01 01:31:13,052 [http-nio-8999-exec-6] DEBUG [c.tduck.cloud.account.mapper.UserMapper.selectById] BaseJdbcLogger.java:137 - <==      Total: 1
2026-04-01 01:31:13,053 [http-nio-8999-exec-6] DEBUG [c.tduck.cloud.account.mapper.UserMapper.selectById] BaseJdbcLogger.java:137 - ==>  Preparing: SELECT id,name,avatar,gender,phone_number,email,password,reg_channel,last_login_channel,last_login_time,last_login_ip,deleted,password_type,create_time,update_time FROM ac_user WHERE id=?
2026-04-01 01:31:13,053 [http-nio-8999-exec-6] DEBUG [c.tduck.cloud.account.mapper.UserMapper.selectById] BaseJdbcLogger.java:137 - ==> Parameters: 1(Long)
2026-04-01 01:31:13,054 [http-nio-8999-exec-6] DEBUG [c.tduck.cloud.account.mapper.UserMapper.selectById] BaseJdbcLogger.java:137 - <==      Total: 1
2026-04-01 01:31:13,054 [http-nio-8999-exec-6] DEBUG [c.tduck.cloud.account.mapper.UserMapper.selectById] BaseJdbcLogger.java:137 - ==>  Preparing: SELECT id,name,avatar,gender,phone_number,email,password,reg_channel,last_login_channel,last_login_time,last_login_ip,deleted,password_type,create_time,update_time FROM ac_user WHERE id=?
2026-04-01 01:31:13,055 [http-nio-8999-exec-6] DEBUG [c.tduck.cloud.account.mapper.UserMapper.selectById] BaseJdbcLogger.java:137 - ==> Parameters: 1(Long)
2026-04-01 01:31:13,056 [http-nio-8999-exec-6] DEBUG [c.tduck.cloud.account.mapper.UserMapper.selectById] BaseJdbcLogger.java:137 - <==      Total: 1
2026-04-01 01:31:13,056 [http-nio-8999-exec-6] DEBUG [c.tduck.cloud.account.mapper.UserMapper.selectById] BaseJdbcLogger.java:137 - ==>  Preparing: SELECT id,name,avatar,gender,phone_number,email,password,reg_channel,last_login_channel,last_login_time,last_login_ip,deleted,password_type,create_time,update_time FROM ac_user WHERE id=?
2026-04-01 01:31:13,057 [http-nio-8999-exec-6] DEBUG [c.tduck.cloud.account.mapper.UserMapper.selectById] BaseJdbcLogger.java:137 - ==> Parameters: 1(Long)
2026-04-01 01:31:13,057 [http-nio-8999-exec-6] DEBUG [c.tduck.cloud.account.mapper.UserMapper.selectById] BaseJdbcLogger.java:137 - <==      Total: 1
2026-04-01 01:31:13,058 [http-nio-8999-exec-6] DEBUG [c.tduck.cloud.account.mapper.UserMapper.selectById] BaseJdbcLogger.java:137 - ==>  Preparing: SELECT id,name,avatar,gender,phone_number,email,password,reg_channel,last_login_channel,last_login_time,last_login_ip,deleted,password_type,create_time,update_time FROM ac_user WHERE id=?
2026-04-01 01:31:13,058 [http-nio-8999-exec-6] DEBUG [c.tduck.cloud.account.mapper.UserMapper.selectById] BaseJdbcLogger.java:137 - ==> Parameters: 15675(Long)
2026-04-01 01:31:13,059 [http-nio-8999-exec-6] DEBUG [c.tduck.cloud.account.mapper.UserMapper.selectById] BaseJdbcLogger.java:137 - <==      Total: 1
2026-04-01 01:31:13,059 [http-nio-8999-exec-6] DEBUG [c.tduck.cloud.account.mapper.UserMapper.selectById] BaseJdbcLogger.java:137 - ==>  Preparing: SELECT id,name,avatar,gender,phone_number,email,password,reg_channel,last_login_channel,last_login_time,last_login_ip,deleted,password_type,create_time,update_time FROM ac_user WHERE id=?
2026-04-01 01:31:13,060 [http-nio-8999-exec-6] DEBUG [c.tduck.cloud.account.mapper.UserMapper.selectById] BaseJdbcLogger.java:137 - ==> Parameters: 15675(Long)
2026-04-01 01:31:13,060 [http-nio-8999-exec-6] DEBUG [c.tduck.cloud.account.mapper.UserMapper.selectById] BaseJdbcLogger.java:137 - <==      Total: 1
2026-04-01 01:31:14,726 [http-nio-8999-exec-8] DEBUG [c.t.c.account.mapper.UserTokenMapper.selectList] BaseJdbcLogger.java:137 - ==>  Preparing: SELECT id,type,user_id,expire_time,token,create_time,update_time FROM ac_user_token WHERE (token = ?)
2026-04-01 01:31:14,726 [http-nio-8999-exec-9] DEBUG [c.t.c.account.mapper.UserTokenMapper.selectList] BaseJdbcLogger.java:137 - ==>  Preparing: SELECT id,type,user_id,expire_time,token,create_time,update_time FROM ac_user_token WHERE (token = ?)
2026-04-01 01:31:14,726 [http-nio-8999-exec-9] DEBUG [c.t.c.account.mapper.UserTokenMapper.selectList] BaseJdbcLogger.java:137 - ==> Parameters: eyJ0eXAiOiJKV1QiLCJhbGciOiJIUzUxMiJ9.eyJzdWIiOiIxNTY3NCIsImlhdCI6MTc3NDk3ODI2MSwiZXhwIjoxNzc1NTgzMDYxfQ.7BK0RB4cGfj0FUOwFb2LOUffGH4dVmjFu0g7agsEEM9IcfIDTdkvUKOQmX2vGAUm_2Ixb6WtBhKad4wXm37hYg(String)
2026-04-01 01:31:14,726 [http-nio-8999-exec-8] DEBUG [c.t.c.account.mapper.UserTokenMapper.selectList] BaseJdbcLogger.java:137 - ==> Parameters: eyJ0eXAiOiJKV1QiLCJhbGciOiJIUzUxMiJ9.eyJzdWIiOiIxNTY3NCIsImlhdCI6MTc3NDk3ODI2MSwiZXhwIjoxNzc1NTgzMDYxfQ.7BK0RB4cGfj0FUOwFb2LOUffGH4dVmjFu0g7agsEEM9IcfIDTdkvUKOQmX2vGAUm_2Ixb6WtBhKad4wXm37hYg(String)
2026-04-01 01:31:14,728 [http-nio-8999-exec-8] DEBUG [c.t.c.account.mapper.UserTokenMapper.selectList] BaseJdbcLogger.java:137 - <==      Total: 1
2026-04-01 01:31:14,728 [http-nio-8999-exec-9] DEBUG [c.t.c.account.mapper.UserTokenMapper.selectList] BaseJdbcLogger.java:137 - <==      Total: 1
2026-04-01 01:31:14,730 [http-nio-8999-exec-9] DEBUG [c.t.c.f.mapper.UserFormMapper.selectPage_mpCount] BaseJdbcLogger.java:137 - ==>  Preparing: SELECT COUNT(*) AS total FROM fm_user_form WHERE (user_id = ? AND is_deleted = ? AND folder_id = ?)
2026-04-01 01:31:14,730 [http-nio-8999-exec-8] DEBUG [c.t.c.f.mapper.UserFormMapper.selectPage_mpCount] BaseJdbcLogger.java:137 - ==>  Preparing: SELECT COUNT(*) AS total FROM fm_user_form WHERE (user_id = ? AND is_deleted = ? AND folder_id = ?)
2026-04-01 01:31:14,731 [http-nio-8999-exec-9] DEBUG [c.t.c.f.mapper.UserFormMapper.selectPage_mpCount] BaseJdbcLogger.java:137 - ==> Parameters: 15674(Long), 0(Integer), 0(Long)
2026-04-01 01:31:14,731 [http-nio-8999-exec-8] DEBUG [c.t.c.f.mapper.UserFormMapper.selectPage_mpCount] BaseJdbcLogger.java:137 - ==> Parameters: 15674(Long), 0(Integer), 0(Long)
2026-04-01 01:31:14,731 [http-nio-8999-exec-9] DEBUG [c.t.c.f.mapper.UserFormMapper.selectPage_mpCount] BaseJdbcLogger.java:137 - <==      Total: 1
2026-04-01 01:31:14,731 [http-nio-8999-exec-8] DEBUG [c.t.c.f.mapper.UserFormMapper.selectPage_mpCount] BaseJdbcLogger.java:137 - <==      Total: 1
2026-04-01 01:31:14,732 [http-nio-8999-exec-9] DEBUG [c.t.cloud.form.mapper.UserFormMapper.selectPage] BaseJdbcLogger.java:137 - ==>  Preparing: SELECT id,form_key,name,description,source_type,source_id,user_id,status,type,is_deleted,is_folder,folder_id,create_time,update_time FROM fm_user_form WHERE (user_id = ? AND is_deleted = ? AND folder_id = ?) ORDER BY is_folder DESC,create_time DESC LIMIT ?
2026-04-01 01:31:14,732 [http-nio-8999-exec-8] DEBUG [c.t.cloud.form.mapper.UserFormMapper.selectPage] BaseJdbcLogger.java:137 - ==>  Preparing: SELECT id,form_key,name,description,source_type,source_id,user_id,status,type,is_deleted,is_folder,folder_id,create_time,update_time FROM fm_user_form WHERE (user_id = ? AND is_deleted = ? AND folder_id = ?) ORDER BY is_folder DESC,create_time DESC LIMIT ?
2026-04-01 01:31:14,732 [http-nio-8999-exec-9] DEBUG [c.t.cloud.form.mapper.UserFormMapper.selectPage] BaseJdbcLogger.java:137 - ==> Parameters: 15674(Long), 0(Integer), 0(Long), 12(Long)
2026-04-01 01:31:14,732 [http-nio-8999-exec-8] DEBUG [c.t.cloud.form.mapper.UserFormMapper.selectPage] BaseJdbcLogger.java:137 - ==> Parameters: 15674(Long), 0(Integer), 0(Long), 12(Long)
2026-04-01 01:31:14,733 [http-nio-8999-exec-9] DEBUG [c.t.cloud.form.mapper.UserFormMapper.selectPage] BaseJdbcLogger.java:137 - <==      Total: 1
2026-04-01 01:31:14,733 [http-nio-8999-exec-8] DEBUG [c.t.cloud.form.mapper.UserFormMapper.selectPage] BaseJdbcLogger.java:137 - <==      Total: 1
2026-04-01 01:31:17,348 [http-nio-8999-exec-4] DEBUG [c.t.c.f.mapper.UserFormMapper.selectPage_mpCount] BaseJdbcLogger.java:137 - ==>  Preparing: SELECT COUNT(*) AS total FROM fm_user_form WHERE (status = ? AND is_deleted = ?)
2026-04-01 01:31:17,349 [http-nio-8999-exec-4] DEBUG [c.t.c.f.mapper.UserFormMapper.selectPage_mpCount] BaseJdbcLogger.java:137 - ==> Parameters: 2(Integer), 0(Integer)
2026-04-01 01:31:17,349 [http-nio-8999-exec-4] DEBUG [c.t.c.f.mapper.UserFormMapper.selectPage_mpCount] BaseJdbcLogger.java:137 - <==      Total: 1
2026-04-01 01:31:17,350 [http-nio-8999-exec-4] DEBUG [c.t.cloud.form.mapper.UserFormMapper.selectPage] BaseJdbcLogger.java:137 - ==>  Preparing: SELECT id,form_key,name,description,source_type,source_id,user_id,status,type,is_deleted,is_folder,folder_id,create_time,update_time FROM fm_user_form WHERE (status = ? AND is_deleted = ?) ORDER BY create_time DESC LIMIT ?
2026-04-01 01:31:17,350 [http-nio-8999-exec-4] DEBUG [c.t.cloud.form.mapper.UserFormMapper.selectPage] BaseJdbcLogger.java:137 - ==> Parameters: 2(Integer), 0(Integer), 12(Long)
2026-04-01 01:31:17,351 [http-nio-8999-exec-4] DEBUG [c.t.cloud.form.mapper.UserFormMapper.selectPage] BaseJdbcLogger.java:137 - <==      Total: 3
2026-04-01 01:31:17,351 [http-nio-8999-exec-4] DEBUG [c.tduck.cloud.account.mapper.UserMapper.selectById] BaseJdbcLogger.java:137 - ==>  Preparing: SELECT id,name,avatar,gender,phone_number,email,password,reg_channel,last_login_channel,last_login_time,last_login_ip,deleted,password_type,create_time,update_time FROM ac_user WHERE id=?
2026-04-01 01:31:17,351 [http-nio-8999-exec-4] DEBUG [c.tduck.cloud.account.mapper.UserMapper.selectById] BaseJdbcLogger.java:137 - ==> Parameters: 1(Long)
2026-04-01 01:31:17,352 [http-nio-8999-exec-4] DEBUG [c.tduck.cloud.account.mapper.UserMapper.selectById] BaseJdbcLogger.java:137 - <==      Total: 1
2026-04-01 01:31:17,352 [http-nio-8999-exec-4] DEBUG [c.tduck.cloud.account.mapper.UserMapper.selectById] BaseJdbcLogger.java:137 - ==>  Preparing: SELECT id,name,avatar,gender,phone_number,email,password,reg_channel,last_login_channel,last_login_time,last_login_ip,deleted,password_type,create_time,update_time FROM ac_user WHERE id=?
2026-04-01 01:31:17,352 [http-nio-8999-exec-4] DEBUG [c.tduck.cloud.account.mapper.UserMapper.selectById] BaseJdbcLogger.java:137 - ==> Parameters: 1(Long)
2026-04-01 01:31:17,353 [http-nio-8999-exec-4] DEBUG [c.tduck.cloud.account.mapper.UserMapper.selectById] BaseJdbcLogger.java:137 - <==      Total: 1
2026-04-01 01:31:17,353 [http-nio-8999-exec-4] DEBUG [c.tduck.cloud.account.mapper.UserMapper.selectById] BaseJdbcLogger.java:137 - ==>  Preparing: SELECT id,name,avatar,gender,phone_number,email,password,reg_channel,last_login_channel,last_login_time,last_login_ip,deleted,password_type,create_time,update_time FROM ac_user WHERE id=?
2026-04-01 01:31:17,353 [http-nio-8999-exec-4] DEBUG [c.tduck.cloud.account.mapper.UserMapper.selectById] BaseJdbcLogger.java:137 - ==> Parameters: 1(Long)
2026-04-01 01:31:17,354 [http-nio-8999-exec-4] DEBUG [c.tduck.cloud.account.mapper.UserMapper.selectById] BaseJdbcLogger.java:137 - <==      Total: 1
2026-04-01 01:31:17,355 [http-nio-8999-exec-4] DEBUG [c.tduck.cloud.account.mapper.UserMapper.selectById] BaseJdbcLogger.java:137 - ==>  Preparing: SELECT id,name,avatar,gender,phone_number,email,password,reg_channel,last_login_channel,last_login_time,last_login_ip,deleted,password_type,create_time,update_time FROM ac_user WHERE id=?
2026-04-01 01:31:17,356 [http-nio-8999-exec-4] DEBUG [c.tduck.cloud.account.mapper.UserMapper.selectById] BaseJdbcLogger.java:137 - ==> Parameters: 1(Long)
2026-04-01 01:31:17,357 [http-nio-8999-exec-4] DEBUG [c.tduck.cloud.account.mapper.UserMapper.selectById] BaseJdbcLogger.java:137 - <==      Total: 1
2026-04-01 01:31:17,357 [http-nio-8999-exec-4] DEBUG [c.tduck.cloud.account.mapper.UserMapper.selectById] BaseJdbcLogger.java:137 - ==>  Preparing: SELECT id,name,avatar,gender,phone_number,email,password,reg_channel,last_login_channel,last_login_time,last_login_ip,deleted,password_type,create_time,update_time FROM ac_user WHERE id=?
2026-04-01 01:31:17,357 [http-nio-8999-exec-4] DEBUG [c.tduck.cloud.account.mapper.UserMapper.selectById] BaseJdbcLogger.java:137 - ==> Parameters: 15675(Long)
2026-04-01 01:31:17,358 [http-nio-8999-exec-4] DEBUG [c.tduck.cloud.account.mapper.UserMapper.selectById] BaseJdbcLogger.java:137 - <==      Total: 1
2026-04-01 01:31:17,358 [http-nio-8999-exec-4] DEBUG [c.tduck.cloud.account.mapper.UserMapper.selectById] BaseJdbcLogger.java:137 - ==>  Preparing: SELECT id,name,avatar,gender,phone_number,email,password,reg_channel,last_login_channel,last_login_time,last_login_ip,deleted,password_type,create_time,update_time FROM ac_user WHERE id=?
2026-04-01 01:31:17,358 [http-nio-8999-exec-4] DEBUG [c.tduck.cloud.account.mapper.UserMapper.selectById] BaseJdbcLogger.java:137 - ==> Parameters: 15675(Long)
2026-04-01 01:31:17,359 [http-nio-8999-exec-4] DEBUG [c.tduck.cloud.account.mapper.UserMapper.selectById] BaseJdbcLogger.java:137 - <==      Total: 1
2026-04-01 01:31:19,214 [http-nio-8999-exec-6] DEBUG [c.t.c.form.mapper.UserFormSettingMapper.selectList] BaseJdbcLogger.java:137 - ==>  Preparing: SELECT id,form_key,settings,create_time,update_time FROM fm_user_form_setting WHERE (form_key = ?)
2026-04-01 01:31:19,214 [http-nio-8999-exec-5] DEBUG [c.t.cloud.form.mapper.UserFormMapper.selectList] BaseJdbcLogger.java:137 - ==>  Preparing: SELECT id,form_key,name,description,source_type,source_id,user_id,status,type,is_deleted,is_folder,folder_id,create_time,update_time FROM fm_user_form WHERE (form_key = ?)
2026-04-01 01:31:19,214 [http-nio-8999-exec-6] DEBUG [c.t.c.form.mapper.UserFormSettingMapper.selectList] BaseJdbcLogger.java:137 - ==> Parameters: 4VLobos0(String)
2026-04-01 01:31:19,214 [http-nio-8999-exec-5] DEBUG [c.t.cloud.form.mapper.UserFormMapper.selectList] BaseJdbcLogger.java:137 - ==> Parameters: 4VLobos0(String)
2026-04-01 01:31:19,215 [http-nio-8999-exec-6] DEBUG [c.t.c.form.mapper.UserFormSettingMapper.selectList] BaseJdbcLogger.java:137 - <==      Total: 0
2026-04-01 01:31:19,215 [http-nio-8999-exec-5] DEBUG [c.t.cloud.form.mapper.UserFormMapper.selectList] BaseJdbcLogger.java:137 - <==      Total: 1
2026-04-01 01:31:19,215 [http-nio-8999-exec-5] DEBUG [c.t.c.form.mapper.UserFormSettingMapper.selectList] BaseJdbcLogger.java:137 - ==>  Preparing: SELECT id,form_key,settings,create_time,update_time FROM fm_user_form_setting WHERE (form_key = ?)
2026-04-01 01:31:19,216 [http-nio-8999-exec-5] DEBUG [c.t.c.form.mapper.UserFormSettingMapper.selectList] BaseJdbcLogger.java:137 - ==> Parameters: 4VLobos0(String)
2026-04-01 01:31:19,217 [http-nio-8999-exec-5] DEBUG [c.t.c.form.mapper.UserFormSettingMapper.selectList] BaseJdbcLogger.java:137 - <==      Total: 0
2026-04-01 01:31:19,470 [http-nio-8999-exec-2] DEBUG [c.t.cloud.form.mapper.UserFormMapper.selectList] BaseJdbcLogger.java:137 - ==>  Preparing: SELECT id,form_key,name,description,source_type,source_id,user_id,status,type,is_deleted,is_folder,folder_id,create_time,update_time FROM fm_user_form WHERE (form_key = ?)
2026-04-01 01:31:19,470 [http-nio-8999-exec-2] DEBUG [c.t.cloud.form.mapper.UserFormMapper.selectList] BaseJdbcLogger.java:137 - ==> Parameters: 4VLobos0(String)
2026-04-01 01:31:19,471 [http-nio-8999-exec-2] DEBUG [c.t.cloud.form.mapper.UserFormMapper.selectList] BaseJdbcLogger.java:137 - <==      Total: 1
2026-04-01 01:31:19,472 [http-nio-8999-exec-2] DEBUG [c.tduck.cloud.account.mapper.UserMapper.selectById] BaseJdbcLogger.java:137 - ==>  Preparing: SELECT id,name,avatar,gender,phone_number,email,password,reg_channel,last_login_channel,last_login_time,last_login_ip,deleted,password_type,create_time,update_time FROM ac_user WHERE id=?
2026-04-01 01:31:19,472 [http-nio-8999-exec-2] DEBUG [c.tduck.cloud.account.mapper.UserMapper.selectById] BaseJdbcLogger.java:137 - ==> Parameters: 1(Long)
2026-04-01 01:31:19,472 [http-nio-8999-exec-2] DEBUG [c.tduck.cloud.account.mapper.UserMapper.selectById] BaseJdbcLogger.java:137 - <==      Total: 1
2026-04-01 01:31:19,473 [http-nio-8999-exec-2] DEBUG [c.tduck.cloud.account.mapper.UserMapper.selectById] BaseJdbcLogger.java:137 - ==>  Preparing: SELECT id,name,avatar,gender,phone_number,email,password,reg_channel,last_login_channel,last_login_time,last_login_ip,deleted,password_type,create_time,update_time FROM ac_user WHERE id=?
2026-04-01 01:31:19,474 [http-nio-8999-exec-2] DEBUG [c.tduck.cloud.account.mapper.UserMapper.selectById] BaseJdbcLogger.java:137 - ==> Parameters: 1(Long)
2026-04-01 01:31:19,474 [http-nio-8999-exec-2] DEBUG [c.tduck.cloud.account.mapper.UserMapper.selectById] BaseJdbcLogger.java:137 - <==      Total: 1
2026-04-01 01:31:19,475 [http-nio-8999-exec-2] DEBUG [c.t.c.form.mapper.UserFormItemMapper.selectList] BaseJdbcLogger.java:137 - ==>  Preparing: SELECT id,form_key,form_item_id,type,label,is_display_type,is_hide_type,is_special_type,show_label,default_value,required,placeholder,sort,span,scheme,reg_list,create_time,update_time FROM fm_user_form_item WHERE (is_hide_type <> ? AND form_key = ?)
2026-04-01 01:31:19,475 [http-nio-8999-exec-2] DEBUG [c.t.c.form.mapper.UserFormItemMapper.selectList] BaseJdbcLogger.java:137 - ==> Parameters: 1(Integer), 4VLobos0(String)
2026-04-01 01:31:19,476 [http-nio-8999-exec-2] DEBUG [c.t.c.form.mapper.UserFormItemMapper.selectList] BaseJdbcLogger.java:137 - <==      Total: 1
2026-04-01 01:31:19,477 [http-nio-8999-exec-2] DEBUG [c.t.c.form.mapper.UserFormThemeMapper.selectList] BaseJdbcLogger.java:137 - ==>  Preparing: SELECT id,form_key,logo_img,logo_position,head_img_url,theme_color,submit_btn_text,background_color,background_img,show_title,show_describe,show_number,show_submit_btn,create_time,update_time FROM fm_user_form_theme WHERE (form_key = ?)
2026-04-01 01:31:19,478 [http-nio-8999-exec-2] DEBUG [c.t.c.form.mapper.UserFormThemeMapper.selectList] BaseJdbcLogger.java:137 - ==> Parameters: 4VLobos0(String)
2026-04-01 01:31:19,479 [http-nio-8999-exec-2] DEBUG [c.t.c.form.mapper.UserFormThemeMapper.selectList] BaseJdbcLogger.java:137 - <==      Total: 0
2026-04-01 01:31:19,480 [http-nio-8999-exec-2] DEBUG [c.t.c.form.mapper.UserFormLogicMapper.selectList] BaseJdbcLogger.java:137 - ==>  Preparing: SELECT id,form_key,scheme,create_time,update_time FROM fm_user_form_logic WHERE (form_key = ?)
2026-04-01 01:31:19,480 [http-nio-8999-exec-2] DEBUG [c.t.c.form.mapper.UserFormLogicMapper.selectList] BaseJdbcLogger.java:137 - ==> Parameters: 4VLobos0(String)
2026-04-01 01:31:19,481 [http-nio-8999-exec-2] DEBUG [c.t.c.form.mapper.UserFormLogicMapper.selectList] BaseJdbcLogger.java:137 - <==      Total: 0
2026-04-01 01:31:19,531 [http-nio-8999-exec-1] DEBUG [c.t.c.account.mapper.UserTokenMapper.selectList] BaseJdbcLogger.java:137 - ==>  Preparing: SELECT id,type,user_id,expire_time,token,create_time,update_time FROM ac_user_token WHERE (token = ?)
2026-04-01 01:31:19,531 [http-nio-8999-exec-10] DEBUG [c.t.c.f.mapper.UserFormViewCountMapper.selectList] BaseJdbcLogger.java:137 - ==>  Preparing: SELECT id,form_key,count,create_time,update_time FROM fm_user_form_view_count WHERE (form_key = ?)
2026-04-01 01:31:19,531 [http-nio-8999-exec-1] DEBUG [c.t.c.account.mapper.UserTokenMapper.selectList] BaseJdbcLogger.java:137 - ==> Parameters: eyJ0eXAiOiJKV1QiLCJhbGciOiJIUzUxMiJ9.eyJzdWIiOiIxNTY3NCIsImlhdCI6MTc3NDk3ODI2MSwiZXhwIjoxNzc1NTgzMDYxfQ.7BK0RB4cGfj0FUOwFb2LOUffGH4dVmjFu0g7agsEEM9IcfIDTdkvUKOQmX2vGAUm_2Ixb6WtBhKad4wXm37hYg(String)
2026-04-01 01:31:19,531 [http-nio-8999-exec-10] DEBUG [c.t.c.f.mapper.UserFormViewCountMapper.selectList] BaseJdbcLogger.java:137 - ==> Parameters: 4VLobos0(String)
2026-04-01 01:31:19,532 [http-nio-8999-exec-10] DEBUG [c.t.c.f.mapper.UserFormViewCountMapper.selectList] BaseJdbcLogger.java:137 - <==      Total: 0
2026-04-01 01:31:19,532 [http-nio-8999-exec-1] DEBUG [c.t.c.account.mapper.UserTokenMapper.selectList] BaseJdbcLogger.java:137 - <==      Total: 1
2026-04-01 01:31:19,532 [http-nio-8999-exec-10] DEBUG [c.t.c.form.mapper.UserFormViewCountMapper.insert] BaseJdbcLogger.java:137 - ==>  Preparing: INSERT INTO fm_user_form_view_count ( form_key, count, create_time, update_time ) VALUES ( ?, ?, ?, ? )
2026-04-01 01:31:19,532 [http-nio-8999-exec-1] DEBUG [c.t.cloud.form.mapper.UserFormMapper.selectList] BaseJdbcLogger.java:137 - ==>  Preparing: SELECT id,form_key,name,description,source_type,source_id,user_id,status,type,is_deleted,is_folder,folder_id,create_time,update_time FROM fm_user_form WHERE (form_key = ?)
2026-04-01 01:31:19,533 [http-nio-8999-exec-1] DEBUG [c.t.cloud.form.mapper.UserFormMapper.selectList] BaseJdbcLogger.java:137 - ==> Parameters: 4VLobos0(String)
2026-04-01 01:31:19,533 [http-nio-8999-exec-10] DEBUG [c.t.c.form.mapper.UserFormViewCountMapper.insert] BaseJdbcLogger.java:137 - ==> Parameters: 4VLobos0(String), 1(Long), 2026-04-01T01:31:19.532(LocalDateTime), 2026-04-01T01:31:19.532(LocalDateTime)
2026-04-01 01:31:19,533 [http-nio-8999-exec-1] DEBUG [c.t.cloud.form.mapper.UserFormMapper.selectList] BaseJdbcLogger.java:137 - <==      Total: 1
2026-04-01 01:31:19,534 [http-nio-8999-exec-1] DEBUG [c.tduck.cloud.account.mapper.UserMapper.selectById] BaseJdbcLogger.java:137 - ==>  Preparing: SELECT id,name,avatar,gender,phone_number,email,password,reg_channel,last_login_channel,last_login_time,last_login_ip,deleted,password_type,create_time,update_time FROM ac_user WHERE id=?
2026-04-01 01:31:19,534 [http-nio-8999-exec-1] DEBUG [c.tduck.cloud.account.mapper.UserMapper.selectById] BaseJdbcLogger.java:137 - ==> Parameters: 1(Long)
2026-04-01 01:31:19,535 [http-nio-8999-exec-1] DEBUG [c.tduck.cloud.account.mapper.UserMapper.selectById] BaseJdbcLogger.java:137 - <==      Total: 1
2026-04-01 01:31:19,535 [http-nio-8999-exec-10] DEBUG [c.t.c.form.mapper.UserFormViewCountMapper.insert] BaseJdbcLogger.java:137 - <==    Updates: 1
2026-04-01 01:31:19,535 [http-nio-8999-exec-1] DEBUG [c.tduck.cloud.account.mapper.UserMapper.selectById] BaseJdbcLogger.java:137 - ==>  Preparing: SELECT id,name,avatar,gender,phone_number,email,password,reg_channel,last_login_channel,last_login_time,last_login_ip,deleted,password_type,create_time,update_time FROM ac_user WHERE id=?
2026-04-01 01:31:19,535 [http-nio-8999-exec-1] DEBUG [c.tduck.cloud.account.mapper.UserMapper.selectById] BaseJdbcLogger.java:137 - ==> Parameters: 1(Long)
2026-04-01 01:31:19,535 [http-nio-8999-exec-1] DEBUG [c.tduck.cloud.account.mapper.UserMapper.selectById] BaseJdbcLogger.java:137 - <==      Total: 1
2026-04-01 01:31:19,544 [http-nio-8999-exec-8] DEBUG [c.t.c.account.mapper.UserTokenMapper.selectList] BaseJdbcLogger.java:137 - ==>  Preparing: SELECT id,type,user_id,expire_time,token,create_time,update_time FROM ac_user_token WHERE (token = ?)
2026-04-01 01:31:19,545 [http-nio-8999-exec-8] DEBUG [c.t.c.account.mapper.UserTokenMapper.selectList] BaseJdbcLogger.java:137 - ==> Parameters: eyJ0eXAiOiJKV1QiLCJhbGciOiJIUzUxMiJ9.eyJzdWIiOiIxNTY3NCIsImlhdCI6MTc3NDk3ODI2MSwiZXhwIjoxNzc1NTgzMDYxfQ.7BK0RB4cGfj0FUOwFb2LOUffGH4dVmjFu0g7agsEEM9IcfIDTdkvUKOQmX2vGAUm_2Ixb6WtBhKad4wXm37hYg(String)
2026-04-01 01:31:19,545 [http-nio-8999-exec-8] DEBUG [c.t.c.account.mapper.UserTokenMapper.selectList] BaseJdbcLogger.java:137 - <==      Total: 1
2026-04-01 01:31:19,547 [http-nio-8999-exec-8] DEBUG [c.t.c.f.mapper.UserFormViewCountMapper.selectList] BaseJdbcLogger.java:137 - ==>  Preparing: SELECT id,form_key,count,create_time,update_time FROM fm_user_form_view_count WHERE (form_key = ?)
2026-04-01 01:31:19,547 [http-nio-8999-exec-8] DEBUG [c.t.c.f.mapper.UserFormViewCountMapper.selectList] BaseJdbcLogger.java:137 - ==> Parameters: 4VLobos0(String)
2026-04-01 01:31:19,548 [http-nio-8999-exec-8] DEBUG [c.t.c.f.mapper.UserFormViewCountMapper.selectList] BaseJdbcLogger.java:137 - <==      Total: 1
2026-04-01 01:31:19,548 [http-nio-8999-exec-8] DEBUG [c.t.c.form.mapper.UserFormDataMapper.selectMaps] BaseJdbcLogger.java:137 - ==>  Preparing: SELECT AVG(complete_time) as avgCompleteTime, count(1) as completeCount FROM fm_user_form_data WHERE (form_key = ?)
2026-04-01 01:31:19,548 [http-nio-8999-exec-8] DEBUG [c.t.c.form.mapper.UserFormDataMapper.selectMaps] BaseJdbcLogger.java:137 - ==> Parameters: 4VLobos0(String)
2026-04-01 01:31:19,549 [http-nio-8999-exec-8] DEBUG [c.t.c.form.mapper.UserFormDataMapper.selectMaps] BaseJdbcLogger.java:137 - <==      Total: 1
2026-04-01 01:31:32,129 [http-nio-8999-exec-9] DEBUG [c.t.cloud.form.mapper.UserFormMapper.selectList] BaseJdbcLogger.java:137 - ==>  Preparing: SELECT id,form_key,name,description,source_type,source_id,user_id,status,type,is_deleted,is_folder,folder_id,create_time,update_time FROM fm_user_form WHERE (form_key = ?)
2026-04-01 01:31:32,130 [http-nio-8999-exec-9] DEBUG [c.t.cloud.form.mapper.UserFormMapper.selectList] BaseJdbcLogger.java:137 - ==> Parameters: 4VLobos0(String)
2026-04-01 01:31:32,131 [http-nio-8999-exec-9] DEBUG [c.t.cloud.form.mapper.UserFormMapper.selectList] BaseJdbcLogger.java:137 - <==      Total: 1
2026-04-01 01:31:32,132 [http-nio-8999-exec-9] DEBUG [c.t.c.form.mapper.UserFormSettingMapper.selectList] BaseJdbcLogger.java:137 - ==>  Preparing: SELECT id,form_key,settings,create_time,update_time FROM fm_user_form_setting WHERE (form_key = ?)
2026-04-01 01:31:32,132 [http-nio-8999-exec-9] DEBUG [c.t.c.form.mapper.UserFormSettingMapper.selectList] BaseJdbcLogger.java:137 - ==> Parameters: 4VLobos0(String)
2026-04-01 01:31:32,133 [http-nio-8999-exec-9] DEBUG [c.t.c.form.mapper.UserFormSettingMapper.selectList] BaseJdbcLogger.java:137 - <==      Total: 0
2026-04-01 01:31:32,133 [http-nio-8999-exec-9] INFO  [c.t.c.api.web.controller.UserFormResultController] UserFormResultController.java:170 - 未登录用户公开提交问卷，使用提交的用户信息：userName=111, userEmail=1234@qq.com
2026-04-01 01:31:32,135 [http-nio-8999-exec-9] DEBUG [c.t.cloud.form.mapper.UserFormDataMapper.insert] BaseJdbcLogger.java:137 - ==>  Preparing: INSERT INTO fm_user_form_data ( form_key, serial_number, original_data, submit_ua, submit_os, submit_browser, submit_request_ip, submit_address, complete_time, wx_user_info, user_name, user_email, create_time, update_time ) VALUES ( ?, ?, ?, ?, ?, ?, ?, ?, ?, ?, ?, ?, ?, ? )
2026-04-01 01:31:32,137 [http-nio-8999-exec-9] DEBUG [c.t.cloud.form.mapper.UserFormDataMapper.insert] BaseJdbcLogger.java:137 - ==> Parameters: 4VLobos0(String), 1(Long), {"slider1774976733322":0}(String), {"ua":"Mozilla/5.0 (Windows NT 10.0; Win64; x64) AppleWebKit/537.36 (KHTML, like Gecko) Chrome/146.0.0.0 Safari/537.36","browser":{"name":"Chrome","version":"146.0.0.0","major":"146"},"engine":{"name":"Blink","version":"146.0.0.0"},"os":{"name":"Windows","version":"10"},"device":{},"cpu":{"architecture":"amd64"}}(String), Windows(String), Chrome(String), 127.0.0.1(String), 内网IP(String), 12913(Long), {}(String), 111(String), 1234@qq.com(String), 2026-04-01T01:31:32.135(LocalDateTime), 2026-04-01T01:31:32.135(LocalDateTime)
2026-04-01 01:31:32,141 [http-nio-8999-exec-9] DEBUG [c.t.cloud.form.mapper.UserFormDataMapper.insert] BaseJdbcLogger.java:137 - <==    Updates: 1
2026-04-01 01:31:32,144 [task-2] DEBUG [c.t.c.w.mapper.WebhookConfigMapper.selectList] BaseJdbcLogger.java:137 - ==>  Preparing: SELECT id,hook_name,source_type,source_id,url,request_type,enabled,other_options,create_time,update_time FROM webhook_config WHERE (source_type = ? AND source_id = ?)
2026-04-01 01:31:32,144 [task-2] DEBUG [c.t.c.w.mapper.WebhookConfigMapper.selectList] BaseJdbcLogger.java:137 - ==> Parameters: form(String), 4VLobos0(String)
2026-04-01 01:31:32,145 [task-2] DEBUG [c.t.c.w.mapper.WebhookConfigMapper.selectList] BaseJdbcLogger.java:137 - <==      Total: 0
2026-04-01 01:31:32,145 [task-2] DEBUG [c.t.c.w.service.listener.AddWebhookEventListener] AddWebhookEventListener.java:49 - Webhook配置不存在，忽略事件:4VLobos0
2026-04-01 01:31:32,145 [pool-2-thread-2] DEBUG [c.t.c.form.mapper.UserFormSettingMapper.selectList] BaseJdbcLogger.java:137 - ==>  Preparing: SELECT id,form_key,settings,create_time,update_time FROM fm_user_form_setting WHERE (form_key = ?)
2026-04-01 01:31:32,145 [pool-2-thread-2] DEBUG [c.t.c.form.mapper.UserFormSettingMapper.selectList] BaseJdbcLogger.java:137 - ==> Parameters: 4VLobos0(String)
2026-04-01 01:31:32,146 [pool-2-thread-2] DEBUG [c.t.c.form.mapper.UserFormSettingMapper.selectList] BaseJdbcLogger.java:137 - <==      Total: 0
2026-04-01 01:31:34,566 [http-nio-8999-exec-4] DEBUG [c.t.c.account.mapper.UserTokenMapper.selectList] BaseJdbcLogger.java:137 - ==>  Preparing: SELECT id,type,user_id,expire_time,token,create_time,update_time FROM ac_user_token WHERE (token = ?)
2026-04-01 01:31:34,567 [http-nio-8999-exec-4] DEBUG [c.t.c.account.mapper.UserTokenMapper.selectList] BaseJdbcLogger.java:137 - ==> Parameters: eyJ0eXAiOiJKV1QiLCJhbGciOiJIUzUxMiJ9.eyJzdWIiOiIxNTY3NCIsImlhdCI6MTc3NDk3ODI2MSwiZXhwIjoxNzc1NTgzMDYxfQ.7BK0RB4cGfj0FUOwFb2LOUffGH4dVmjFu0g7agsEEM9IcfIDTdkvUKOQmX2vGAUm_2Ixb6WtBhKad4wXm37hYg(String)
2026-04-01 01:31:34,568 [http-nio-8999-exec-4] DEBUG [c.t.c.account.mapper.UserTokenMapper.selectList] BaseJdbcLogger.java:137 - <==      Total: 1
2026-04-01 01:31:34,570 [http-nio-8999-exec-4] DEBUG [c.t.c.f.mapper.UserFormMapper.selectPage_mpCount] BaseJdbcLogger.java:137 - ==>  Preparing: SELECT COUNT(*) AS total FROM fm_user_form WHERE (user_id = ? AND is_deleted = ? AND folder_id = ?)
2026-04-01 01:31:34,571 [http-nio-8999-exec-4] DEBUG [c.t.c.f.mapper.UserFormMapper.selectPage_mpCount] BaseJdbcLogger.java:137 - ==> Parameters: 15674(Long), 0(Integer), 0(Long)
2026-04-01 01:31:34,572 [http-nio-8999-exec-4] DEBUG [c.t.c.f.mapper.UserFormMapper.selectPage_mpCount] BaseJdbcLogger.java:137 - <==      Total: 1
2026-04-01 01:31:34,572 [http-nio-8999-exec-4] DEBUG [c.t.cloud.form.mapper.UserFormMapper.selectPage] BaseJdbcLogger.java:137 - ==>  Preparing: SELECT id,form_key,name,description,source_type,source_id,user_id,status,type,is_deleted,is_folder,folder_id,create_time,update_time FROM fm_user_form WHERE (user_id = ? AND is_deleted = ? AND folder_id = ?) ORDER BY is_folder DESC,create_time DESC LIMIT ?
2026-04-01 01:31:34,573 [http-nio-8999-exec-4] DEBUG [c.t.cloud.form.mapper.UserFormMapper.selectPage] BaseJdbcLogger.java:137 - ==> Parameters: 15674(Long), 0(Integer), 0(Long), 12(Long)
2026-04-01 01:31:34,574 [http-nio-8999-exec-4] DEBUG [c.t.cloud.form.mapper.UserFormMapper.selectPage] BaseJdbcLogger.java:137 - <==      Total: 1
2026-04-01 01:31:39,830 [http-nio-8999-exec-3] DEBUG [c.t.c.f.mapper.UserFormMapper.selectPage_mpCount] BaseJdbcLogger.java:137 - ==>  Preparing: SELECT COUNT(*) AS total FROM fm_user_form WHERE (status = ? AND is_deleted = ?)
2026-04-01 01:31:39,831 [http-nio-8999-exec-3] DEBUG [c.t.c.f.mapper.UserFormMapper.selectPage_mpCount] BaseJdbcLogger.java:137 - ==> Parameters: 2(Integer), 0(Integer)
2026-04-01 01:31:39,831 [http-nio-8999-exec-3] DEBUG [c.t.c.f.mapper.UserFormMapper.selectPage_mpCount] BaseJdbcLogger.java:137 - <==      Total: 1
2026-04-01 01:31:39,832 [http-nio-8999-exec-3] DEBUG [c.t.cloud.form.mapper.UserFormMapper.selectPage] BaseJdbcLogger.java:137 - ==>  Preparing: SELECT id,form_key,name,description,source_type,source_id,user_id,status,type,is_deleted,is_folder,folder_id,create_time,update_time FROM fm_user_form WHERE (status = ? AND is_deleted = ?) ORDER BY create_time DESC LIMIT ?
2026-04-01 01:31:39,832 [http-nio-8999-exec-3] DEBUG [c.t.cloud.form.mapper.UserFormMapper.selectPage] BaseJdbcLogger.java:137 - ==> Parameters: 2(Integer), 0(Integer), 12(Long)
2026-04-01 01:31:39,833 [http-nio-8999-exec-3] DEBUG [c.t.cloud.form.mapper.UserFormMapper.selectPage] BaseJdbcLogger.java:137 - <==      Total: 3
2026-04-01 01:31:39,833 [http-nio-8999-exec-3] DEBUG [c.tduck.cloud.account.mapper.UserMapper.selectById] BaseJdbcLogger.java:137 - ==>  Preparing: SELECT id,name,avatar,gender,phone_number,email,password,reg_channel,last_login_channel,last_login_time,last_login_ip,deleted,password_type,create_time,update_time FROM ac_user WHERE id=?
2026-04-01 01:31:39,833 [http-nio-8999-exec-3] DEBUG [c.tduck.cloud.account.mapper.UserMapper.selectById] BaseJdbcLogger.java:137 - ==> Parameters: 1(Long)
2026-04-01 01:31:39,834 [http-nio-8999-exec-3] DEBUG [c.tduck.cloud.account.mapper.UserMapper.selectById] BaseJdbcLogger.java:137 - <==      Total: 1
2026-04-01 01:31:39,834 [http-nio-8999-exec-3] DEBUG [c.tduck.cloud.account.mapper.UserMapper.selectById] BaseJdbcLogger.java:137 - ==>  Preparing: SELECT id,name,avatar,gender,phone_number,email,password,reg_channel,last_login_channel,last_login_time,last_login_ip,deleted,password_type,create_time,update_time FROM ac_user WHERE id=?
2026-04-01 01:31:39,835 [http-nio-8999-exec-3] DEBUG [c.tduck.cloud.account.mapper.UserMapper.selectById] BaseJdbcLogger.java:137 - ==> Parameters: 1(Long)
2026-04-01 01:31:39,835 [http-nio-8999-exec-3] DEBUG [c.tduck.cloud.account.mapper.UserMapper.selectById] BaseJdbcLogger.java:137 - <==      Total: 1
2026-04-01 01:31:39,836 [http-nio-8999-exec-3] DEBUG [c.tduck.cloud.account.mapper.UserMapper.selectById] BaseJdbcLogger.java:137 - ==>  Preparing: SELECT id,name,avatar,gender,phone_number,email,password,reg_channel,last_login_channel,last_login_time,last_login_ip,deleted,password_type,create_time,update_time FROM ac_user WHERE id=?
2026-04-01 01:31:39,836 [http-nio-8999-exec-3] DEBUG [c.tduck.cloud.account.mapper.UserMapper.selectById] BaseJdbcLogger.java:137 - ==> Parameters: 1(Long)
2026-04-01 01:31:39,837 [http-nio-8999-exec-3] DEBUG [c.tduck.cloud.account.mapper.UserMapper.selectById] BaseJdbcLogger.java:137 - <==      Total: 1
2026-04-01 01:31:39,837 [http-nio-8999-exec-3] DEBUG [c.tduck.cloud.account.mapper.UserMapper.selectById] BaseJdbcLogger.java:137 - ==>  Preparing: SELECT id,name,avatar,gender,phone_number,email,password,reg_channel,last_login_channel,last_login_time,last_login_ip,deleted,password_type,create_time,update_time FROM ac_user WHERE id=?
2026-04-01 01:31:39,837 [http-nio-8999-exec-3] DEBUG [c.tduck.cloud.account.mapper.UserMapper.selectById] BaseJdbcLogger.java:137 - ==> Parameters: 1(Long)
2026-04-01 01:31:39,838 [http-nio-8999-exec-3] DEBUG [c.tduck.cloud.account.mapper.UserMapper.selectById] BaseJdbcLogger.java:137 - <==      Total: 1
2026-04-01 01:31:39,839 [http-nio-8999-exec-3] DEBUG [c.tduck.cloud.account.mapper.UserMapper.selectById] BaseJdbcLogger.java:137 - ==>  Preparing: SELECT id,name,avatar,gender,phone_number,email,password,reg_channel,last_login_channel,last_login_time,last_login_ip,deleted,password_type,create_time,update_time FROM ac_user WHERE id=?
2026-04-01 01:31:39,839 [http-nio-8999-exec-3] DEBUG [c.tduck.cloud.account.mapper.UserMapper.selectById] BaseJdbcLogger.java:137 - ==> Parameters: 15675(Long)
2026-04-01 01:31:39,840 [http-nio-8999-exec-3] DEBUG [c.tduck.cloud.account.mapper.UserMapper.selectById] BaseJdbcLogger.java:137 - <==      Total: 1
2026-04-01 01:31:39,840 [http-nio-8999-exec-3] DEBUG [c.tduck.cloud.account.mapper.UserMapper.selectById] BaseJdbcLogger.java:137 - ==>  Preparing: SELECT id,name,avatar,gender,phone_number,email,password,reg_channel,last_login_channel,last_login_time,last_login_ip,deleted,password_type,create_time,update_time FROM ac_user WHERE id=?
2026-04-01 01:31:39,840 [http-nio-8999-exec-3] DEBUG [c.tduck.cloud.account.mapper.UserMapper.selectById] BaseJdbcLogger.java:137 - ==> Parameters: 15675(Long)
2026-04-01 01:31:39,841 [http-nio-8999-exec-3] DEBUG [c.tduck.cloud.account.mapper.UserMapper.selectById] BaseJdbcLogger.java:137 - <==      Total: 1
2026-04-01 01:45:54,158 [http-nio-8999-exec-2] DEBUG [c.t.c.f.mapper.UserFormMapper.selectPage_mpCount] BaseJdbcLogger.java:137 - ==>  Preparing: SELECT COUNT(*) AS total FROM fm_user_form WHERE (status = ? AND is_deleted = ?)
2026-04-01 01:45:54,159 [http-nio-8999-exec-2] DEBUG [c.t.c.f.mapper.UserFormMapper.selectPage_mpCount] BaseJdbcLogger.java:137 - ==> Parameters: 2(Integer), 0(Integer)
2026-04-01 01:45:54,159 [http-nio-8999-exec-2] DEBUG [c.t.c.f.mapper.UserFormMapper.selectPage_mpCount] BaseJdbcLogger.java:137 - <==      Total: 1
2026-04-01 01:45:54,161 [http-nio-8999-exec-2] DEBUG [c.t.cloud.form.mapper.UserFormMapper.selectPage] BaseJdbcLogger.java:137 - ==>  Preparing: SELECT id,form_key,name,description,source_type,source_id,user_id,status,type,is_deleted,is_folder,folder_id,create_time,update_time FROM fm_user_form WHERE (status = ? AND is_deleted = ?) ORDER BY create_time DESC LIMIT ?
2026-04-01 01:45:54,162 [http-nio-8999-exec-2] DEBUG [c.t.cloud.form.mapper.UserFormMapper.selectPage] BaseJdbcLogger.java:137 - ==> Parameters: 2(Integer), 0(Integer), 12(Long)
2026-04-01 01:45:54,162 [http-nio-8999-exec-2] DEBUG [c.t.cloud.form.mapper.UserFormMapper.selectPage] BaseJdbcLogger.java:137 - <==      Total: 3
2026-04-01 01:45:54,163 [http-nio-8999-exec-2] DEBUG [c.tduck.cloud.account.mapper.UserMapper.selectById] BaseJdbcLogger.java:137 - ==>  Preparing: SELECT id,name,avatar,gender,phone_number,email,password,reg_channel,last_login_channel,last_login_time,last_login_ip,deleted,password_type,create_time,update_time FROM ac_user WHERE id=?
2026-04-01 01:45:54,164 [http-nio-8999-exec-2] DEBUG [c.tduck.cloud.account.mapper.UserMapper.selectById] BaseJdbcLogger.java:137 - ==> Parameters: 1(Long)
2026-04-01 01:45:54,168 [http-nio-8999-exec-2] DEBUG [c.tduck.cloud.account.mapper.UserMapper.selectById] BaseJdbcLogger.java:137 - <==      Total: 1
2026-04-01 01:45:54,168 [http-nio-8999-exec-2] DEBUG [c.tduck.cloud.account.mapper.UserMapper.selectById] BaseJdbcLogger.java:137 - ==>  Preparing: SELECT id,name,avatar,gender,phone_number,email,password,reg_channel,last_login_channel,last_login_time,last_login_ip,deleted,password_type,create_time,update_time FROM ac_user WHERE id=?
2026-04-01 01:45:54,170 [http-nio-8999-exec-2] DEBUG [c.tduck.cloud.account.mapper.UserMapper.selectById] BaseJdbcLogger.java:137 - ==> Parameters: 1(Long)
2026-04-01 01:45:54,172 [http-nio-8999-exec-2] DEBUG [c.tduck.cloud.account.mapper.UserMapper.selectById] BaseJdbcLogger.java:137 - <==      Total: 1
2026-04-01 01:45:54,172 [http-nio-8999-exec-2] DEBUG [c.tduck.cloud.account.mapper.UserMapper.selectById] BaseJdbcLogger.java:137 - ==>  Preparing: SELECT id,name,avatar,gender,phone_number,email,password,reg_channel,last_login_channel,last_login_time,last_login_ip,deleted,password_type,create_time,update_time FROM ac_user WHERE id=?
2026-04-01 01:45:54,173 [http-nio-8999-exec-2] DEBUG [c.tduck.cloud.account.mapper.UserMapper.selectById] BaseJdbcLogger.java:137 - ==> Parameters: 1(Long)
2026-04-01 01:45:54,174 [http-nio-8999-exec-2] DEBUG [c.tduck.cloud.account.mapper.UserMapper.selectById] BaseJdbcLogger.java:137 - <==      Total: 1
2026-04-01 01:45:54,175 [http-nio-8999-exec-2] DEBUG [c.tduck.cloud.account.mapper.UserMapper.selectById] BaseJdbcLogger.java:137 - ==>  Preparing: SELECT id,name,avatar,gender,phone_number,email,password,reg_channel,last_login_channel,last_login_time,last_login_ip,deleted,password_type,create_time,update_time FROM ac_user WHERE id=?
2026-04-01 01:45:54,176 [http-nio-8999-exec-2] DEBUG [c.tduck.cloud.account.mapper.UserMapper.selectById] BaseJdbcLogger.java:137 - ==> Parameters: 1(Long)
2026-04-01 01:45:54,178 [http-nio-8999-exec-2] DEBUG [c.tduck.cloud.account.mapper.UserMapper.selectById] BaseJdbcLogger.java:137 - <==      Total: 1
2026-04-01 01:45:54,179 [http-nio-8999-exec-2] DEBUG [c.tduck.cloud.account.mapper.UserMapper.selectById] BaseJdbcLogger.java:137 - ==>  Preparing: SELECT id,name,avatar,gender,phone_number,email,password,reg_channel,last_login_channel,last_login_time,last_login_ip,deleted,password_type,create_time,update_time FROM ac_user WHERE id=?
2026-04-01 01:45:54,182 [http-nio-8999-exec-2] DEBUG [c.tduck.cloud.account.mapper.UserMapper.selectById] BaseJdbcLogger.java:137 - ==> Parameters: 15675(Long)
2026-04-01 01:45:54,184 [http-nio-8999-exec-2] DEBUG [c.tduck.cloud.account.mapper.UserMapper.selectById] BaseJdbcLogger.java:137 - <==      Total: 1
2026-04-01 01:45:54,184 [http-nio-8999-exec-2] DEBUG [c.tduck.cloud.account.mapper.UserMapper.selectById] BaseJdbcLogger.java:137 - ==>  Preparing: SELECT id,name,avatar,gender,phone_number,email,password,reg_channel,last_login_channel,last_login_time,last_login_ip,deleted,password_type,create_time,update_time FROM ac_user WHERE id=?
2026-04-01 01:45:54,187 [http-nio-8999-exec-2] DEBUG [c.tduck.cloud.account.mapper.UserMapper.selectById] BaseJdbcLogger.java:137 - ==> Parameters: 15675(Long)
2026-04-01 01:45:54,189 [http-nio-8999-exec-2] DEBUG [c.tduck.cloud.account.mapper.UserMapper.selectById] BaseJdbcLogger.java:137 - <==      Total: 1
